#1
# Dispatch for full λ=20: heat pump 10.6 MW / storage 187 MWh / gas boiler 4.4 MW
# LCOH 18.903 EUR/MWh, total CO2 3506.8 tCO2
# col 1: time              [s]
# col 2: heat pump         [W]
# col 3: gas boiler        [W]
# col 4: storage charge    [W]   heat into the store
# col 5: storage discharge [W]   heat out of the store
# col 6: heat demand       [W]   = -(col2 + col3 + col5 - col4), negative sign convention
double dispatch(8760,6)
  0  10649000.000  0.000  1699000.000  0.000  -8950000.000
  3600  10649000.000  0.000  1752000.000  0.000  -8897000.000
  7200  10649000.000  0.000  1869000.000  0.000  -8780000.000
  10800  10649000.000  0.000  2528000.000  0.000  -8121000.000
  14400  10649000.000  0.000  1850000.000  0.000  -8799000.000
  18000  10649000.000  0.000  639000.000  0.000  -10010000.000
  21600  10649000.000  0.000  0.000  839000.000  -11488000.000
  25200  10649000.000  0.000  0.000  1008000.000  -11657000.000
  28800  10649000.000  0.000  0.000  929000.000  -11578000.000
  32400  10649000.000  0.000  0.000  815000.000  -11464000.000
  36000  10649000.000  0.000  0.000  796000.000  -11445000.000
  39600  10649000.000  0.000  0.000  793000.000  -11442000.000
  43200  10649000.000  0.000  0.000  772000.000  -11421000.000
  46800  10649000.000  0.000  0.000  1163000.000  -11812000.000
  50400  10649000.000  0.000  0.000  1303000.000  -11952000.000
  54000  10649000.000  0.000  0.000  2666000.000  -13315000.000
  57600  10649000.000  0.000  0.000  3326000.000  -13975000.000
  61200  10649000.000  0.000  0.000  2840000.000  -13489000.000
  64800  10649000.000  0.000  0.000  1799000.000  -12448000.000
  68400  10649000.000  0.000  0.000  1310000.000  -11959000.000
  72000  10649000.000  0.000  0.000  1260000.000  -11909000.000
  75600  10649000.000  0.000  0.000  1010000.000  -11659000.000
  79200  10649000.000  0.000  181000.000  0.000  -10468000.000
  82800  10649000.000  0.000  378000.000  0.000  -10271000.000
  86400  10649000.000  0.000  0.000  238000.000  -10887000.000
  90000  10649000.000  0.000  0.000  423000.000  -11072000.000
  93600  10649000.000  0.000  0.000  908000.000  -11557000.000
  97200  10649000.000  0.000  0.000  883000.000  -11532000.000
  100800  10649000.000  0.000  0.000  974000.000  -11623000.000
  104400  10649000.000  0.000  0.000  1428000.000  -12077000.000
  108000  10649000.000  0.000  0.000  1814000.000  -12463000.000
  111600  10649000.000  0.000  0.000  2671000.000  -13320000.000
  115200  10649000.000  0.000  0.000  3887000.000  -14536000.000
  118800  10649000.000  0.000  0.000  4309000.000  -14958000.000
  122400  10649000.000  0.000  0.000  3731000.000  -14380000.000
  126000  10649000.000  0.000  0.000  2390000.000  -13039000.000
  129600  10649000.000  0.000  0.000  2346000.000  -12995000.000
  133200  10649000.000  0.000  0.000  2378000.000  -13027000.000
  136800  10649000.000  0.000  0.000  3544000.000  -14193000.000
  140400  10649000.000  0.000  0.000  2798000.000  -13447000.000
  144000  10649000.000  0.000  0.000  3713000.000  -14362000.000
  147600  10649000.000  0.000  0.000  4210000.000  -14859000.000
  151200  10649000.000  0.000  0.000  4001000.000  -14650000.000
  154800  10649000.000  0.000  0.000  3948000.000  -14597000.000
  158400  10649000.000  0.000  0.000  4206000.000  -14855000.000
  162000  10649000.000  0.000  0.000  3294000.000  -13943000.000
  165600  10649000.000  0.000  0.000  2593000.000  -13242000.000
  169200  10649000.000  0.000  0.000  1997000.000  -12646000.000
  172800  10649000.000  0.000  0.000  1839000.000  -12488000.000
  176400  10649000.000  0.000  0.000  2248000.000  -12897000.000
  180000  10649000.000  0.000  0.000  2942000.000  -13591000.000
  183600  10649000.000  0.000  0.000  2691000.000  -13340000.000
  187200  10649000.000  0.000  0.000  3185000.000  -13834000.000
  190800  10649000.000  0.000  0.000  5201000.000  -15850000.000
  194400  10649000.000  0.000  0.000  6151000.000  -16800000.000
  198000  10649000.000  0.000  0.000  5786000.000  -16435000.000
  201600  10649000.000  0.000  0.000  4731000.000  -15380000.000
  205200  10649000.000  0.000  0.000  4807000.000  -15456000.000
  208800  10649000.000  0.000  0.000  4739000.000  -15388000.000
  212400  10649000.000  0.000  0.000  4364000.000  -15013000.000
  216000  10649000.000  0.000  0.000  3584000.000  -14233000.000
  219600  10649000.000  0.000  0.000  3145000.000  -13794000.000
  223200  10649000.000  0.000  0.000  3260000.000  -13909000.000
  226800  10649000.000  0.000  0.000  4078000.000  -14727000.000
  230400  10649000.000  0.000  0.000  5288000.000  -15937000.000
  234000  10649000.000  0.000  0.000  6474000.000  -17123000.000
  237600  10649000.000  0.000  0.000  6170000.000  -16819000.000
  241200  10649000.000  0.000  0.000  4807000.000  -15456000.000
  244800  10649000.000  0.000  0.000  5129000.000  -15778000.000
  248400  10649000.000  0.000  0.000  2420000.000  -13069000.000
  252000  10649000.000  0.000  0.000  1256000.000  -11905000.000
  255600  10649000.000  133690.310  0.000  512309.690  -11295000.000
  259200  10649000.000  406000.000  0.000  0.000  -11055000.000
  262800  10649000.000  0.000  58000.000  0.000  -10591000.000
  266400  10649000.000  119000.000  0.000  0.000  -10768000.000
  270000  10649000.000  509000.000  0.000  0.000  -11158000.000
  273600  10649000.000  2095000.000  0.000  0.000  -12744000.000
  277200  10649000.000  1931000.000  0.000  0.000  -12580000.000
  280800  10649000.000  3335000.000  0.000  0.000  -13984000.000
  284400  10649000.000  3427000.000  0.000  0.000  -14076000.000
  288000  10649000.000  3538962.400  182962.370  0.000  -14005000.000
  291600  10649000.000  4419387.300  0.000  148612.660  -15217000.000
  295200  10649000.000  4419387.300  0.000  91612.663  -15160000.000
  298800  10649000.000  2419000.000  0.000  0.000  -13068000.000
  302400  10649000.000  1754000.000  0.000  0.000  -12403000.000
  306000  10649000.000  1545000.000  0.000  0.000  -12194000.000
  309600  10649000.000  1955000.000  0.000  0.000  -12604000.000
  313200  10649000.000  2082000.000  0.000  0.000  -12731000.000
  316800  10649000.000  2184000.000  0.000  0.000  -12833000.000
  320400  10649000.000  2273000.000  0.000  0.000  -12922000.000
  324000  10649000.000  1951000.000  0.000  0.000  -12600000.000
  327600  10649000.000  1721000.000  0.000  0.000  -12370000.000
  331200  10649000.000  1149000.000  0.000  0.000  -11798000.000
  334800  10649000.000  868000.000  0.000  0.000  -11517000.000
  338400  10649000.000  0.000  134000.000  0.000  -10515000.000
  342000  10649000.000  0.000  589000.000  0.000  -10060000.000
  345600  10649000.000  0.000  1138000.000  0.000  -9511000.000
  349200  10649000.000  0.000  1373000.000  0.000  -9276000.000
  352800  10649000.000  0.000  1169000.000  0.000  -9480000.000
  356400  10649000.000  0.000  1103000.000  0.000  -9546000.000
  360000  10649000.000  0.000  954000.000  0.000  -9695000.000
  363600  10649000.000  0.000  0.000  56000.000  -10705000.000
  367200  10649000.000  0.000  0.000  1299000.000  -11948000.000
  370800  10649000.000  0.000  0.000  1432000.000  -12081000.000
  374400  10649000.000  0.000  0.000  1444000.000  -12093000.000
  378000  10649000.000  0.000  0.000  1302000.000  -11951000.000
  381600  10649000.000  237461.510  0.000  886538.490  -11773000.000
  385200  10649000.000  990000.000  0.000  0.000  -11639000.000
  388800  10649000.000  989000.000  0.000  0.000  -11638000.000
  392400  10649000.000  958000.000  0.000  0.000  -11607000.000
  396000  10649000.000  980000.000  0.000  0.000  -11629000.000
  399600  10649000.000  1011000.000  0.000  0.000  -11660000.000
  403200  10649000.000  1061000.000  0.000  0.000  -11710000.000
  406800  10649000.000  1031000.000  0.000  0.000  -11680000.000
  410400  10649000.000  1074000.000  0.000  0.000  -11723000.000
  414000  10649000.000  1587000.000  0.000  0.000  -12236000.000
  417600  10649000.000  1496000.000  0.000  0.000  -12145000.000
  421200  10649000.000  1361000.000  0.000  0.000  -12010000.000
  424800  10649000.000  470000.000  0.000  0.000  -11119000.000
  428400  10649000.000  0.000  467000.000  0.000  -10182000.000
  432000  10649000.000  0.000  510000.000  0.000  -10139000.000
  435600  10649000.000  0.000  0.000  4000.000  -10653000.000
  439200  10649000.000  0.000  0.000  913000.000  -11562000.000
  442800  10649000.000  706472.670  0.000  57527.326  -11413000.000
  446400  10649000.000  641000.000  0.000  0.000  -11290000.000
  450000  10649000.000  620000.000  0.000  0.000  -11269000.000
  453600  10649000.000  633000.000  0.000  0.000  -11282000.000
  457200  10649000.000  100000.000  0.000  0.000  -10749000.000
  460800  10649000.000  440000.000  0.000  0.000  -11089000.000
  464400  10649000.000  1432000.000  0.000  0.000  -12081000.000
  468000  10649000.000  1834000.000  0.000  0.000  -12483000.000
  471600  10649000.000  1809000.000  0.000  0.000  -12458000.000
  475200  10649000.000  1705000.000  0.000  0.000  -12354000.000
  478800  10649000.000  1508000.000  0.000  0.000  -12157000.000
  482400  10649000.000  1519000.000  0.000  0.000  -12168000.000
  486000  10649000.000  1454000.000  0.000  0.000  -12103000.000
  489600  10649000.000  1478000.000  0.000  0.000  -12127000.000
  493200  10649000.000  1349000.000  0.000  0.000  -11998000.000
  496800  10649000.000  1360000.000  0.000  0.000  -12009000.000
  500400  10649000.000  1324000.000  0.000  0.000  -11973000.000
  504000  10649000.000  1279000.000  0.000  0.000  -11928000.000
  507600  10649000.000  1279000.000  0.000  0.000  -11928000.000
  511200  10649000.000  85000.000  0.000  0.000  -10734000.000
  514800  10649000.000  0.000  514000.000  0.000  -10135000.000
  518400  10649000.000  0.000  1217000.000  0.000  -9432000.000
  522000  10649000.000  0.000  1910000.000  0.000  -8739000.000
  525600  10649000.000  0.000  2129000.000  0.000  -8520000.000
  529200  10649000.000  0.000  1659000.000  0.000  -8990000.000
  532800  10649000.000  0.000  0.000  318000.000  -10967000.000
  536400  10649000.000  0.000  0.000  1489000.000  -12138000.000
  540000  10649000.000  0.000  0.000  1695000.000  -12344000.000
  543600  10649000.000  0.000  0.000  1730000.000  -12379000.000
  547200  10649000.000  0.000  0.000  1200000.000  -11849000.000
  550800  10649000.000  700768.280  0.000  958231.720  -12308000.000
  554400  10649000.000  1603000.000  0.000  0.000  -12252000.000
  558000  10649000.000  1594000.000  0.000  0.000  -12243000.000
  561600  10649000.000  1602000.000  0.000  0.000  -12251000.000
  565200  10649000.000  1380000.000  0.000  0.000  -12029000.000
  568800  10649000.000  1273000.000  0.000  0.000  -11922000.000
  572400  10649000.000  1221000.000  0.000  0.000  -11870000.000
  576000  10649000.000  1569000.000  0.000  0.000  -12218000.000
  579600  10649000.000  1620000.000  0.000  0.000  -12269000.000
  583200  10649000.000  1642000.000  0.000  0.000  -12291000.000
  586800  10649000.000  1615000.000  0.000  0.000  -12264000.000
  590400  10649000.000  1209000.000  0.000  0.000  -11858000.000
  594000  10649000.000  785000.000  0.000  0.000  -11434000.000
  597600  10649000.000  0.000  733000.000  0.000  -9916000.000
  601200  10649000.000  0.000  2033000.000  0.000  -8616000.000
  604800  10649000.000  0.000  2084000.000  0.000  -8565000.000
  608400  10649000.000  0.000  1852000.000  0.000  -8797000.000
  612000  10649000.000  0.000  1221000.000  0.000  -9428000.000
  615600  10649000.000  0.000  585000.000  0.000  -10064000.000
  619200  10649000.000  0.000  0.000  453000.000  -11102000.000
  622800  10649000.000  0.000  0.000  682000.000  -11331000.000
  626400  10649000.000  0.000  0.000  788000.000  -11437000.000
  630000  10649000.000  0.000  0.000  760000.000  -11409000.000
  633600  10649000.000  0.000  0.000  1526000.000  -12175000.000
  637200  10649000.000  0.000  0.000  565000.000  -11214000.000
  640800  10649000.000  0.000  0.000  1761000.000  -12410000.000
  644400  10649000.000  0.000  0.000  1809000.000  -12458000.000
  648000  10649000.000  1470010.100  0.000  94989.923  -12214000.000
  651600  10649000.000  2324000.000  0.000  0.000  -12973000.000
  655200  10649000.000  2171000.000  0.000  0.000  -12820000.000
  658800  10649000.000  2511000.000  0.000  0.000  -13160000.000
  662400  10649000.000  3308000.000  0.000  0.000  -13957000.000
  666000  10649000.000  3064000.000  0.000  0.000  -13713000.000
  669600  10649000.000  2870000.000  0.000  0.000  -13519000.000
  673200  10649000.000  2929000.000  0.000  0.000  -13578000.000
  676800  10649000.000  2684000.000  0.000  0.000  -13333000.000
  680400  10649000.000  1766000.000  0.000  0.000  -12415000.000
  684000  10649000.000  1043000.000  0.000  0.000  -11692000.000
  687600  10649000.000  1000.000  0.000  0.000  -10650000.000
  691200  10649000.000  0.000  103000.000  0.000  -10546000.000
  694800  10649000.000  0.000  148000.000  0.000  -10501000.000
  698400  10649000.000  804353.900  0.000  250646.100  -11704000.000
  702000  10649000.000  1666000.000  0.000  0.000  -12315000.000
  705600  10649000.000  1713000.000  0.000  0.000  -12362000.000
  709200  10649000.000  2786000.000  0.000  0.000  -13435000.000
  712800  10649000.000  1498000.000  0.000  0.000  -12147000.000
  716400  10649000.000  0.000  3813000.000  0.000  -6836000.000
  720000  10649000.000  0.000  7619000.000  0.000  -3030000.000
  723600  10649000.000  0.000  4116000.000  0.000  -6533000.000
  727200  10649000.000  0.000  1271000.000  0.000  -9378000.000
  730800  10649000.000  0.000  0.000  1280000.000  -11929000.000
  734400  10649000.000  0.000  0.000  3798000.000  -14447000.000
  738000  10649000.000  1290303.600  0.000  3582696.400  -15522000.000
  741600  10649000.000  4419387.300  0.000  354612.660  -15423000.000
  745200  10649000.000  4222000.000  0.000  0.000  -14871000.000
  748800  10649000.000  4419387.300  0.000  488612.660  -15557000.000
  752400  10649000.000  4419387.300  0.000  1086612.700  -16155000.000
  756000  10649000.000  4419387.300  0.000  2875612.700  -17944000.000
  759600  10649000.000  4419387.300  0.000  2440612.700  -17509000.000
  763200  10649000.000  4419387.300  0.000  796612.660  -15865000.000
  766800  10649000.000  3093000.000  0.000  0.000  -13742000.000
  770400  10649000.000  2839000.000  0.000  0.000  -13488000.000
  774000  10649000.000  2549000.000  0.000  0.000  -13198000.000
  777600  10649000.000  1480000.000  0.000  0.000  -12129000.000
  781200  10649000.000  1560000.000  0.000  0.000  -12209000.000
  784800  10649000.000  2066000.000  0.000  0.000  -12715000.000
  788400  10649000.000  3168232.700  430232.700  0.000  -13387000.000
  792000  10649000.000  4419387.300  1308387.300  0.000  -13760000.000
  795600  10649000.000  4419387.300  547387.340  0.000  -14521000.000
  799200  10649000.000  4419387.300  0.000  211612.660  -15280000.000
  802800  10649000.000  4419387.300  0.000  678612.660  -15747000.000
  806400  10649000.000  4419387.300  0.000  742612.660  -15811000.000
  810000  10649000.000  4419387.300  0.000  644612.660  -15713000.000
  813600  10649000.000  4357000.000  0.000  0.000  -15006000.000
  817200  10649000.000  3761846.900  159846.930  0.000  -14251000.000
  820800  10649000.000  4419387.300  805387.340  0.000  -14263000.000
  824400  10649000.000  4419387.300  62387.337  0.000  -15006000.000
  828000  10649000.000  4419387.300  0.000  780612.660  -15849000.000
  831600  10649000.000  4419387.300  0.000  244612.660  -15313000.000
  835200  10649000.000  4277844.900  213844.860  0.000  -14713000.000
  838800  10649000.000  4419387.300  184387.340  0.000  -14884000.000
  842400  10649000.000  4419387.300  0.000  2612.663  -15071000.000
  846000  10649000.000  4419387.300  0.000  394612.660  -15463000.000
  849600  10649000.000  1853000.000  0.000  0.000  -12502000.000
  853200  10649000.000  1624000.000  0.000  0.000  -12273000.000
  856800  10649000.000  1535000.000  0.000  0.000  -12184000.000
  860400  10649000.000  656000.000  0.000  0.000  -11305000.000
  864000  10649000.000  0.000  647000.000  0.000  -10002000.000
  867600  10649000.000  0.000  714000.000  0.000  -9935000.000
  871200  10649000.000  0.000  746000.000  0.000  -9903000.000
  874800  10649000.000  0.000  698000.000  0.000  -9951000.000
  878400  10649000.000  0.000  149000.000  0.000  -10500000.000
  882000  10649000.000  0.000  0.000  787000.000  -11436000.000
  885600  10649000.000  879017.460  0.000  2154982.500  -13683000.000
  889200  10649000.000  3488000.000  0.000  0.000  -14137000.000
  892800  10649000.000  2396000.000  0.000  0.000  -13045000.000
  896400  10649000.000  1501000.000  0.000  0.000  -12150000.000
  900000  10649000.000  1471000.000  0.000  0.000  -12120000.000
  903600  10649000.000  1538000.000  0.000  0.000  -12187000.000
  907200  10649000.000  1394000.000  0.000  0.000  -12043000.000
  910800  10649000.000  1584000.000  0.000  0.000  -12233000.000
  914400  10649000.000  2397000.000  0.000  0.000  -13046000.000
  918000  10649000.000  2369000.000  0.000  0.000  -13018000.000
  921600  10649000.000  3388000.000  0.000  0.000  -14037000.000
  925200  10649000.000  3789000.000  0.000  0.000  -14438000.000
  928800  10649000.000  3129000.000  0.000  0.000  -13778000.000
  932400  10649000.000  2641000.000  0.000  0.000  -13290000.000
  936000  10649000.000  2358000.000  0.000  0.000  -13007000.000
  939600  10649000.000  1226000.000  0.000  0.000  -11875000.000
  943200  10649000.000  0.000  445000.000  0.000  -10204000.000
  946800  10649000.000  0.000  656000.000  0.000  -9993000.000
  950400  10649000.000  0.000  814000.000  0.000  -9835000.000
  954000  10649000.000  0.000  1053000.000  0.000  -9596000.000
  957600  10649000.000  0.000  994000.000  0.000  -9655000.000
  961200  10649000.000  0.000  929000.000  0.000  -9720000.000
  964800  10649000.000  0.000  634000.000  0.000  -10015000.000
  968400  10649000.000  0.000  0.000  441000.000  -11090000.000
  972000  10649000.000  0.000  0.000  709000.000  -11358000.000
  975600  10649000.000  0.000  0.000  791000.000  -11440000.000
  979200  10649000.000  0.000  0.000  994000.000  -11643000.000
  982800  10649000.000  0.000  0.000  2415000.000  -13064000.000
  986400  10649000.000  2398430.700  0.000  138569.320  -13186000.000
  990000  10649000.000  1941000.000  0.000  0.000  -12590000.000
  993600  10649000.000  1732000.000  0.000  0.000  -12381000.000
  997200  10649000.000  1713000.000  0.000  0.000  -12362000.000
  1000800  10649000.000  1591000.000  0.000  0.000  -12240000.000
  1004400  10649000.000  1609000.000  0.000  0.000  -12258000.000
  1008000  10649000.000  1590000.000  0.000  0.000  -12239000.000
  1011600  10649000.000  2090000.000  0.000  0.000  -12739000.000
  1015200  10649000.000  2284000.000  0.000  0.000  -12933000.000
  1018800  10649000.000  1792000.000  0.000  0.000  -12441000.000
  1022400  10649000.000  1569000.000  0.000  0.000  -12218000.000
  1026000  10649000.000  140000.000  0.000  0.000  -10789000.000
  1029600  10649000.000  0.000  599000.000  0.000  -10050000.000
  1033200  10649000.000  0.000  745000.000  0.000  -9904000.000
  1036800  10649000.000  0.000  1019000.000  0.000  -9630000.000
  1040400  10649000.000  0.000  1089000.000  0.000  -9560000.000
  1044000  10649000.000  0.000  1054000.000  0.000  -9595000.000
  1047600  10649000.000  0.000  943000.000  0.000  -9706000.000
  1051200  10649000.000  0.000  780000.000  0.000  -9869000.000
  1054800  10649000.000  0.000  0.000  13000.000  -10662000.000
  1058400  10649000.000  0.000  0.000  203000.000  -10852000.000
  1062000  10649000.000  0.000  0.000  152000.000  -10801000.000
  1065600  10649000.000  0.000  0.000  188000.000  -10837000.000
  1069200  10649000.000  0.000  0.000  739000.000  -11388000.000
  1072800  10649000.000  0.000  0.000  1372000.000  -12021000.000
  1076400  10649000.000  0.000  0.000  1735000.000  -12384000.000
  1080000  10649000.000  0.000  0.000  1658000.000  -12307000.000
  1083600  10649000.000  755806.950  0.000  111193.050  -11516000.000
  1087200  10649000.000  1171000.000  0.000  0.000  -11820000.000
  1090800  10649000.000  2382000.000  0.000  0.000  -13031000.000
  1094400  10649000.000  2399000.000  0.000  0.000  -13048000.000
  1098000  10649000.000  2043000.000  0.000  0.000  -12692000.000
  1101600  10649000.000  1845000.000  0.000  0.000  -12494000.000
  1105200  10649000.000  1888000.000  0.000  0.000  -12537000.000
  1108800  10649000.000  1831000.000  0.000  0.000  -12480000.000
  1112400  10649000.000  1278000.000  0.000  0.000  -11927000.000
  1116000  10649000.000  987000.000  0.000  0.000  -11636000.000
  1119600  10649000.000  1068000.000  0.000  0.000  -11717000.000
  1123200  10649000.000  0.000  90000.000  0.000  -10559000.000
  1126800  10649000.000  0.000  1630000.000  0.000  -9019000.000
  1130400  10649000.000  0.000  705000.000  0.000  -9944000.000
  1134000  10649000.000  1388036.700  202036.720  0.000  -11835000.000
  1137600  10649000.000  4419387.300  208387.340  0.000  -14860000.000
  1141200  10649000.000  4419387.300  0.000  779612.660  -15848000.000
  1144800  10649000.000  4419387.300  0.000  1188612.700  -16257000.000
  1148400  10649000.000  4419387.300  0.000  854612.660  -15923000.000
  1152000  10649000.000  4185000.000  0.000  0.000  -14834000.000
  1155600  10649000.000  4329000.000  0.000  0.000  -14978000.000
  1159200  10649000.000  4222000.000  0.000  0.000  -14871000.000
  1162800  10649000.000  4254000.000  0.000  0.000  -14903000.000
  1166400  10649000.000  3722000.000  0.000  0.000  -14371000.000
  1170000  10649000.000  3128000.000  0.000  0.000  -13777000.000
  1173600  10649000.000  3175000.000  0.000  0.000  -13824000.000
  1177200  10649000.000  3543000.000  0.000  0.000  -14192000.000
  1180800  10649000.000  4090000.000  0.000  0.000  -14739000.000
  1184400  10649000.000  4193000.000  0.000  0.000  -14842000.000
  1188000  10649000.000  4168000.000  0.000  0.000  -14817000.000
  1191600  10649000.000  3815000.000  0.000  0.000  -14464000.000
  1195200  10649000.000  1697000.000  0.000  0.000  -12346000.000
  1198800  10649000.000  1662000.000  0.000  0.000  -12311000.000
  1202400  10649000.000  1548000.000  0.000  0.000  -12197000.000
  1206000  10649000.000  1419000.000  0.000  0.000  -12068000.000
  1209600  10649000.000  340000.000  0.000  0.000  -10989000.000
  1213200  10649000.000  0.000  465000.000  0.000  -10184000.000
  1216800  10649000.000  0.000  35000.000  0.000  -10614000.000
  1220400  10649000.000  1221964.500  0.000  499035.470  -12370000.000
  1224000  10649000.000  1601000.000  0.000  0.000  -12250000.000
  1227600  10649000.000  2192000.000  0.000  0.000  -12841000.000
  1231200  10649000.000  3466000.000  0.000  0.000  -14115000.000
  1234800  10649000.000  3857000.000  0.000  0.000  -14506000.000
  1238400  10649000.000  2548000.000  0.000  0.000  -13197000.000
  1242000  10649000.000  2491000.000  0.000  0.000  -13140000.000
  1245600  10649000.000  2669000.000  0.000  0.000  -13318000.000
  1249200  10649000.000  2824000.000  0.000  0.000  -13473000.000
  1252800  10649000.000  1489000.000  0.000  0.000  -12138000.000
  1256400  10649000.000  3221971.700  1301971.700  0.000  -12569000.000
  1260000  10649000.000  4419387.300  1482387.300  0.000  -13586000.000
  1263600  10649000.000  4419387.300  1273387.300  0.000  -13795000.000
  1267200  10649000.000  4419387.300  1721387.300  0.000  -13347000.000
  1270800  10649000.000  4419387.300  1943387.300  0.000  -13125000.000
  1274400  10649000.000  4419387.300  2237387.300  0.000  -12831000.000
  1278000  10649000.000  4419387.300  2582387.300  0.000  -12486000.000
  1281600  10649000.000  4419387.300  2580387.300  0.000  -12488000.000
  1285200  10649000.000  4419387.300  3075387.300  0.000  -11993000.000
  1288800  10649000.000  4419387.300  3982387.300  0.000  -11086000.000
  1292400  10649000.000  4419387.300  4957387.300  0.000  -10111000.000
  1296000  10649000.000  4419387.300  4981387.300  0.000  -10087000.000
  1299600  10649000.000  4419387.300  5374387.300  0.000  -9694000.000
  1303200  10649000.000  4419387.300  5428387.300  0.000  -9640000.000
  1306800  10649000.000  4419387.300  5498387.300  0.000  -9570000.000
  1310400  10649000.000  4419387.300  4436387.300  0.000  -10632000.000
  1314000  10649000.000  4419387.300  3063387.300  0.000  -12005000.000
  1317600  10649000.000  4419387.300  2491387.300  0.000  -12577000.000
  1321200  10649000.000  4419387.300  2460387.300  0.000  -12608000.000
  1324800  10649000.000  4419387.300  2562387.300  0.000  -12506000.000
  1328400  10649000.000  4419387.300  2510387.300  0.000  -12558000.000
  1332000  10649000.000  4419387.300  2518387.300  0.000  -12550000.000
  1335600  10649000.000  4419387.300  2417387.300  0.000  -12651000.000
  1339200  10649000.000  4419387.300  2210387.300  0.000  -12858000.000
  1342800  10649000.000  4419387.300  2367387.300  0.000  -12701000.000
  1346400  10649000.000  4419387.300  2253387.300  0.000  -12815000.000
  1350000  10649000.000  4419387.300  2176387.300  0.000  -12892000.000
  1353600  10649000.000  4419387.300  1747387.300  0.000  -13321000.000
  1357200  10649000.000  4419387.300  1491387.300  0.000  -13577000.000
  1360800  10649000.000  4419387.300  1893387.300  0.000  -13175000.000
  1364400  10649000.000  4419387.300  2212387.300  0.000  -12856000.000
  1368000  10649000.000  4419387.300  2501387.300  0.000  -12567000.000
  1371600  10649000.000  4419387.300  2884387.300  0.000  -12184000.000
  1375200  10649000.000  4419387.300  4389387.300  0.000  -10679000.000
  1378800  10649000.000  4419387.300  4966387.300  0.000  -10102000.000
  1382400  10649000.000  4419387.300  5133387.300  0.000  -9935000.000
  1386000  10649000.000  4419387.300  5052387.300  0.000  -10016000.000
  1389600  10649000.000  4419387.300  4878387.300  0.000  -10190000.000
  1393200  10649000.000  4419387.300  3636387.300  0.000  -11432000.000
  1396800  10649000.000  4419387.300  2929387.300  0.000  -12139000.000
  1400400  10649000.000  4419387.300  2856387.300  0.000  -12212000.000
  1404000  10649000.000  4419387.300  1892387.300  0.000  -13176000.000
  1407600  10649000.000  4419387.300  483387.340  0.000  -14585000.000
  1411200  10649000.000  4419387.300  870387.340  0.000  -14198000.000
  1414800  10649000.000  4419387.300  2055387.300  0.000  -13013000.000
  1418400  10649000.000  4419387.300  2247387.300  0.000  -12821000.000
  1422000  10649000.000  4419387.300  2652387.300  0.000  -12416000.000
  1425600  10649000.000  4419387.300  2720387.300  0.000  -12348000.000
  1429200  10649000.000  4419387.300  2699387.300  0.000  -12369000.000
  1432800  10649000.000  4419387.300  2687387.300  0.000  -12381000.000
  1436400  10649000.000  4419387.300  1884387.300  0.000  -13184000.000
  1440000  10649000.000  4419387.300  111387.340  0.000  -14957000.000
  1443600  10649000.000  4419387.300  0.000  648612.660  -15717000.000
  1447200  10649000.000  4419387.300  0.000  2672612.700  -17741000.000
  1450800  10649000.000  4419387.300  0.000  1527612.700  -16596000.000
  1454400  10649000.000  4419387.300  293387.340  0.000  -14775000.000
  1458000  10649000.000  4419387.300  2485387.300  0.000  -12583000.000
  1461600  10649000.000  4419387.300  2621387.300  0.000  -12447000.000
  1465200  10649000.000  4419387.300  2798387.300  0.000  -12270000.000
  1468800  10649000.000  4419387.300  2679387.300  0.000  -12389000.000
  1472400  10649000.000  4419387.300  2105387.300  0.000  -12963000.000
  1476000  10649000.000  4419387.300  1613387.300  0.000  -13455000.000
  1479600  10649000.000  4419387.300  1320387.300  0.000  -13748000.000
  1483200  10649000.000  4419387.300  1145387.300  0.000  -13923000.000
  1486800  10649000.000  4419387.300  925387.340  0.000  -14143000.000
  1490400  10649000.000  4419387.300  0.000  583612.660  -15652000.000
  1494000  10649000.000  4419387.300  0.000  1660612.700  -16729000.000
  1497600  10649000.000  4419387.300  0.000  2300612.700  -17369000.000
  1501200  10649000.000  4419387.300  0.000  1932612.700  -17001000.000
  1504800  10649000.000  4419387.300  0.000  132612.660  -15201000.000
  1508400  10649000.000  4419387.300  1278387.300  0.000  -13790000.000
  1512000  10649000.000  4419387.300  1773387.300  0.000  -13295000.000
  1515600  10649000.000  4419387.300  1870387.300  0.000  -13198000.000
  1519200  10649000.000  4419387.300  1813387.300  0.000  -13255000.000
  1522800  10649000.000  4419387.300  1418387.300  0.000  -13650000.000
  1526400  10649000.000  4419387.300  265387.340  0.000  -14803000.000
  1530000  10649000.000  4419387.300  0.000  310612.660  -15379000.000
  1533600  10649000.000  4419387.300  0.000  213612.660  -15282000.000
  1537200  10649000.000  4419387.300  85387.337  0.000  -14983000.000
  1540800  10649000.000  4419387.300  214387.340  0.000  -14854000.000
  1544400  10649000.000  4419387.300  2736387.300  0.000  -12332000.000
  1548000  10649000.000  4419387.300  2858387.300  0.000  -12210000.000
  1551600  10649000.000  4419387.300  2811387.300  0.000  -12257000.000
  1555200  10649000.000  4419387.300  1875387.300  0.000  -13193000.000
  1558800  10649000.000  4419387.300  1155387.300  0.000  -13913000.000
  1562400  10649000.000  4419387.300  1286387.300  0.000  -13782000.000
  1566000  10649000.000  4419387.300  1363387.300  0.000  -13705000.000
  1569600  10649000.000  4419387.300  1331387.300  0.000  -13737000.000
  1573200  10649000.000  4419387.300  1224387.300  0.000  -13844000.000
  1576800  10649000.000  4419387.300  1265387.300  0.000  -13803000.000
  1580400  10649000.000  4419387.300  0.000  243612.660  -15312000.000
  1584000  10649000.000  4419387.300  0.000  160612.660  -15229000.000
  1587600  10649000.000  4419387.300  88387.337  0.000  -14980000.000
  1591200  10649000.000  4419387.300  106387.340  0.000  -14962000.000
  1594800  10649000.000  4419387.300  205387.340  0.000  -14863000.000
  1598400  10649000.000  4419387.300  342387.340  0.000  -14726000.000
  1602000  10649000.000  4419387.300  273387.340  0.000  -14795000.000
  1605600  10649000.000  4419387.300  173387.340  0.000  -14895000.000
  1609200  10649000.000  4419387.300  214387.340  0.000  -14854000.000
  1612800  10649000.000  4419387.300  100387.340  0.000  -14968000.000
  1616400  10649000.000  4419387.300  0.000  77612.663  -15146000.000
  1620000  10649000.000  4419387.300  0.000  1224612.700  -16293000.000
  1623600  10649000.000  4419387.300  0.000  1177612.700  -16246000.000
  1627200  10649000.000  4419387.300  0.000  189612.660  -15258000.000
  1630800  10649000.000  4419387.300  142387.340  0.000  -14926000.000
  1634400  10649000.000  4419387.300  320387.340  0.000  -14748000.000
  1638000  10649000.000  4419387.300  1019387.300  0.000  -14049000.000
  1641600  10649000.000  4419387.300  1371387.300  0.000  -13697000.000
  1645200  10649000.000  4419387.300  1473387.300  0.000  -13595000.000
  1648800  10649000.000  4419387.300  1259387.300  0.000  -13809000.000
  1652400  10649000.000  4419387.300  1358387.300  0.000  -13710000.000
  1656000  10649000.000  4419387.300  1299387.300  0.000  -13769000.000
  1659600  10649000.000  4419387.300  1401387.300  0.000  -13667000.000
  1663200  10649000.000  4419387.300  861387.340  0.000  -14207000.000
  1666800  10649000.000  4419387.300  398387.340  0.000  -14670000.000
  1670400  10649000.000  4419387.300  0.000  693612.660  -15762000.000
  1674000  10649000.000  4419387.300  0.000  936612.660  -16005000.000
  1677600  10649000.000  4419387.300  0.000  816612.660  -15885000.000
  1681200  10649000.000  4419387.300  0.000  228612.660  -15297000.000
  1684800  10649000.000  4419387.300  160387.340  0.000  -14908000.000
  1688400  10649000.000  4419387.300  1074387.300  0.000  -13994000.000
  1692000  10649000.000  4419387.300  1583387.300  0.000  -13485000.000
  1695600  10649000.000  4419387.300  1146387.300  0.000  -13922000.000
  1699200  10649000.000  4419387.300  0.000  181612.660  -15250000.000
  1702800  10649000.000  4419387.300  0.000  880612.660  -15949000.000
  1706400  10649000.000  4419387.300  0.000  778612.660  -15847000.000
  1710000  10649000.000  4419387.300  0.000  1164612.700  -16233000.000
  1713600  10649000.000  4419387.300  0.000  244612.660  -15313000.000
  1717200  10649000.000  4419387.300  168387.340  0.000  -14900000.000
  1720800  10649000.000  4419387.300  1211387.300  0.000  -13857000.000
  1724400  10649000.000  4419387.300  2012387.300  0.000  -13056000.000
  1728000  10649000.000  4419387.300  2228387.300  0.000  -12840000.000
  1731600  10649000.000  4419387.300  2158387.300  0.000  -12910000.000
  1735200  10649000.000  4419387.300  1075387.300  0.000  -13993000.000
  1738800  10649000.000  4419387.300  439387.340  0.000  -14629000.000
  1742400  10649000.000  4419387.300  0.000  304612.660  -15373000.000
  1746000  10649000.000  4419387.300  0.000  515612.660  -15584000.000
  1749600  10649000.000  4419387.300  0.000  1645612.700  -16714000.000
  1753200  10649000.000  4419387.300  0.000  1439612.700  -16508000.000
  1756800  10649000.000  4419387.300  0.000  1672612.700  -16741000.000
  1760400  10649000.000  4419387.300  0.000  1920612.700  -16989000.000
  1764000  10649000.000  4419387.300  0.000  1244612.700  -16313000.000
  1767600  10649000.000  4419387.300  541387.340  0.000  -14527000.000
  1771200  10649000.000  4419387.300  1345387.300  0.000  -13723000.000
  1774800  10649000.000  4419387.300  1603387.300  0.000  -13465000.000
  1778400  10649000.000  4419387.300  1378387.300  0.000  -13690000.000
  1782000  10649000.000  4419387.300  1816387.300  0.000  -13252000.000
  1785600  10649000.000  4419387.300  888387.340  0.000  -14180000.000
  1789200  10649000.000  4419387.300  0.000  214612.660  -15283000.000
  1792800  10649000.000  4419387.300  0.000  1012612.700  -16081000.000
  1796400  10649000.000  4419387.300  0.000  1279612.700  -16348000.000
  1800000  10649000.000  4419387.300  0.000  744612.660  -15813000.000
  1803600  10649000.000  4419387.300  1569387.300  0.000  -13499000.000
  1807200  10649000.000  4419387.300  1498387.300  0.000  -13570000.000
  1810800  10649000.000  4419387.300  1818387.300  0.000  -13250000.000
  1814400  10649000.000  4419387.300  2050387.300  0.000  -13018000.000
  1818000  10649000.000  4419387.300  2158387.300  0.000  -12910000.000
  1821600  10649000.000  4419387.300  2546387.300  0.000  -12522000.000
  1825200  10649000.000  4419387.300  2564387.300  0.000  -12504000.000
  1828800  10649000.000  4419387.300  2005387.300  0.000  -13063000.000
  1832400  10649000.000  4419387.300  1171387.300  0.000  -13897000.000
  1836000  10649000.000  4419387.300  0.000  1191612.700  -16260000.000
  1839600  10649000.000  4419387.300  0.000  828612.660  -15897000.000
  1843200  10649000.000  4419387.300  0.000  889612.660  -15958000.000
  1846800  10649000.000  4419387.300  0.000  1096612.700  -16165000.000
  1850400  10649000.000  4419387.300  0.000  903612.660  -15972000.000
  1854000  10649000.000  4419387.300  0.000  820612.660  -15889000.000
  1857600  10649000.000  4419387.300  26387.337  0.000  -15042000.000
  1861200  10649000.000  4419387.300  272387.340  0.000  -14796000.000
  1864800  10649000.000  4419387.300  472387.340  0.000  -14596000.000
  1868400  10649000.000  4419387.300  0.000  625612.660  -15694000.000
  1872000  10649000.000  4419387.300  0.000  1902612.700  -16971000.000
  1875600  10649000.000  4419387.300  0.000  1973612.700  -17042000.000
  1879200  10649000.000  4419387.300  0.000  1776612.700  -16845000.000
  1882800  10649000.000  4419387.300  0.000  1508612.700  -16577000.000
  1886400  10649000.000  4419387.300  0.000  671612.660  -15740000.000
  1890000  10649000.000  4419387.300  1045387.300  0.000  -14023000.000
  1893600  10649000.000  4419387.300  1007387.300  0.000  -14061000.000
  1897200  10649000.000  4419387.300  1051387.300  0.000  -14017000.000
  1900800  10649000.000  4419387.300  1062387.300  0.000  -14006000.000
  1904400  10649000.000  4419387.300  1048387.300  0.000  -14020000.000
  1908000  10649000.000  4419387.300  1043387.300  0.000  -14025000.000
  1911600  10649000.000  4419387.300  634387.340  0.000  -14434000.000
  1915200  10649000.000  4419387.300  0.000  33612.663  -15102000.000
  1918800  10649000.000  4419387.300  0.000  615612.660  -15684000.000
  1922400  10649000.000  4419387.300  0.000  3013612.700  -18082000.000
  1926000  10649000.000  4419387.300  0.000  3274612.700  -18343000.000
  1929600  10649000.000  4419387.300  0.000  2700612.700  -17769000.000
  1933200  10649000.000  4419387.300  0.000  2679612.700  -17748000.000
  1936800  10649000.000  4419387.300  0.000  2832612.700  -17901000.000
  1940400  10649000.000  4419387.300  0.000  2819612.700  -17888000.000
  1944000  10649000.000  4419387.300  0.000  2830612.700  -17899000.000
  1947600  10649000.000  4419387.300  0.000  2811612.700  -17880000.000
  1951200  10649000.000  4419387.300  0.000  2820612.700  -17889000.000
  1954800  10649000.000  4419387.300  0.000  2739612.700  -17808000.000
  1958400  10649000.000  4419387.300  0.000  2930612.700  -17999000.000
  1962000  10649000.000  4419387.300  0.000  3031612.700  -18100000.000
  1965600  10649000.000  4419387.300  0.000  3076612.700  -18145000.000
  1969200  10649000.000  4419387.300  0.000  2625612.700  -17694000.000
  1972800  10649000.000  4419387.300  0.000  1773612.700  -16842000.000
  1976400  10649000.000  4419387.300  0.000  1047612.700  -16116000.000
  1980000  10649000.000  4419387.300  0.000  826612.660  -15895000.000
  1983600  10649000.000  4419387.300  0.000  177612.660  -15246000.000
  1987200  10649000.000  4419387.300  0.000  395612.660  -15464000.000
  1990800  10649000.000  4419387.300  0.000  448612.660  -15517000.000
  1994400  10649000.000  4419387.300  43387.337  0.000  -15025000.000
  1998000  10649000.000  4419387.300  264387.340  0.000  -14804000.000
  2001600  10649000.000  4419387.300  0.000  217612.660  -15286000.000
  2005200  10649000.000  4419387.300  0.000  1357612.700  -16426000.000
  2008800  10649000.000  4419387.300  0.000  3457612.700  -18526000.000
  2012400  10649000.000  4419387.300  0.000  4931612.700  -20000000.000
  2016000  10649000.000  4419387.300  0.000  4875612.700  -19944000.000
  2019600  10649000.000  4419387.300  0.000  4603612.700  -19672000.000
  2023200  10649000.000  4419387.300  0.000  4559612.700  -19628000.000
  2026800  10649000.000  4419387.300  0.000  4349612.700  -19418000.000
  2030400  10649000.000  4419387.300  0.000  3976612.700  -19045000.000
  2034000  10649000.000  4419387.300  0.000  3873612.700  -18942000.000
  2037600  10649000.000  4419387.300  0.000  3558612.700  -18627000.000
  2041200  10649000.000  4419387.300  0.000  3815612.700  -18884000.000
  2044800  10649000.000  4419387.300  0.000  4360612.700  -19429000.000
  2048400  10649000.000  4419387.300  0.000  4713612.700  -19782000.000
  2052000  10649000.000  4419387.300  0.000  3956612.700  -19025000.000
  2055600  10649000.000  4419387.300  0.000  3506612.700  -18575000.000
  2059200  10649000.000  4419387.300  0.000  2816612.700  -17885000.000
  2062800  10649000.000  4419387.300  0.000  1678612.700  -16747000.000
  2066400  10649000.000  4419387.300  0.000  1054612.700  -16123000.000
  2070000  10649000.000  4419387.300  0.000  398612.660  -15467000.000
  2073600  10649000.000  4419387.300  41387.337  0.000  -15027000.000
  2077200  10649000.000  4419387.300  27387.337  0.000  -15041000.000
  2080800  10649000.000  4419387.300  0.000  50612.663  -15119000.000
  2084400  10649000.000  4419387.300  0.000  631612.660  -15700000.000
  2088000  10649000.000  4419387.300  0.000  1115612.700  -16184000.000
  2091600  10649000.000  4419387.300  0.000  1506612.700  -16575000.000
  2095200  10649000.000  4419387.300  0.000  3123612.700  -18192000.000
  2098800  10649000.000  4419387.300  0.000  4589612.700  -19658000.000
  2102400  10649000.000  4419387.300  0.000  4614612.700  -19683000.000
  2106000  10649000.000  4419387.300  0.000  4497612.700  -19566000.000
  2109600  10649000.000  4419387.300  0.000  3907612.700  -18976000.000
  2113200  10649000.000  4419387.300  0.000  2849612.700  -17918000.000
  2116800  10649000.000  4419387.300  0.000  2867612.700  -17936000.000
  2120400  10649000.000  4419387.300  0.000  2114612.700  -17183000.000
  2124000  10649000.000  4419387.300  0.000  2228612.700  -17297000.000
  2127600  10649000.000  4419387.300  0.000  3044612.700  -18113000.000
  2131200  10649000.000  4419387.300  0.000  3998612.700  -19067000.000
  2134800  10649000.000  4419387.300  0.000  4306612.700  -19375000.000
  2138400  10649000.000  4419387.300  0.000  3953612.700  -19022000.000
  2142000  10649000.000  4419387.300  0.000  3836612.700  -18905000.000
  2145600  10649000.000  4419387.300  0.000  2829612.700  -17898000.000
  2149200  10649000.000  4419387.300  0.000  2226612.700  -17295000.000
  2152800  10649000.000  4419387.300  0.000  972612.660  -16041000.000
  2156400  10649000.000  4174000.000  0.000  0.000  -14823000.000
  2160000  10649000.000  3474000.000  0.000  0.000  -14123000.000
  2163600  10649000.000  2511000.000  0.000  0.000  -13160000.000
  2167200  10649000.000  2803000.000  0.000  0.000  -13452000.000
  2170800  10649000.000  3603080.200  539080.190  0.000  -13713000.000
  2174400  10649000.000  4419387.300  479387.340  0.000  -14589000.000
  2178000  10649000.000  4419387.300  0.000  108612.660  -15177000.000
  2181600  10649000.000  4419387.300  2579387.300  0.000  -12489000.000
  2185200  10649000.000  4419387.300  0.000  1541612.700  -16610000.000
  2188800  10649000.000  4419387.300  0.000  1247612.700  -16316000.000
  2192400  10649000.000  4419387.300  0.000  55612.663  -15124000.000
  2196000  10649000.000  4419387.300  53387.337  0.000  -15015000.000
  2199600  10649000.000  4419387.300  486387.340  0.000  -14582000.000
  2203200  10649000.000  4419387.300  376387.340  0.000  -14692000.000
  2206800  10649000.000  4419387.300  0.000  285612.660  -15354000.000
  2210400  10649000.000  4419387.300  0.000  354612.660  -15423000.000
  2214000  10649000.000  4419387.300  0.000  559612.660  -15628000.000
  2217600  10649000.000  4419387.300  0.000  4612.663  -15073000.000
  2221200  10649000.000  4419387.300  170387.340  0.000  -14898000.000
  2224800  10649000.000  4419387.300  0.000  233612.660  -15302000.000
  2228400  10649000.000  4419387.300  0.000  276612.660  -15345000.000
  2232000  10649000.000  3922000.000  0.000  0.000  -14571000.000
  2235600  10649000.000  2612000.000  0.000  0.000  -13261000.000
  2239200  10649000.000  1682000.000  0.000  0.000  -12331000.000
  2242800  10649000.000  1074000.000  0.000  0.000  -11723000.000
  2246400  10649000.000  946000.000  0.000  0.000  -11595000.000
  2250000  10649000.000  969000.000  0.000  0.000  -11618000.000
  2253600  10649000.000  946000.000  0.000  0.000  -11595000.000
  2257200  10649000.000  904000.000  0.000  0.000  -11553000.000
  2260800  10649000.000  1050000.000  0.000  0.000  -11699000.000
  2264400  10649000.000  1253000.000  0.000  0.000  -11902000.000
  2268000  10649000.000  1221000.000  0.000  0.000  -11870000.000
  2271600  10649000.000  1513000.000  0.000  0.000  -12162000.000
  2275200  10649000.000  3560745.900  303745.900  0.000  -13906000.000
  2278800  10649000.000  4419387.300  0.000  86612.663  -15155000.000
  2282400  10649000.000  4419387.300  0.000  216612.660  -15285000.000
  2286000  10649000.000  3874000.000  0.000  0.000  -14523000.000
  2289600  10649000.000  3541000.000  0.000  0.000  -14190000.000
  2293200  10649000.000  3477000.000  0.000  0.000  -14126000.000
  2296800  10649000.000  2549000.000  0.000  0.000  -13198000.000
  2300400  10649000.000  2264000.000  0.000  0.000  -12913000.000
  2304000  10649000.000  2316000.000  0.000  0.000  -12965000.000
  2307600  10649000.000  2386000.000  0.000  0.000  -13035000.000
  2311200  10649000.000  2926000.000  0.000  0.000  -13575000.000
  2314800  10649000.000  2928000.000  0.000  0.000  -13577000.000
  2318400  10649000.000  2906000.000  0.000  0.000  -13555000.000
  2322000  10649000.000  2522000.000  0.000  -0.000  -13171000.000
  2325600  10649000.000  2613000.000  0.000  0.000  -13262000.000
  2329200  10649000.000  2641000.000  0.000  -0.000  -13290000.000
  2332800  10649000.000  2499000.000  0.000  0.000  -13148000.000
  2336400  10649000.000  1840000.000  0.000  0.000  -12489000.000
  2340000  10649000.000  1671000.000  0.000  0.000  -12320000.000
  2343600  10649000.000  1628000.000  0.000  0.000  -12277000.000
  2347200  10649000.000  1780000.000  0.000  0.000  -12429000.000
  2350800  10649000.000  2052000.000  0.000  0.000  -12701000.000
  2354400  10649000.000  3803063.100  821063.090  0.000  -13631000.000
  2358000  10649000.000  4419387.300  838387.340  0.000  -14230000.000
  2361600  10649000.000  4419387.300  890387.340  0.000  -14178000.000
  2365200  10649000.000  4419387.300  549387.340  0.000  -14519000.000
  2368800  10649000.000  4419387.300  559387.340  0.000  -14509000.000
  2372400  10649000.000  4419387.300  664387.340  0.000  -14404000.000
  2376000  10649000.000  4419387.300  1187387.300  0.000  -13881000.000
  2379600  10649000.000  4419387.300  1226387.300  0.000  -13842000.000
  2383200  10649000.000  4419387.300  876387.340  0.000  -14192000.000
  2386800  10649000.000  4419387.300  0.000  673612.660  -15742000.000
  2390400  10649000.000  4419387.300  0.000  953612.660  -16022000.000
  2394000  10649000.000  4419387.300  0.000  1377612.700  -16446000.000
  2397600  10649000.000  4419387.300  0.000  1999612.700  -17068000.000
  2401200  10649000.000  4419387.300  0.000  1199612.700  -16268000.000
  2404800  10649000.000  4419387.300  0.000  299612.660  -15368000.000
  2408400  10649000.000  4419387.300  0.000  200612.660  -15269000.000
  2412000  10649000.000  4419387.300  1032387.300  0.000  -14036000.000
  2415600  10649000.000  4419387.300  2285387.300  0.000  -12783000.000
  2419200  10649000.000  4419387.300  2779387.300  0.000  -12289000.000
  2422800  10649000.000  4419387.300  2481387.300  0.000  -12587000.000
  2426400  10649000.000  4419387.300  2019387.300  0.000  -13049000.000
  2430000  10649000.000  4419387.300  871387.340  0.000  -14197000.000
  2433600  10649000.000  4419387.300  65387.337  0.000  -15003000.000
  2437200  10649000.000  4419387.300  0.000  800612.660  -15869000.000
  2440800  10649000.000  4419387.300  0.000  1445612.700  -16514000.000
  2444400  10649000.000  4419387.300  0.000  1725612.700  -16794000.000
  2448000  10649000.000  4419387.300  0.000  1517612.700  -16586000.000
  2451600  10649000.000  4419387.300  0.000  191612.660  -15260000.000
  2455200  10649000.000  4419387.300  189387.340  0.000  -14879000.000
  2458800  10649000.000  4419387.300  5387.337  0.000  -15063000.000
  2462400  10649000.000  4419387.300  31387.337  0.000  -15037000.000
  2466000  10649000.000  4419387.300  0.000  40612.663  -15109000.000
  2469600  10649000.000  4419387.300  328387.340  0.000  -14740000.000
  2473200  10649000.000  4419387.300  411387.340  0.000  -14657000.000
  2476800  10649000.000  4419387.300  57387.337  0.000  -15011000.000
  2480400  10649000.000  4419387.300  0.000  935612.660  -16004000.000
  2484000  10649000.000  4419387.300  0.000  1084612.700  -16153000.000
  2487600  10649000.000  4419387.300  0.000  915612.660  -15984000.000
  2491200  10649000.000  4419387.300  39387.337  0.000  -15029000.000
  2494800  10649000.000  4419387.300  1522387.300  0.000  -13546000.000
  2498400  10649000.000  4419387.300  2566387.300  0.000  -12502000.000
  2502000  10649000.000  4419387.300  2362387.300  0.000  -12706000.000
  2505600  10649000.000  4419387.300  2163387.300  0.000  -12905000.000
  2509200  10649000.000  4419387.300  1999387.300  0.000  -13069000.000
  2512800  10649000.000  4419387.300  1888387.300  0.000  -13180000.000
  2516400  10649000.000  4419387.300  1718387.300  0.000  -13350000.000
  2520000  10649000.000  4419387.300  562387.340  0.000  -14506000.000
  2523600  10649000.000  4419387.300  190387.340  0.000  -14878000.000
  2527200  10649000.000  4419387.300  0.000  194612.660  -15263000.000
  2530800  10649000.000  4419387.300  0.000  1500612.700  -16569000.000
  2534400  10649000.000  4419387.300  0.000  2362612.700  -17431000.000
  2538000  10649000.000  4419387.300  0.000  1981612.700  -17050000.000
  2541600  10649000.000  4419387.300  0.000  1473612.700  -16542000.000
  2545200  10649000.000  4419387.300  0.000  81612.663  -15150000.000
  2548800  10649000.000  4419387.300  861387.340  0.000  -14207000.000
  2552400  10649000.000  4419387.300  704387.340  0.000  -14364000.000
  2556000  10649000.000  4419387.300  0.000  715612.660  -15784000.000
  2559600  10649000.000  4419387.300  0.000  364612.660  -15433000.000
  2563200  10649000.000  4419387.300  0.000  918612.660  -15987000.000
  2566800  10649000.000  4419387.300  0.000  1483612.700  -16552000.000
  2570400  10649000.000  4419387.300  0.000  1517612.700  -16586000.000
  2574000  10649000.000  4419387.300  0.000  1278612.700  -16347000.000
  2577600  10649000.000  4419387.300  0.000  640612.660  -15709000.000
  2581200  10649000.000  4419387.300  0.000  55612.663  -15124000.000
  2584800  10649000.000  4419387.300  1151387.300  0.000  -13917000.000
  2588400  10649000.000  4419387.300  1641387.300  0.000  -13427000.000
  2592000  10649000.000  4419387.300  2503387.300  0.000  -12565000.000
  2595600  10649000.000  4419387.300  2418387.300  0.000  -12650000.000
  2599200  10649000.000  4419387.300  2168387.300  0.000  -12900000.000
  2602800  10649000.000  4419387.300  1820387.300  0.000  -13248000.000
  2606400  10649000.000  4419387.300  1173387.300  0.000  -13895000.000
  2610000  10649000.000  4419387.300  384387.340  0.000  -14684000.000
  2613600  10649000.000  4419387.300  0.000  814612.660  -15883000.000
  2617200  10649000.000  4419387.300  0.000  1147612.700  -16216000.000
  2620800  10649000.000  4419387.300  0.000  1195612.700  -16264000.000
  2624400  10649000.000  4419387.300  0.000  1178612.700  -16247000.000
  2628000  10649000.000  4419387.300  0.000  943612.660  -16012000.000
  2631600  10649000.000  4419387.300  0.000  922612.660  -15991000.000
  2635200  10649000.000  4419387.300  0.000  659612.660  -15728000.000
  2638800  10649000.000  4419387.300  0.000  54612.663  -15123000.000
  2642400  10649000.000  4419387.300  0.000  749612.660  -15818000.000
  2646000  10649000.000  4419387.300  0.000  1643612.700  -16712000.000
  2649600  10649000.000  4419387.300  0.000  1855612.700  -16924000.000
  2653200  10649000.000  4419387.300  0.000  1559612.700  -16628000.000
  2656800  10649000.000  4419387.300  0.000  749612.660  -15818000.000
  2660400  10649000.000  4419387.300  0.000  520612.660  -15589000.000
  2664000  10649000.000  4419387.300  0.000  129612.660  -15198000.000
  2667600  10649000.000  4419387.300  138387.340  0.000  -14930000.000
  2671200  10649000.000  4419387.300  810387.340  0.000  -14258000.000
  2674800  10649000.000  4419387.300  2167387.300  0.000  -12901000.000
  2678400  10649000.000  4419387.300  2413387.300  0.000  -12655000.000
  2682000  10649000.000  4419387.300  2131387.300  0.000  -12937000.000
  2685600  10649000.000  4419387.300  1943387.300  0.000  -13125000.000
  2689200  10649000.000  4419387.300  1397387.300  0.000  -13671000.000
  2692800  10649000.000  4419387.300  664387.340  0.000  -14404000.000
  2696400  10649000.000  4419387.300  52387.337  0.000  -15016000.000
  2700000  10649000.000  4419387.300  0.000  1022612.700  -16091000.000
  2703600  10649000.000  4419387.300  0.000  1643612.700  -16712000.000
  2707200  10649000.000  4419387.300  0.000  2737612.700  -17806000.000
  2710800  10649000.000  4419387.300  0.000  2482612.700  -17551000.000
  2714400  10649000.000  4419387.300  0.000  1280612.700  -16349000.000
  2718000  10649000.000  4419387.300  0.000  410612.660  -15479000.000
  2721600  10649000.000  4419387.300  0.000  449612.660  -15518000.000
  2725200  10649000.000  4419387.300  0.000  383612.660  -15452000.000
  2728800  10649000.000  4419387.300  0.000  589612.660  -15658000.000
  2732400  10649000.000  4419387.300  0.000  885612.660  -15954000.000
  2736000  10649000.000  4419387.300  0.000  1737612.700  -16806000.000
  2739600  10649000.000  4419387.300  0.000  1869612.700  -16938000.000
  2743200  10649000.000  4419387.300  0.000  1144612.700  -16213000.000
  2746800  10649000.000  4352000.000  0.000  0.000  -15001000.000
  2750400  10649000.000  3833000.000  0.000  0.000  -14482000.000
  2754000  10649000.000  2626000.000  0.000  0.000  -13275000.000
  2757600  10649000.000  2200000.000  0.000  0.000  -12849000.000
  2761200  10649000.000  2572000.000  0.000  0.000  -13221000.000
  2764800  10649000.000  2508000.000  0.000  0.000  -13157000.000
  2768400  10649000.000  2056000.000  0.000  0.000  -12705000.000
  2772000  10649000.000  1098000.000  0.000  0.000  -11747000.000
  2775600  10649000.000  1306000.000  0.000  0.000  -11955000.000
  2779200  10649000.000  3695373.500  1713373.500  0.000  -12631000.000
  2782800  10649000.000  4419387.300  902387.340  0.000  -14166000.000
  2786400  10649000.000  4419387.300  0.000  35612.663  -15104000.000
  2790000  10649000.000  4419387.300  0.000  175612.660  -15244000.000
  2793600  10649000.000  4419387.300  0.000  471612.660  -15540000.000
  2797200  10649000.000  4419387.300  0.000  680612.660  -15749000.000
  2800800  10649000.000  4419387.300  0.000  620612.660  -15689000.000
  2804400  10649000.000  4419387.300  0.000  618612.660  -15687000.000
  2808000  10649000.000  3906000.000  0.000  0.000  -14555000.000
  2811600  10649000.000  3940281.700  197281.690  0.000  -14392000.000
  2815200  10649000.000  4419387.300  150387.340  0.000  -14918000.000
  2818800  10649000.000  4419387.300  363387.340  0.000  -14705000.000
  2822400  10649000.000  4419387.300  185387.340  0.000  -14883000.000
  2826000  10649000.000  4419387.300  56387.337  0.000  -15012000.000
  2829600  10649000.000  4419387.300  0.000  245612.660  -15314000.000
  2833200  10649000.000  4419387.300  0.000  515612.660  -15584000.000
  2836800  10649000.000  4419387.300  0.000  187612.660  -15256000.000
  2840400  10649000.000  3236000.000  0.000  0.000  -13885000.000
  2844000  10649000.000  2711000.000  0.000  0.000  -13360000.000
  2847600  10649000.000  2554000.000  0.000  0.000  -13203000.000
  2851200  10649000.000  2565000.000  0.000  0.000  -13214000.000
  2854800  10649000.000  2210000.000  0.000  0.000  -12859000.000
  2858400  10649000.000  1993000.000  0.000  0.000  -12642000.000
  2862000  10649000.000  1981000.000  0.000  0.000  -12630000.000
  2865600  10649000.000  1993000.000  0.000  0.000  -12642000.000
  2869200  10649000.000  4121483.300  1016483.300  0.000  -13754000.000
  2872800  10649000.000  4419387.300  339387.340  0.000  -14729000.000
  2876400  10649000.000  4419387.300  463387.340  0.000  -14605000.000
  2880000  10649000.000  4419387.300  0.000  970612.660  -16039000.000
  2883600  10649000.000  4419387.300  0.000  843612.660  -15912000.000
  2887200  10649000.000  4029000.000  0.000  0.000  -14678000.000
  2890800  10649000.000  2023000.000  0.000  0.000  -12672000.000
  2894400  10649000.000  1617000.000  0.000  0.000  -12266000.000
  2898000  10649000.000  1459000.000  0.000  0.000  -12108000.000
  2901600  10649000.000  2188000.000  0.000  0.000  -12837000.000
  2905200  10649000.000  3650833.700  853833.670  0.000  -13446000.000
  2908800  10649000.000  4419387.300  471387.340  0.000  -14597000.000
  2912400  10649000.000  4419387.300  106387.340  0.000  -14962000.000
  2916000  10649000.000  4419387.300  0.000  652612.660  -15721000.000
  2919600  10649000.000  4419387.300  0.000  774612.660  -15843000.000
  2923200  10649000.000  4162000.000  0.000  0.000  -14811000.000
  2926800  10649000.000  1855000.000  0.000  0.000  -12504000.000
  2930400  10649000.000  2516013.500  33013.549  0.000  -13132000.000
  2934000  10649000.000  4419387.300  2025387.300  0.000  -13043000.000
  2937600  10649000.000  4419387.300  2353387.300  0.000  -12715000.000
  2941200  10649000.000  4419387.300  2245387.300  0.000  -12823000.000
  2944800  10649000.000  4419387.300  1653387.300  0.000  -13415000.000
  2948400  10649000.000  4419387.300  1060387.300  0.000  -14008000.000
  2952000  10649000.000  4419387.300  641387.340  0.000  -14427000.000
  2955600  10649000.000  4419387.300  290387.340  0.000  -14778000.000
  2959200  10649000.000  4419387.300  0.000  1591612.700  -16660000.000
  2962800  10649000.000  4419387.300  0.000  1655612.700  -16724000.000
  2966400  10649000.000  4419387.300  0.000  1024612.700  -16093000.000
  2970000  10649000.000  4419387.300  0.000  491612.660  -15560000.000
  2973600  10649000.000  4419387.300  0.000  74612.663  -15143000.000
  2977200  10649000.000  4419387.300  0.000  11612.663  -15080000.000
  2980800  10649000.000  4419387.300  102387.340  0.000  -14966000.000
  2984400  10649000.000  4419387.300  200387.340  0.000  -14868000.000
  2988000  10649000.000  4419387.300  0.000  82612.663  -15151000.000
  2991600  10649000.000  4419387.300  0.000  710612.660  -15779000.000
  2995200  10649000.000  4419387.300  0.000  604612.660  -15673000.000
  2998800  10649000.000  4419387.300  0.000  966612.660  -16035000.000
  3002400  10649000.000  4419387.300  0.000  1925612.700  -16994000.000
  3006000  10649000.000  4419387.300  0.000  1126612.700  -16195000.000
  3009600  10649000.000  4419387.300  0.000  219612.660  -15288000.000
  3013200  10649000.000  2528000.000  0.000  0.000  -13177000.000
  3016800  10649000.000  2214000.000  0.000  0.000  -12863000.000
  3020400  10649000.000  2012000.000  0.000  0.000  -12661000.000
  3024000  10649000.000  2008000.000  0.000  0.000  -12657000.000
  3027600  10649000.000  1983000.000  0.000  0.000  -12632000.000
  3031200  10649000.000  1975000.000  0.000  0.000  -12624000.000
  3034800  10649000.000  2093000.000  0.000  0.000  -12742000.000
  3038400  10649000.000  2297000.000  0.000  0.000  -12946000.000
  3042000  10649000.000  3735262.000  1069262.000  0.000  -13315000.000
  3045600  10649000.000  4419387.300  0.000  242612.660  -15311000.000
  3049200  10649000.000  4419387.300  0.000  295612.660  -15364000.000
  3052800  10649000.000  4419387.300  0.000  528612.660  -15597000.000
  3056400  10649000.000  4324000.000  0.000  0.000  -14973000.000
  3060000  10649000.000  3966000.000  0.000  0.000  -14615000.000
  3063600  10649000.000  1590000.000  0.000  0.000  -12239000.000
  3067200  10649000.000  1684000.000  0.000  0.000  -12333000.000
  3070800  10649000.000  2661000.000  0.000  0.000  -13310000.000
  3074400  10649000.000  3148000.000  0.000  0.000  -13797000.000
  3078000  10649000.000  3867000.000  0.000  0.000  -14516000.000
  3081600  10649000.000  3547000.000  0.000  0.000  -14196000.000
  3085200  10649000.000  3058000.000  0.000  0.000  -13707000.000
  3088800  10649000.000  2857000.000  0.000  0.000  -13506000.000
  3092400  10649000.000  3114000.000  0.000  0.000  -13763000.000
  3096000  10649000.000  1648000.000  0.000  0.000  -12297000.000
  3099600  10649000.000  2290000.000  0.000  0.000  -12939000.000
  3103200  10649000.000  2094000.000  0.000  0.000  -12743000.000
  3106800  10649000.000  1511000.000  0.000  0.000  -12160000.000
  3110400  10649000.000  1582000.000  0.000  0.000  -12231000.000
  3114000  10649000.000  1946000.000  0.000  0.000  -12595000.000
  3117600  10649000.000  1586000.000  0.000  0.000  -12235000.000
  3121200  10649000.000  1613000.000  0.000  0.000  -12262000.000
  3124800  10649000.000  1640000.000  0.000  0.000  -12289000.000
  3128400  10649000.000  2416775.400  162775.440  0.000  -12903000.000
  3132000  10649000.000  4419387.300  0.000  162612.660  -15231000.000
  3135600  10649000.000  3822000.000  0.000  0.000  -14471000.000
  3139200  10649000.000  4128000.000  0.000  0.000  -14777000.000
  3142800  10649000.000  4302000.000  0.000  0.000  -14951000.000
  3146400  10649000.000  4140000.000  0.000  0.000  -14789000.000
  3150000  10649000.000  3594000.000  0.000  0.000  -14243000.000
  3153600  10649000.000  3381000.000  0.000  0.000  -14030000.000
  3157200  10649000.000  3706000.000  0.000  0.000  -14355000.000
  3160800  10649000.000  3624000.000  0.000  0.000  -14273000.000
  3164400  10649000.000  3638697.400  84697.360  0.000  -14203000.000
  3168000  10649000.000  4419387.300  0.000  84612.663  -15153000.000
  3171600  10649000.000  4054000.000  0.000  0.000  -14703000.000
  3175200  10649000.000  3906000.000  0.000  0.000  -14555000.000
  3178800  10649000.000  3841000.000  0.000  0.000  -14490000.000
  3182400  10649000.000  2517000.000  0.000  0.000  -13166000.000
  3186000  10649000.000  1452000.000  0.000  0.000  -12101000.000
  3189600  10649000.000  0.000  365000.000  0.000  -10284000.000
  3193200  10649000.000  0.000  1069000.000  0.000  -9580000.000
  3196800  10649000.000  0.000  438000.000  0.000  -10211000.000
  3200400  10649000.000  0.000  338000.000  0.000  -10311000.000
  3204000  10649000.000  0.000  115000.000  0.000  -10534000.000
  3207600  10649000.000  0.000  0.000  432000.000  -11081000.000
  3211200  10649000.000  0.000  0.000  1264000.000  -11913000.000
  3214800  10649000.000  741698.020  0.000  618301.980  -12009000.000
  3218400  10649000.000  3026000.000  0.000  0.000  -13675000.000
  3222000  10649000.000  3882000.000  0.000  0.000  -14531000.000
  3225600  10649000.000  3466000.000  0.000  0.000  -14115000.000
  3229200  10649000.000  2604000.000  0.000  0.000  -13253000.000
  3232800  10649000.000  2004000.000  0.000  0.000  -12653000.000
  3236400  10649000.000  2052000.000  0.000  0.000  -12701000.000
  3240000  10649000.000  1412000.000  0.000  0.000  -12061000.000
  3243600  10649000.000  1926000.000  0.000  0.000  -12575000.000
  3247200  10649000.000  2140000.000  0.000  0.000  -12789000.000
  3250800  10649000.000  2106000.000  0.000  0.000  -12755000.000
  3254400  10649000.000  2078000.000  0.000  0.000  -12727000.000
  3258000  10649000.000  1759000.000  0.000  0.000  -12408000.000
  3261600  10649000.000  1340000.000  0.000  0.000  -11989000.000
  3265200  10649000.000  3522000.000  0.000  0.000  -14171000.000
  3268800  10649000.000  3308000.000  0.000  0.000  -13957000.000
  3272400  10649000.000  2291000.000  0.000  0.000  -12940000.000
  3276000  10649000.000  1218000.000  0.000  0.000  -11867000.000
  3279600  10649000.000  168000.000  0.000  0.000  -10817000.000
  3283200  10649000.000  0.000  253000.000  0.000  -10396000.000
  3286800  10649000.000  0.000  522000.000  0.000  -10127000.000
  3290400  10649000.000  0.000  335000.000  0.000  -10314000.000
  3294000  10649000.000  0.000  0.000  507000.000  -11156000.000
  3297600  10649000.000  517737.580  0.000  600262.420  -11767000.000
  3301200  10649000.000  1642000.000  0.000  0.000  -12291000.000
  3304800  10649000.000  2680000.000  0.000  0.000  -13329000.000
  3308400  10649000.000  3298000.000  0.000  0.000  -13947000.000
  3312000  10649000.000  3201000.000  0.000  0.000  -13850000.000
  3315600  10649000.000  2893000.000  0.000  0.000  -13542000.000
  3319200  10649000.000  2577000.000  0.000  0.000  -13226000.000
  3322800  10649000.000  1944000.000  0.000  0.000  -12593000.000
  3326400  10649000.000  1647000.000  0.000  0.000  -12296000.000
  3330000  10649000.000  1676000.000  0.000  0.000  -12325000.000
  3333600  10649000.000  1774000.000  0.000  0.000  -12423000.000
  3337200  10649000.000  2786000.000  0.000  0.000  -13435000.000
  3340800  10649000.000  2532000.000  0.000  0.000  -13181000.000
  3344400  10649000.000  2134000.000  0.000  0.000  -12783000.000
  3348000  10649000.000  2141000.000  0.000  0.000  -12790000.000
  3351600  10649000.000  2048000.000  0.000  0.000  -12697000.000
  3355200  10649000.000  1712000.000  0.000  0.000  -12361000.000
  3358800  10649000.000  1433000.000  0.000  0.000  -12082000.000
  3362400  10649000.000  918000.000  0.000  0.000  -11567000.000
  3366000  10649000.000  0.000  263000.000  0.000  -10386000.000
  3369600  10649000.000  0.000  977000.000  0.000  -9672000.000
  3373200  10649000.000  0.000  1175000.000  0.000  -9474000.000
  3376800  10649000.000  0.000  915000.000  0.000  -9734000.000
  3380400  10649000.000  0.000  789000.000  0.000  -9860000.000
  3384000  10649000.000  0.000  397000.000  0.000  -10252000.000
  3387600  10649000.000  0.000  0.000  50000.000  -10699000.000
  3391200  10649000.000  0.000  124000.000  0.000  -10525000.000
  3394800  10649000.000  0.000  0.000  338000.000  -10987000.000
  3398400  10649000.000  0.000  0.000  1090000.000  -11739000.000
  3402000  10649000.000  0.000  0.000  2375000.000  -13024000.000
  3405600  10649000.000  1900993.300  0.000  754006.670  -13304000.000
  3409200  10649000.000  1925000.000  0.000  0.000  -12574000.000
  3412800  10649000.000  1883000.000  0.000  0.000  -12532000.000
  3416400  10649000.000  1773000.000  0.000  0.000  -12422000.000
  3420000  10649000.000  2568000.000  0.000  0.000  -13217000.000
  3423600  10649000.000  4254000.000  0.000  0.000  -14903000.000
  3427200  10649000.000  3562000.000  0.000  0.000  -14211000.000
  3430800  10649000.000  2808000.000  0.000  0.000  -13457000.000
  3434400  10649000.000  2673000.000  0.000  0.000  -13322000.000
  3438000  10649000.000  2252000.000  0.000  0.000  -12901000.000
  3441600  10649000.000  1834000.000  0.000  0.000  -12483000.000
  3445200  10649000.000  1225000.000  0.000  0.000  -11874000.000
  3448800  10649000.000  386000.000  0.000  0.000  -11035000.000
  3452400  10649000.000  124000.000  0.000  0.000  -10773000.000
  3456000  10649000.000  0.000  215000.000  0.000  -10434000.000
  3459600  10649000.000  0.000  187000.000  0.000  -10462000.000
  3463200  10649000.000  0.000  0.000  42000.000  -10691000.000
  3466800  10649000.000  0.000  130000.000  0.000  -10519000.000
  3470400  10649000.000  0.000  118000.000  0.000  -10531000.000
  3474000  10649000.000  0.000  0.000  365000.000  -11014000.000
  3477600  10649000.000  385312.660  0.000  240687.340  -11275000.000
  3481200  10649000.000  1123000.000  0.000  0.000  -11772000.000
  3484800  10649000.000  1109000.000  0.000  0.000  -11758000.000
  3488400  10649000.000  1097000.000  0.000  0.000  -11746000.000
  3492000  10649000.000  1632000.000  0.000  0.000  -12281000.000
  3495600  10649000.000  2169000.000  0.000  0.000  -12818000.000
  3499200  10649000.000  2056000.000  0.000  0.000  -12705000.000
  3502800  10649000.000  2242000.000  0.000  0.000  -12891000.000
  3506400  10649000.000  2390000.000  0.000  0.000  -13039000.000
  3510000  10649000.000  2468000.000  0.000  0.000  -13117000.000
  3513600  10649000.000  2577000.000  0.000  0.000  -13226000.000
  3517200  10649000.000  3180000.000  0.000  0.000  -13829000.000
  3520800  10649000.000  3905000.000  0.000  0.000  -14554000.000
  3524400  10649000.000  3275000.000  0.000  0.000  -13924000.000
  3528000  10649000.000  1530000.000  0.000  0.000  -12179000.000
  3531600  10649000.000  1495000.000  0.000  0.000  -12144000.000
  3535200  10649000.000  800000.000  0.000  0.000  -11449000.000
  3538800  10649000.000  274000.000  0.000  0.000  -10923000.000
  3542400  10649000.000  174000.000  0.000  0.000  -10823000.000
  3546000  10649000.000  0.000  413000.000  0.000  -10236000.000
  3549600  10649000.000  0.000  986000.000  0.000  -9663000.000
  3553200  10649000.000  0.000  539000.000  0.000  -10110000.000
  3556800  10649000.000  0.000  0.000  331000.000  -10980000.000
  3560400  10649000.000  0.000  0.000  847000.000  -11496000.000
  3564000  10649000.000  108105.680  0.000  753894.320  -11511000.000
  3567600  10649000.000  2681000.000  0.000  0.000  -13330000.000
  3571200  10649000.000  3083000.000  0.000  0.000  -13732000.000
  3574800  10649000.000  3773000.000  0.000  0.000  -14422000.000
  3578400  10649000.000  3702000.000  0.000  0.000  -14351000.000
  3582000  10649000.000  1481000.000  0.000  0.000  -12130000.000
  3585600  10649000.000  209000.000  0.000  0.000  -10858000.000
  3589200  10649000.000  309000.000  0.000  0.000  -10958000.000
  3592800  10649000.000  529000.000  0.000  0.000  -11178000.000
  3596400  10649000.000  865000.000  0.000  0.000  -11514000.000
  3600000  10649000.000  2148000.000  0.000  0.000  -12797000.000
  3603600  10649000.000  3587000.000  0.000  0.000  -14236000.000
  3607200  10649000.000  3920000.000  0.000  0.000  -14569000.000
  3610800  10649000.000  3476000.000  0.000  0.000  -14125000.000
  3614400  10649000.000  3279000.000  0.000  0.000  -13928000.000
  3618000  10649000.000  1953000.000  0.000  0.000  -12602000.000
  3621600  10649000.000  1423000.000  0.000  0.000  -12072000.000
  3625200  10649000.000  834000.000  0.000  0.000  -11483000.000
  3628800  10649000.000  751000.000  0.000  0.000  -11400000.000
  3632400  10649000.000  448000.000  0.000  0.000  -11097000.000
  3636000  10649000.000  437000.000  0.000  0.000  -11086000.000
  3639600  10649000.000  362000.000  0.000  0.000  -11011000.000
  3643200  10649000.000  1097000.000  0.000  0.000  -11746000.000
  3646800  10649000.000  2878000.000  0.000  0.000  -13527000.000
  3650400  10649000.000  3617000.000  0.000  0.000  -14266000.000
  3654000  10649000.000  3467000.000  0.000  0.000  -14116000.000
  3657600  10649000.000  3460000.000  0.000  0.000  -14109000.000
  3661200  10649000.000  3397000.000  0.000  0.000  -14046000.000
  3664800  10649000.000  2248000.000  0.000  0.000  -12897000.000
  3668400  10649000.000  413000.000  0.000  0.000  -11062000.000
  3672000  10649000.000  96000.000  0.000  0.000  -10745000.000
  3675600  10649000.000  707000.000  0.000  0.000  -11356000.000
  3679200  10649000.000  1148000.000  0.000  0.000  -11797000.000
  3682800  10649000.000  1816000.000  0.000  0.000  -12465000.000
  3686400  10649000.000  2121000.000  0.000  0.000  -12770000.000
  3690000  10649000.000  2449000.000  0.000  0.000  -13098000.000
  3693600  10649000.000  2650000.000  0.000  0.000  -13299000.000
  3697200  10649000.000  2498000.000  0.000  0.000  -13147000.000
  3700800  10649000.000  2114000.000  0.000  0.000  -12763000.000
  3704400  10649000.000  1281000.000  0.000  0.000  -11930000.000
  3708000  10649000.000  335000.000  0.000  0.000  -10984000.000
  3711600  10649000.000  0.000  469000.000  0.000  -10180000.000
  3715200  10649000.000  0.000  414000.000  0.000  -10235000.000
  3718800  10649000.000  0.000  693000.000  0.000  -9956000.000
  3722400  10649000.000  0.000  690000.000  0.000  -9959000.000
  3726000  10649000.000  0.000  575000.000  0.000  -10074000.000
  3729600  10649000.000  0.000  429000.000  0.000  -10220000.000
  3733200  10649000.000  0.000  0.000  595000.000  -11244000.000
  3736800  10649000.000  0.000  0.000  2560000.000  -13209000.000
  3740400  10649000.000  1709051.800  0.000  100948.200  -12459000.000
  3744000  10649000.000  1666000.000  0.000  0.000  -12315000.000
  3747600  10649000.000  1826000.000  0.000  0.000  -12475000.000
  3751200  10649000.000  1803000.000  0.000  0.000  -12452000.000
  3754800  10649000.000  627000.000  0.000  0.000  -11276000.000
  3758400  10649000.000  482000.000  0.000  0.000  -11131000.000
  3762000  10649000.000  670000.000  0.000  0.000  -11319000.000
  3765600  10649000.000  677000.000  0.000  0.000  -11326000.000
  3769200  10649000.000  670000.000  0.000  0.000  -11319000.000
  3772800  10649000.000  1339000.000  0.000  0.000  -11988000.000
  3776400  10649000.000  2697000.000  0.000  0.000  -13346000.000
  3780000  10649000.000  2936000.000  0.000  0.000  -13585000.000
  3783600  10649000.000  1615000.000  0.000  0.000  -12264000.000
  3787200  10649000.000  237000.000  0.000  0.000  -10886000.000
  3790800  10649000.000  46000.000  0.000  0.000  -10695000.000
  3794400  10649000.000  0.000  135000.000  0.000  -10514000.000
  3798000  10649000.000  0.000  983000.000  0.000  -9666000.000
  3801600  10649000.000  0.000  1255000.000  0.000  -9394000.000
  3805200  10649000.000  0.000  1288000.000  0.000  -9361000.000
  3808800  10649000.000  0.000  809000.000  0.000  -9840000.000
  3812400  10649000.000  0.000  517000.000  0.000  -10132000.000
  3816000  10649000.000  0.000  41000.000  0.000  -10608000.000
  3819600  10649000.000  0.000  0.000  1591000.000  -12240000.000
  3823200  10649000.000  0.000  0.000  1823000.000  -12472000.000
  3826800  10649000.000  928735.360  0.000  1587264.600  -13165000.000
  3830400  10649000.000  2462000.000  0.000  0.000  -13111000.000
  3834000  10649000.000  2497000.000  0.000  0.000  -13146000.000
  3837600  10649000.000  2371000.000  0.000  0.000  -13020000.000
  3841200  10649000.000  2127000.000  0.000  0.000  -12776000.000
  3844800  10649000.000  1154000.000  0.000  0.000  -11803000.000
  3848400  10649000.000  687000.000  0.000  0.000  -11336000.000
  3852000  10649000.000  912000.000  0.000  0.000  -11561000.000
  3855600  10649000.000  1591000.000  0.000  0.000  -12240000.000
  3859200  10649000.000  2433000.000  0.000  0.000  -13082000.000
  3862800  10649000.000  2705000.000  0.000  0.000  -13354000.000
  3866400  10649000.000  2196000.000  0.000  0.000  -12845000.000
  3870000  10649000.000  1978000.000  0.000  0.000  -12627000.000
  3873600  10649000.000  1683000.000  0.000  0.000  -12332000.000
  3877200  10649000.000  1272000.000  0.000  0.000  -11921000.000
  3880800  10649000.000  975000.000  0.000  0.000  -11624000.000
  3884400  10649000.000  288000.000  0.000  0.000  -10937000.000
  3888000  10649000.000  341000.000  0.000  0.000  -10990000.000
  3891600  10649000.000  0.000  224000.000  0.000  -10425000.000
  3895200  10649000.000  0.000  0.000  7000.000  -10656000.000
  3898800  10649000.000  408440.780  0.000  216559.220  -11274000.000
  3902400  10649000.000  1481000.000  0.000  0.000  -12130000.000
  3906000  10649000.000  2875000.000  0.000  0.000  -13524000.000
  3909600  10649000.000  2863000.000  0.000  0.000  -13512000.000
  3913200  10649000.000  2583000.000  0.000  0.000  -13232000.000
  3916800  10649000.000  2450000.000  0.000  0.000  -13099000.000
  3920400  10649000.000  2360000.000  0.000  0.000  -13009000.000
  3924000  10649000.000  929000.000  0.000  0.000  -11578000.000
  3927600  10649000.000  0.000  844000.000  0.000  -9805000.000
  3931200  10649000.000  0.000  1263000.000  0.000  -9386000.000
  3934800  10649000.000  0.000  1490000.000  0.000  -9159000.000
  3938400  10649000.000  0.000  1552000.000  0.000  -9097000.000
  3942000  10649000.000  0.000  1521000.000  0.000  -9128000.000
  3945600  10649000.000  0.000  661000.000  0.000  -9988000.000
  3949200  10649000.000  0.000  0.000  467000.000  -11116000.000
  3952800  10649000.000  0.000  0.000  1031000.000  -11680000.000
  3956400  10649000.000  0.000  0.000  1712000.000  -12361000.000
  3960000  10649000.000  0.000  0.000  2417000.000  -13066000.000
  3963600  10649000.000  0.000  0.000  1632000.000  -12281000.000
  3967200  10649000.000  401068.760  0.000  27931.240  -11078000.000
  3970800  10649000.000  0.000  748000.000  0.000  -9901000.000
  3974400  10649000.000  0.000  1229000.000  0.000  -9420000.000
  3978000  10649000.000  0.000  1709000.000  0.000  -8940000.000
  3981600  10649000.000  0.000  2068000.000  0.000  -8581000.000
  3985200  10649000.000  0.000  2027000.000  0.000  -8622000.000
  3988800  10649000.000  0.000  1061000.000  0.000  -9588000.000
  3992400  10649000.000  0.000  844000.000  0.000  -9805000.000
  3996000  10649000.000  0.000  0.000  192000.000  -10841000.000
  3999600  10649000.000  0.000  0.000  1313000.000  -11962000.000
  4003200  10649000.000  0.000  0.000  1276000.000  -11925000.000
  4006800  10649000.000  0.000  0.000  933000.000  -11582000.000
  4010400  10649000.000  0.000  738000.000  0.000  -9911000.000
  4014000  10649000.000  0.000  1116000.000  0.000  -9533000.000
  4017600  10649000.000  0.000  1110000.000  0.000  -9539000.000
  4021200  10649000.000  0.000  574000.000  0.000  -10075000.000
  4024800  10649000.000  0.000  992000.000  0.000  -9657000.000
  4028400  10649000.000  0.000  1399000.000  0.000  -9250000.000
  4032000  10649000.000  0.000  1177000.000  0.000  -9472000.000
  4035600  10649000.000  0.000  103000.000  0.000  -10546000.000
  4039200  10649000.000  0.000  0.000  695000.000  -11344000.000
  4042800  10649000.000  0.000  0.000  263000.000  -10912000.000
  4046400  10649000.000  0.000  737000.000  0.000  -9912000.000
  4050000  10649000.000  0.000  921000.000  0.000  -9728000.000
  4053600  10649000.000  0.000  1345000.000  0.000  -9304000.000
  4057200  10649000.000  0.000  1718000.000  0.000  -8931000.000
  4060800  10649000.000  0.000  2290000.000  0.000  -8359000.000
  4064400  10649000.000  0.000  2601000.000  0.000  -8048000.000
  4068000  10649000.000  0.000  2621000.000  0.000  -8028000.000
  4071600  10649000.000  0.000  2525000.000  0.000  -8124000.000
  4075200  10649000.000  0.000  2264000.000  0.000  -8385000.000
  4078800  10649000.000  0.000  1468000.000  0.000  -9181000.000
  4082400  10649000.000  0.000  1059000.000  0.000  -9590000.000
  4086000  10649000.000  0.000  704000.000  0.000  -9945000.000
  4089600  10649000.000  0.000  682000.000  0.000  -9967000.000
  4093200  10649000.000  0.000  779000.000  0.000  -9870000.000
  4096800  10649000.000  0.000  726000.000  0.000  -9923000.000
  4100400  10649000.000  0.000  758000.000  0.000  -9891000.000
  4104000  10649000.000  0.000  794000.000  0.000  -9855000.000
  4107600  10649000.000  0.000  862000.000  0.000  -9787000.000
  4111200  10649000.000  0.000  1281000.000  0.000  -9368000.000
  4114800  10649000.000  0.000  1413000.000  0.000  -9236000.000
  4118400  10649000.000  0.000  1311000.000  0.000  -9338000.000
  4122000  10649000.000  0.000  860000.000  0.000  -9789000.000
  4125600  10649000.000  0.000  96000.000  0.000  -10553000.000
  4129200  10649000.000  0.000  0.000  1517000.000  -12166000.000
  4132800  10649000.000  0.000  0.000  2442000.000  -13091000.000
  4136400  10649000.000  0.000  0.000  2045000.000  -12694000.000
  4140000  10649000.000  0.000  44000.000  0.000  -10605000.000
  4143600  10649000.000  0.000  1059000.000  0.000  -9590000.000
  4147200  10649000.000  0.000  1285000.000  0.000  -9364000.000
  4150800  10649000.000  0.000  2083000.000  0.000  -8566000.000
  4154400  10649000.000  0.000  2720000.000  0.000  -7929000.000
  4158000  10649000.000  0.000  2569000.000  0.000  -8080000.000
  4161600  10649000.000  0.000  2338000.000  0.000  -8311000.000
  4165200  10649000.000  0.000  1772000.000  0.000  -8877000.000
  4168800  10649000.000  0.000  0.000  3000.000  -10652000.000
  4172400  10649000.000  0.000  347000.000  0.000  -10302000.000
  4176000  10649000.000  0.000  0.000  9000.000  -10658000.000
  4179600  10649000.000  0.000  0.000  661000.000  -11310000.000
  4183200  10649000.000  0.000  0.000  1004000.000  -11653000.000
  4186800  10649000.000  0.000  133000.000  0.000  -10516000.000
  4190400  10649000.000  0.000  885000.000  0.000  -9764000.000
  4194000  10649000.000  0.000  1483000.000  0.000  -9166000.000
  4197600  10649000.000  0.000  1993000.000  0.000  -8656000.000
  4201200  10649000.000  0.000  2113000.000  0.000  -8536000.000
  4204800  10649000.000  0.000  2080000.000  0.000  -8569000.000
  4208400  10649000.000  0.000  2074000.000  0.000  -8575000.000
  4212000  10649000.000  0.000  1684000.000  0.000  -8965000.000
  4215600  10649000.000  0.000  642000.000  0.000  -10007000.000
  4219200  10649000.000  0.000  335000.000  0.000  -10314000.000
  4222800  10649000.000  0.000  544000.000  0.000  -10105000.000
  4226400  10649000.000  0.000  1716000.000  0.000  -8933000.000
  4230000  10649000.000  0.000  2634000.000  0.000  -8015000.000
  4233600  10649000.000  0.000  2861000.000  0.000  -7788000.000
  4237200  10649000.000  0.000  3118000.000  0.000  -7531000.000
  4240800  10649000.000  0.000  3104000.000  0.000  -7545000.000
  4244400  10649000.000  0.000  2961000.000  0.000  -7688000.000
  4248000  10649000.000  0.000  1350000.000  0.000  -9299000.000
  4251600  10649000.000  0.000  296000.000  0.000  -10353000.000
  4255200  10649000.000  0.000  0.000  688000.000  -11337000.000
  4258800  10649000.000  0.000  0.000  1266000.000  -11915000.000
  4262400  10649000.000  0.000  0.000  872000.000  -11521000.000
  4266000  10649000.000  0.000  0.000  503000.000  -11152000.000
  4269600  10649000.000  0.000  0.000  544000.000  -11193000.000
  4273200  10649000.000  0.000  0.000  636000.000  -11285000.000
  4276800  10649000.000  0.000  0.000  1116000.000  -11765000.000
  4280400  10649000.000  0.000  0.000  500000.000  -11149000.000
  4284000  10649000.000  0.000  0.000  189000.000  -10838000.000
  4287600  10649000.000  0.000  812000.000  0.000  -9837000.000
  4291200  10649000.000  0.000  165000.000  0.000  -10484000.000
  4294800  10649000.000  0.000  0.000  148000.000  -10797000.000
  4298400  10649000.000  0.000  0.000  1506000.000  -12155000.000
  4302000  10649000.000  0.000  0.000  1200000.000  -11849000.000
  4305600  10649000.000  0.000  0.000  185000.000  -10834000.000
  4309200  10649000.000  0.000  258000.000  0.000  -10391000.000
  4312800  10649000.000  0.000  666000.000  0.000  -9983000.000
  4316400  10649000.000  0.000  1128000.000  0.000  -9521000.000
  4320000  10649000.000  0.000  1715000.000  0.000  -8934000.000
  4323600  10649000.000  0.000  1643000.000  0.000  -9006000.000
  4327200  10649000.000  0.000  1527000.000  0.000  -9122000.000
  4330800  10649000.000  0.000  1203000.000  0.000  -9446000.000
  4334400  10649000.000  0.000  492000.000  0.000  -10157000.000
  4338000  10649000.000  0.000  0.000  1235000.000  -11884000.000
  4341600  10649000.000  0.000  0.000  1537000.000  -12186000.000
  4345200  10649000.000  0.000  0.000  1505000.000  -12154000.000
  4348800  10649000.000  0.000  0.000  648000.000  -11297000.000
  4352400  10649000.000  0.000  0.000  550000.000  -11199000.000
  4356000  10649000.000  0.000  0.000  461000.000  -11110000.000
  4359600  10649000.000  0.000  853000.000  0.000  -9796000.000
  4363200  10649000.000  0.000  339000.000  0.000  -10310000.000
  4366800  10649000.000  0.000  163000.000  0.000  -10486000.000
  4370400  10649000.000  0.000  0.000  364000.000  -11013000.000
  4374000  10649000.000  0.000  0.000  524000.000  -11173000.000
  4377600  10649000.000  0.000  0.000  1174000.000  -11823000.000
  4381200  10649000.000  0.000  0.000  1528000.000  -12177000.000
  4384800  10649000.000  0.000  0.000  1589000.000  -12238000.000
  4388400  10649000.000  0.000  0.000  1326000.000  -11975000.000
  4392000  10649000.000  0.000  0.000  1078000.000  -11727000.000
  4395600  10649000.000  0.000  315000.000  0.000  -10334000.000
  4399200  10649000.000  0.000  1429000.000  0.000  -9220000.000
  4402800  10649000.000  0.000  2557000.000  0.000  -8092000.000
  4406400  10649000.000  0.000  2509000.000  0.000  -8140000.000
  4410000  10649000.000  0.000  2274000.000  0.000  -8375000.000
  4413600  10649000.000  0.000  1265000.000  0.000  -9384000.000
  4417200  10649000.000  0.000  616000.000  0.000  -10033000.000
  4420800  10649000.000  0.000  44000.000  0.000  -10605000.000
  4424400  10649000.000  0.000  0.000  988000.000  -11637000.000
  4428000  10649000.000  0.000  0.000  1183000.000  -11832000.000
  4431600  10649000.000  0.000  0.000  1018000.000  -11667000.000
  4435200  10649000.000  0.000  0.000  703000.000  -11352000.000
  4438800  10649000.000  0.000  0.000  728000.000  -11377000.000
  4442400  10649000.000  0.000  0.000  2000.000  -10651000.000
  4446000  10649000.000  0.000  224000.000  0.000  -10425000.000
  4449600  10649000.000  0.000  0.000  102000.000  -10751000.000
  4453200  10649000.000  0.000  0.000  436000.000  -11085000.000
  4456800  10649000.000  0.000  0.000  458000.000  -11107000.000
  4460400  10649000.000  0.000  0.000  1030000.000  -11679000.000
  4464000  10649000.000  0.000  0.000  985000.000  -11634000.000
  4467600  10649000.000  0.000  0.000  845000.000  -11494000.000
  4471200  10649000.000  0.000  0.000  700000.000  -11349000.000
  4474800  10649000.000  0.000  0.000  669000.000  -11318000.000
  4478400  10649000.000  0.000  0.000  402000.000  -11051000.000
  4482000  10649000.000  0.000  0.000  311000.000  -10960000.000
  4485600  10649000.000  0.000  924000.000  0.000  -9725000.000
  4489200  10649000.000  0.000  2001000.000  0.000  -8648000.000
  4492800  10649000.000  0.000  2189000.000  0.000  -8460000.000
  4496400  10649000.000  0.000  2140000.000  0.000  -8509000.000
  4500000  10649000.000  0.000  1695000.000  0.000  -8954000.000
  4503600  10649000.000  0.000  844000.000  0.000  -9805000.000
  4507200  10649000.000  0.000  0.000  215000.000  -10864000.000
  4510800  10649000.000  0.000  0.000  1157000.000  -11806000.000
  4514400  10649000.000  0.000  0.000  2118000.000  -12767000.000
  4518000  10649000.000  0.000  0.000  2247000.000  -12896000.000
  4521600  10649000.000  0.000  0.000  2773000.000  -13422000.000
  4525200  10649000.000  0.000  0.000  2845000.000  -13494000.000
  4528800  10649000.000  0.000  0.000  2574000.000  -13223000.000
  4532400  10649000.000  0.000  0.000  1684000.000  -12333000.000
  4536000  10649000.000  0.000  0.000  834000.000  -11483000.000
  4539600  10649000.000  0.000  659000.000  0.000  -9990000.000
  4543200  10649000.000  0.000  433000.000  0.000  -10216000.000
  4546800  10649000.000  0.000  0.000  270000.000  -10919000.000
  4550400  10649000.000  0.000  0.000  1088000.000  -11737000.000
  4554000  10649000.000  0.000  0.000  1935000.000  -12584000.000
  4557600  10649000.000  0.000  0.000  3408000.000  -14057000.000
  4561200  10649000.000  0.000  0.000  3784000.000  -14433000.000
  4564800  10649000.000  0.000  0.000  1822000.000  -12471000.000
  4568400  10649000.000  0.000  0.000  1327000.000  -11976000.000
  4572000  10649000.000  0.000  0.000  783000.000  -11432000.000
  4575600  10649000.000  0.000  0.000  285000.000  -10934000.000
  4579200  10649000.000  0.000  0.000  62000.000  -10711000.000
  4582800  10649000.000  0.000  0.000  436000.000  -11085000.000
  4586400  10649000.000  0.000  0.000  1573000.000  -12222000.000
  4590000  10649000.000  0.000  0.000  1461000.000  -12110000.000
  4593600  10649000.000  0.000  0.000  2228000.000  -12877000.000
  4597200  10649000.000  0.000  0.000  2163000.000  -12812000.000
  4600800  10649000.000  0.000  0.000  2628000.000  -13277000.000
  4604400  10649000.000  0.000  0.000  2958000.000  -13607000.000
  4608000  10649000.000  0.000  0.000  3483000.000  -14132000.000
  4611600  10649000.000  0.000  0.000  2763000.000  -13412000.000
  4615200  10649000.000  0.000  0.000  1129000.000  -11778000.000
  4618800  10649000.000  0.000  722000.000  0.000  -9927000.000
  4622400  10649000.000  0.000  356000.000  0.000  -10293000.000
  4626000  10649000.000  0.000  0.000  183000.000  -10832000.000
  4629600  10649000.000  0.000  0.000  155000.000  -10804000.000
  4633200  10649000.000  0.000  0.000  251000.000  -10900000.000
  4636800  10649000.000  0.000  34000.000  0.000  -10615000.000
  4640400  10649000.000  0.000  0.000  542000.000  -11191000.000
  4644000  10649000.000  0.000  0.000  1544000.000  -12193000.000
  4647600  10649000.000  0.000  0.000  3092000.000  -13741000.000
  4651200  10649000.000  0.000  0.000  2666000.000  -13315000.000
  4654800  10649000.000  0.000  0.000  1936000.000  -12585000.000
  4658400  10649000.000  0.000  0.000  1155000.000  -11804000.000
  4662000  10649000.000  0.000  0.000  136000.000  -10785000.000
  4665600  10649000.000  0.000  227000.000  0.000  -10422000.000
  4669200  10649000.000  0.000  141000.000  0.000  -10508000.000
  4672800  10649000.000  0.000  0.000  119000.000  -10768000.000
  4676400  10649000.000  0.000  0.000  1293000.000  -11942000.000
  4680000  10649000.000  0.000  0.000  1398000.000  -12047000.000
  4683600  10649000.000  0.000  0.000  2250000.000  -12899000.000
  4687200  10649000.000  0.000  0.000  3444000.000  -14093000.000
  4690800  10649000.000  3203361.600  0.000  223638.420  -14076000.000
  4694400  10649000.000  3287000.000  0.000  0.000  -13936000.000
  4698000  10649000.000  1288000.000  0.000  0.000  -11937000.000
  4701600  10649000.000  0.000  1384000.000  0.000  -9265000.000
  4705200  10649000.000  0.000  2001000.000  0.000  -8648000.000
  4708800  10649000.000  0.000  1647000.000  0.000  -9002000.000
  4712400  10649000.000  0.000  1770000.000  0.000  -8879000.000
  4716000  10649000.000  0.000  2019000.000  0.000  -8630000.000
  4719600  10649000.000  0.000  1845000.000  0.000  -8804000.000
  4723200  10649000.000  0.000  815000.000  0.000  -9834000.000
  4726800  10649000.000  0.000  0.000  303000.000  -10952000.000
  4730400  10649000.000  0.000  0.000  1515000.000  -12164000.000
  4734000  10649000.000  0.000  0.000  1888000.000  -12537000.000
  4737600  10649000.000  0.000  0.000  1874000.000  -12523000.000
  4741200  10649000.000  0.000  0.000  1332000.000  -11981000.000
  4744800  10649000.000  0.000  0.000  369000.000  -11018000.000
  4748400  10649000.000  0.000  59000.000  0.000  -10590000.000
  4752000  10649000.000  0.000  657000.000  0.000  -9992000.000
  4755600  10649000.000  0.000  691000.000  0.000  -9958000.000
  4759200  10649000.000  0.000  2000.000  0.000  -10647000.000
  4762800  10649000.000  0.000  0.000  647000.000  -11296000.000
  4766400  10649000.000  0.000  0.000  2047000.000  -12696000.000
  4770000  10649000.000  0.000  0.000  2693000.000  -13342000.000
  4773600  10649000.000  3473102.300  0.000  103897.730  -14226000.000
  4777200  10649000.000  3807000.000  0.000  0.000  -14456000.000
  4780800  10649000.000  3195000.000  0.000  0.000  -13844000.000
  4784400  10649000.000  2227000.000  0.000  0.000  -12876000.000
  4788000  10649000.000  796000.000  0.000  0.000  -11445000.000
  4791600  10649000.000  0.000  1268000.000  0.000  -9381000.000
  4795200  10649000.000  0.000  1814000.000  0.000  -8835000.000
  4798800  10649000.000  0.000  1601000.000  0.000  -9048000.000
  4802400  10649000.000  0.000  1793000.000  0.000  -8856000.000
  4806000  10649000.000  0.000  1752000.000  0.000  -8897000.000
  4809600  10649000.000  0.000  1185000.000  0.000  -9464000.000
  4813200  10649000.000  0.000  404000.000  0.000  -10245000.000
  4816800  8583334.200  0.000  0.000  3007665.800  -11591000.000
  4820400  10649000.000  0.000  0.000  889000.000  -11538000.000
  4824000  10649000.000  0.000  0.000  1373000.000  -12022000.000
  4827600  10649000.000  0.000  0.000  1589000.000  -12238000.000
  4831200  10649000.000  0.000  0.000  310000.000  -10959000.000
  4834800  10649000.000  0.000  611000.000  0.000  -10038000.000
  4838400  10649000.000  0.000  1475000.000  0.000  -9174000.000
  4842000  10649000.000  0.000  1708000.000  0.000  -8941000.000
  4845600  10649000.000  0.000  478000.000  0.000  -10171000.000
  4849200  10649000.000  0.000  0.000  183000.000  -10832000.000
  4852800  10649000.000  0.000  0.000  8000.000  -10657000.000
  4856400  10649000.000  0.000  0.000  1347000.000  -11996000.000
  4860000  10649000.000  0.000  0.000  3380000.000  -14029000.000
  4863600  10649000.000  0.000  0.000  1014000.000  -11663000.000
  4867200  10649000.000  0.000  0.000  456000.000  -11105000.000
  4870800  10649000.000  0.000  0.000  424000.000  -11073000.000
  4874400  10649000.000  0.000  331000.000  0.000  -10318000.000
  4878000  10649000.000  0.000  1981000.000  0.000  -8668000.000
  4881600  10649000.000  0.000  2302000.000  0.000  -8347000.000
  4885200  10649000.000  0.000  2297000.000  0.000  -8352000.000
  4888800  10649000.000  0.000  2109000.000  0.000  -8540000.000
  4892400  10649000.000  0.000  1714000.000  0.000  -8935000.000
  4896000  10649000.000  0.000  1036000.000  0.000  -9613000.000
  4899600  10649000.000  0.000  0.000  129000.000  -10778000.000
  4903200  3211000.000  0.000  0.000  7799000.000  -11010000.000
  4906800  9494693.200  0.000  0.000  1776306.800  -11271000.000
  4910400  10649000.000  0.000  674000.000  0.000  -9975000.000
  4914000  10649000.000  0.000  786000.000  0.000  -9863000.000
  4917600  10649000.000  0.000  1100000.000  0.000  -9549000.000
  4921200  10649000.000  0.000  1874000.000  0.000  -8775000.000
  4924800  10649000.000  0.000  1804000.000  0.000  -8845000.000
  4928400  10649000.000  0.000  1655000.000  0.000  -8994000.000
  4932000  10649000.000  0.000  852000.000  0.000  -9797000.000
  4935600  10649000.000  0.000  502000.000  0.000  -10147000.000
  4939200  10649000.000  0.000  161000.000  0.000  -10488000.000
  4942800  10649000.000  0.000  0.000  749000.000  -11398000.000
  4946400  10649000.000  0.000  0.000  1868000.000  -12517000.000
  4950000  4808000.000  0.000  0.000  7799000.000  -12607000.000
  4953600  10649000.000  0.000  0.000  906000.000  -11555000.000
  4957200  10649000.000  0.000  530000.000  0.000  -10119000.000
  4960800  10649000.000  0.000  1865000.000  0.000  -8784000.000
  4964400  10649000.000  0.000  2217000.000  0.000  -8432000.000
  4968000  10649000.000  0.000  2226000.000  0.000  -8423000.000
  4971600  10649000.000  0.000  2293000.000  0.000  -8356000.000
  4975200  10649000.000  0.000  2680000.000  0.000  -7969000.000
  4978800  10649000.000  0.000  2691000.000  0.000  -7958000.000
  4982400  10649000.000  0.000  2487000.000  0.000  -8162000.000
  4986000  10649000.000  0.000  1876000.000  0.000  -8773000.000
  4989600  1985000.000  0.000  0.000  7799000.000  -9784000.000
  4993200  3454000.000  0.000  0.000  7799000.000  -11253000.000
  4996800  10649000.000  0.000  0.000  95000.000  -10744000.000
  5000400  10649000.000  0.000  916000.000  0.000  -9733000.000
  5004000  10649000.000  0.000  1477000.000  0.000  -9172000.000
  5007600  10649000.000  0.000  1526000.000  0.000  -9123000.000
  5011200  10649000.000  0.000  1666000.000  0.000  -8983000.000
  5014800  10649000.000  0.000  2171000.000  0.000  -8478000.000
  5018400  10649000.000  0.000  2217000.000  0.000  -8432000.000
  5022000  10649000.000  0.000  2222000.000  0.000  -8427000.000
  5025600  10649000.000  0.000  1408000.000  0.000  -9241000.000
  5029200  10649000.000  0.000  121000.000  0.000  -10528000.000
  5032800  10649000.000  0.000  0.000  1077000.000  -11726000.000
  5036400  10649000.000  0.000  0.000  1242000.000  -11891000.000
  5040000  10649000.000  0.000  0.000  26000.000  -10675000.000
  5043600  10649000.000  0.000  0.000  173000.000  -10822000.000
  5047200  10649000.000  0.000  0.000  454000.000  -11103000.000
  5050800  10649000.000  0.000  1719000.000  0.000  -8930000.000
  5054400  10649000.000  0.000  2192000.000  0.000  -8457000.000
  5058000  10649000.000  0.000  2179000.000  0.000  -8470000.000
  5061600  10649000.000  0.000  2071000.000  0.000  -8578000.000
  5065200  10649000.000  0.000  1176000.000  0.000  -9473000.000
  5068800  10649000.000  0.000  378000.000  0.000  -10271000.000
  5072400  10649000.000  0.000  448000.000  0.000  -10201000.000
  5076000  10649000.000  0.000  327000.000  0.000  -10322000.000
  5079600  10649000.000  0.000  261000.000  0.000  -10388000.000
  5083200  10649000.000  0.000  0.000  193000.000  -10842000.000
  5086800  10649000.000  0.000  0.000  442000.000  -11091000.000
  5090400  10649000.000  0.000  4000.000  -0.000  -10645000.000
  5094000  10649000.000  0.000  931000.000  0.000  -9718000.000
  5097600  10649000.000  0.000  1980000.000  0.000  -8669000.000
  5101200  10649000.000  0.000  2359000.000  0.000  -8290000.000
  5104800  10649000.000  0.000  1911000.000  0.000  -8738000.000
  5108400  10649000.000  0.000  1858000.000  0.000  -8791000.000
  5112000  10649000.000  0.000  1148000.000  0.000  -9501000.000
  5115600  10649000.000  0.000  716000.000  0.000  -9933000.000
  5119200  10649000.000  0.000  0.000  770000.000  -11419000.000
  5122800  10649000.000  0.000  0.000  1784000.000  -12433000.000
  5126400  10649000.000  0.000  0.000  1558000.000  -12207000.000
  5130000  10649000.000  0.000  0.000  780000.000  -11429000.000
  5133600  10649000.000  0.000  0.000  330000.000  -10979000.000
  5137200  10649000.000  0.000  886000.000  0.000  -9763000.000
  5140800  10649000.000  0.000  1367000.000  0.000  -9282000.000
  5144400  10649000.000  0.000  1736000.000  0.000  -8913000.000
  5148000  10649000.000  0.000  1489000.000  0.000  -9160000.000
  5151600  10649000.000  0.000  1441000.000  0.000  -9208000.000
  5155200  10649000.000  0.000  475000.000  0.000  -10174000.000
  5158800  10649000.000  0.000  0.000  630000.000  -11279000.000
  5162400  10649000.000  0.000  0.000  610000.000  -11259000.000
  5166000  10649000.000  0.000  0.000  258000.000  -10907000.000
  5169600  10649000.000  0.000  269000.000  0.000  -10380000.000
  5173200  10649000.000  0.000  0.000  118000.000  -10767000.000
  5176800  10649000.000  0.000  0.000  184000.000  -10833000.000
  5180400  10649000.000  0.000  0.000  260000.000  -10909000.000
  5184000  10649000.000  0.000  382000.000  0.000  -10267000.000
  5187600  10649000.000  0.000  1360000.000  0.000  -9289000.000
  5191200  10649000.000  0.000  2017000.000  0.000  -8632000.000
  5194800  10649000.000  0.000  2058000.000  0.000  -8591000.000
  5198400  10649000.000  0.000  1844000.000  0.000  -8805000.000
  5202000  10649000.000  0.000  529000.000  0.000  -10120000.000
  5205600  10649000.000  0.000  0.000  1102000.000  -11751000.000
  5209200  10649000.000  0.000  0.000  1597000.000  -12246000.000
  5212800  10649000.000  0.000  0.000  1591000.000  -12240000.000
  5216400  10649000.000  0.000  0.000  1120000.000  -11769000.000
  5220000  10649000.000  0.000  0.000  961000.000  -11610000.000
  5223600  10649000.000  0.000  0.000  894000.000  -11543000.000
  5227200  10649000.000  0.000  234000.000  0.000  -10415000.000
  5230800  10649000.000  0.000  36000.000  0.000  -10613000.000
  5234400  10649000.000  0.000  0.000  120000.000  -10769000.000
  5238000  10649000.000  0.000  0.000  680000.000  -11329000.000
  5241600  10649000.000  0.000  0.000  613000.000  -11262000.000
  5245200  10649000.000  0.000  0.000  625000.000  -11274000.000
  5248800  10649000.000  0.000  0.000  613000.000  -11262000.000
  5252400  10649000.000  0.000  0.000  556000.000  -11205000.000
  5256000  10649000.000  0.000  0.000  550000.000  -11199000.000
  5259600  10649000.000  0.000  0.000  513000.000  -11162000.000
  5263200  10649000.000  0.000  40000.000  0.000  -10609000.000
  5266800  10649000.000  0.000  1973000.000  0.000  -8676000.000
  5270400  10649000.000  0.000  3140000.000  0.000  -7509000.000
  5274000  10649000.000  0.000  2192000.000  0.000  -8457000.000
  5277600  10649000.000  0.000  1857000.000  0.000  -8792000.000
  5281200  10649000.000  0.000  1965000.000  0.000  -8684000.000
  5284800  10649000.000  0.000  1717000.000  0.000  -8932000.000
  5288400  10649000.000  0.000  630000.000  0.000  -10019000.000
  5292000  10649000.000  0.000  351000.000  0.000  -10298000.000
  5295600  10649000.000  0.000  370000.000  0.000  -10279000.000
  5299200  10649000.000  0.000  0.000  1199000.000  -11848000.000
  5302800  10649000.000  0.000  0.000  1102000.000  -11751000.000
  5306400  10649000.000  0.000  436000.000  0.000  -10213000.000
  5310000  10649000.000  0.000  1471000.000  0.000  -9178000.000
  5313600  10649000.000  0.000  1938000.000  0.000  -8711000.000
  5317200  10649000.000  0.000  1269000.000  0.000  -9380000.000
  5320800  10649000.000  0.000  943000.000  0.000  -9706000.000
  5324400  10649000.000  0.000  503000.000  0.000  -10146000.000
  5328000  10649000.000  0.000  343000.000  0.000  -10306000.000
  5331600  10649000.000  0.000  322000.000  0.000  -10327000.000
  5335200  10649000.000  0.000  335000.000  0.000  -10314000.000
  5338800  10649000.000  0.000  0.000  293000.000  -10942000.000
  5342400  10649000.000  0.000  0.000  465000.000  -11114000.000
  5346000  10649000.000  0.000  0.000  521000.000  -11170000.000
  5349600  10649000.000  0.000  564000.000  0.000  -10085000.000
  5353200  10649000.000  0.000  2253000.000  0.000  -8396000.000
  5356800  10649000.000  0.000  2818000.000  0.000  -7831000.000
  5360400  10649000.000  0.000  3722000.000  0.000  -6927000.000
  5364000  10649000.000  0.000  3337000.000  0.000  -7312000.000
  5367600  10649000.000  0.000  2625000.000  0.000  -8024000.000
  5371200  10649000.000  0.000  1249000.000  0.000  -9400000.000
  5374800  10649000.000  0.000  530000.000  0.000  -10119000.000
  5378400  10649000.000  0.000  0.000  896000.000  -11545000.000
  5382000  10649000.000  0.000  86000.000  0.000  -10563000.000
  5385600  10649000.000  0.000  0.000  474000.000  -11123000.000
  5389200  10649000.000  0.000  119000.000  0.000  -10530000.000
  5392800  10649000.000  0.000  0.000  32000.000  -10681000.000
  5396400  10649000.000  0.000  0.000  150000.000  -10799000.000
  5400000  10649000.000  0.000  178000.000  0.000  -10471000.000
  5403600  10649000.000  0.000  86000.000  0.000  -10563000.000
  5407200  10649000.000  0.000  0.000  597000.000  -11246000.000
  5410800  10649000.000  0.000  0.000  1074000.000  -11723000.000
  5414400  10649000.000  0.000  0.000  2169000.000  -12818000.000
  5418000  10649000.000  0.000  0.000  2278000.000  -12927000.000
  5421600  10649000.000  0.000  0.000  1717000.000  -12366000.000
  5425200  10649000.000  0.000  0.000  1637000.000  -12286000.000
  5428800  10649000.000  0.000  0.000  974000.000  -11623000.000
  5432400  10649000.000  0.000  0.000  641000.000  -11290000.000
  5436000  10649000.000  0.000  0.000  311000.000  -10960000.000
  5439600  10649000.000  0.000  1815000.000  0.000  -8834000.000
  5443200  10649000.000  0.000  1337000.000  0.000  -9312000.000
  5446800  10649000.000  0.000  1292000.000  0.000  -9357000.000
  5450400  10649000.000  0.000  1194000.000  0.000  -9455000.000
  5454000  10649000.000  0.000  886000.000  0.000  -9763000.000
  5457600  10649000.000  0.000  0.000  83000.000  -10732000.000
  5461200  10649000.000  0.000  0.000  1392000.000  -12041000.000
  5464800  10649000.000  0.000  0.000  1394000.000  -12043000.000
  5468400  10649000.000  0.000  0.000  1005000.000  -11654000.000
  5472000  10649000.000  0.000  0.000  1040000.000  -11689000.000
  5475600  10649000.000  0.000  0.000  215000.000  -10864000.000
  5479200  10649000.000  0.000  1150000.000  0.000  -9499000.000
  5482800  10649000.000  0.000  1469000.000  0.000  -9180000.000
  5486400  10649000.000  0.000  1063000.000  0.000  -9586000.000
  5490000  10649000.000  0.000  992000.000  0.000  -9657000.000
  5493600  10649000.000  0.000  442000.000  0.000  -10207000.000
  5497200  10649000.000  0.000  0.000  91000.000  -10740000.000
  5500800  10649000.000  0.000  0.000  568000.000  -11217000.000
  5504400  10649000.000  0.000  0.000  1240000.000  -11889000.000
  5508000  10649000.000  0.000  0.000  1375000.000  -12024000.000
  5511600  10649000.000  0.000  0.000  1203000.000  -11852000.000
  5515200  10649000.000  0.000  0.000  825000.000  -11474000.000
  5518800  10649000.000  0.000  0.000  380000.000  -11029000.000
  5522400  10649000.000  0.000  63000.000  0.000  -10586000.000
  5526000  10649000.000  0.000  836000.000  0.000  -9813000.000
  5529600  10649000.000  0.000  2418000.000  0.000  -8231000.000
  5533200  10649000.000  0.000  1782000.000  0.000  -8867000.000
  5536800  10649000.000  0.000  1439000.000  0.000  -9210000.000
  5540400  10649000.000  0.000  865000.000  0.000  -9784000.000
  5544000  10649000.000  0.000  0.000  140000.000  -10789000.000
  5547600  10649000.000  0.000  0.000  2026000.000  -12675000.000
  5551200  10649000.000  0.000  0.000  2570000.000  -13219000.000
  5554800  10649000.000  0.000  0.000  2463000.000  -13112000.000
  5558400  10649000.000  0.000  0.000  819000.000  -11468000.000
  5562000  10649000.000  0.000  1026000.000  0.000  -9623000.000
  5565600  10649000.000  0.000  1283000.000  0.000  -9366000.000
  5569200  10649000.000  0.000  1555000.000  0.000  -9094000.000
  5572800  10649000.000  0.000  1441000.000  0.000  -9208000.000
  5576400  10649000.000  0.000  1126000.000  0.000  -9523000.000
  5580000  10649000.000  0.000  760000.000  0.000  -9889000.000
  5583600  10649000.000  0.000  510000.000  0.000  -10139000.000
  5587200  10649000.000  0.000  0.000  285000.000  -10934000.000
  5590800  10649000.000  0.000  0.000  545000.000  -11194000.000
  5594400  10649000.000  0.000  0.000  560000.000  -11209000.000
  5598000  10649000.000  0.000  0.000  508000.000  -11157000.000
  5601600  10649000.000  0.000  0.000  530000.000  -11179000.000
  5605200  10649000.000  0.000  254000.000  0.000  -10395000.000
  5608800  10649000.000  0.000  2023000.000  0.000  -8626000.000
  5612400  10649000.000  0.000  2239000.000  0.000  -8410000.000
  5616000  10649000.000  0.000  2383000.000  0.000  -8266000.000
  5619600  10649000.000  0.000  2557000.000  0.000  -8092000.000
  5623200  10649000.000  0.000  2300000.000  0.000  -8349000.000
  5626800  10649000.000  0.000  2175000.000  0.000  -8474000.000
  5630400  10649000.000  0.000  2004000.000  0.000  -8645000.000
  5634000  10649000.000  0.000  1154000.000  0.000  -9495000.000
  5637600  10649000.000  0.000  0.000  474000.000  -11123000.000
  5641200  10649000.000  0.000  0.000  422000.000  -11071000.000
  5644800  10649000.000  0.000  152000.000  0.000  -10497000.000
  5648400  10649000.000  0.000  1881000.000  0.000  -8768000.000
  5652000  10649000.000  0.000  2438000.000  0.000  -8211000.000
  5655600  10649000.000  0.000  1870000.000  0.000  -8779000.000
  5659200  10649000.000  0.000  1554000.000  0.000  -9095000.000
  5662800  10649000.000  0.000  0.000  142000.000  -10791000.000
  5666400  10649000.000  0.000  0.000  1288000.000  -11937000.000
  5670000  10649000.000  0.000  0.000  772000.000  -11421000.000
  5673600  10649000.000  0.000  110000.000  0.000  -10539000.000
  5677200  10649000.000  0.000  110000.000  0.000  -10539000.000
  5680800  10649000.000  0.000  0.000  378000.000  -11027000.000
  5684400  10649000.000  0.000  0.000  104000.000  -10753000.000
  5688000  10649000.000  0.000  428000.000  0.000  -10221000.000
  5691600  10649000.000  0.000  847000.000  0.000  -9802000.000
  5695200  10649000.000  0.000  1387000.000  0.000  -9262000.000
  5698800  10649000.000  0.000  1756000.000  0.000  -8893000.000
  5702400  10649000.000  0.000  1867000.000  0.000  -8782000.000
  5706000  10649000.000  0.000  1537000.000  0.000  -9112000.000
  5709600  10649000.000  0.000  1813000.000  0.000  -8836000.000
  5713200  10649000.000  0.000  2810000.000  0.000  -7839000.000
  5716800  10649000.000  0.000  208000.000  0.000  -10441000.000
  5720400  10649000.000  0.000  0.000  860000.000  -11509000.000
  5724000  10649000.000  0.000  0.000  3054000.000  -13703000.000
  5727600  10649000.000  0.000  0.000  2583000.000  -13232000.000
  5731200  10649000.000  0.000  0.000  1778000.000  -12427000.000
  5734800  10649000.000  0.000  0.000  357000.000  -11006000.000
  5738400  10649000.000  0.000  957000.000  0.000  -9692000.000
  5742000  10649000.000  0.000  1213000.000  0.000  -9436000.000
  5745600  10649000.000  0.000  847000.000  0.000  -9802000.000
  5749200  10649000.000  0.000  868000.000  0.000  -9781000.000
  5752800  10649000.000  0.000  643000.000  0.000  -10006000.000
  5756400  10649000.000  0.000  0.000  105000.000  -10754000.000
  5760000  10649000.000  0.000  0.000  249000.000  -10898000.000
  5763600  10649000.000  0.000  0.000  322000.000  -10971000.000
  5767200  10649000.000  0.000  0.000  824000.000  -11473000.000
  5770800  10649000.000  0.000  0.000  1084000.000  -11733000.000
  5774400  10649000.000  0.000  0.000  337000.000  -10986000.000
  5778000  10649000.000  0.000  0.000  210000.000  -10859000.000
  5781600  10649000.000  0.000  268000.000  0.000  -10381000.000
  5785200  10649000.000  0.000  1091000.000  0.000  -9558000.000
  5788800  10649000.000  0.000  1435000.000  0.000  -9214000.000
  5792400  10649000.000  0.000  1715000.000  0.000  -8934000.000
  5796000  10649000.000  0.000  1737000.000  0.000  -8912000.000
  5799600  10649000.000  0.000  1437000.000  0.000  -9212000.000
  5803200  10649000.000  0.000  0.000  258000.000  -10907000.000
  5806800  10649000.000  0.000  0.000  974000.000  -11623000.000
  5810400  10649000.000  0.000  0.000  899000.000  -11548000.000
  5814000  10649000.000  0.000  0.000  1020000.000  -11669000.000
  5817600  10649000.000  0.000  0.000  916000.000  -11565000.000
  5821200  10649000.000  0.000  0.000  863000.000  -11512000.000
  5824800  10649000.000  0.000  0.000  519000.000  -11168000.000
  5828400  10649000.000  0.000  0.000  231000.000  -10880000.000
  5832000  10649000.000  0.000  0.000  203000.000  -10852000.000
  5835600  10649000.000  0.000  0.000  228000.000  -10877000.000
  5839200  10649000.000  0.000  0.000  251000.000  -10900000.000
  5842800  10649000.000  0.000  0.000  361000.000  -11010000.000
  5846400  10649000.000  0.000  0.000  2022000.000  -12671000.000
  5850000  10649000.000  0.000  0.000  3660000.000  -14309000.000
  5853600  10649000.000  0.000  0.000  3841000.000  -14490000.000
  5857200  10649000.000  0.000  0.000  2204000.000  -12853000.000
  5860800  10649000.000  0.000  0.000  664000.000  -11313000.000
  5864400  10649000.000  0.000  0.000  519000.000  -11168000.000
  5868000  10649000.000  0.000  0.000  416000.000  -11065000.000
  5871600  10649000.000  0.000  291000.000  0.000  -10358000.000
  5875200  10649000.000  0.000  1667000.000  0.000  -8982000.000
  5878800  10649000.000  0.000  1677000.000  0.000  -8972000.000
  5882400  10649000.000  0.000  412000.000  0.000  -10237000.000
  5886000  10649000.000  0.000  0.000  357000.000  -11006000.000
  5889600  10649000.000  0.000  0.000  1012000.000  -11661000.000
  5893200  10649000.000  0.000  0.000  1524000.000  -12173000.000
  5896800  10649000.000  0.000  0.000  2003000.000  -12652000.000
  5900400  10649000.000  0.000  0.000  1949000.000  -12598000.000
  5904000  10649000.000  0.000  0.000  1599000.000  -12248000.000
  5907600  10649000.000  0.000  0.000  310000.000  -10959000.000
  5911200  10649000.000  0.000  671000.000  0.000  -9978000.000
  5914800  10649000.000  0.000  568000.000  0.000  -10081000.000
  5918400  10649000.000  0.000  0.000  55000.000  -10704000.000
  5922000  10649000.000  0.000  108000.000  0.000  -10541000.000
  5925600  10649000.000  0.000  547000.000  0.000  -10102000.000
  5929200  10649000.000  0.000  0.000  60000.000  -10709000.000
  5932800  10649000.000  0.000  0.000  1172000.000  -11821000.000
  5936400  10649000.000  0.000  0.000  2582000.000  -13231000.000
  5940000  10649000.000  0.000  0.000  2504000.000  -13153000.000
  5943600  10649000.000  0.000  0.000  2353000.000  -13002000.000
  5947200  10649000.000  0.000  0.000  2145000.000  -12794000.000
  5950800  10649000.000  0.000  0.000  1855000.000  -12504000.000
  5954400  10649000.000  0.000  0.000  1121000.000  -11770000.000
  5958000  10649000.000  0.000  0.000  420000.000  -11069000.000
  5961600  10649000.000  0.000  818000.000  0.000  -9831000.000
  5965200  10649000.000  0.000  1072000.000  0.000  -9577000.000
  5968800  10649000.000  0.000  869000.000  0.000  -9780000.000
  5972400  10649000.000  0.000  676000.000  0.000  -9973000.000
  5976000  10649000.000  0.000  0.000  402000.000  -11051000.000
  5979600  10649000.000  0.000  0.000  1049000.000  -11698000.000
  5983200  10649000.000  0.000  0.000  2801000.000  -13450000.000
  5986800  10649000.000  0.000  0.000  4588000.000  -15237000.000
  5990400  10649000.000  0.000  0.000  4244000.000  -14893000.000
  5994000  10649000.000  0.000  0.000  2629000.000  -13278000.000
  5997600  10649000.000  0.000  0.000  1862000.000  -12511000.000
  6001200  10649000.000  0.000  0.000  724000.000  -11373000.000
  6004800  10649000.000  0.000  279000.000  0.000  -10370000.000
  6008400  10649000.000  0.000  524000.000  0.000  -10125000.000
  6012000  10649000.000  0.000  517000.000  0.000  -10132000.000
  6015600  10649000.000  0.000  1452000.000  0.000  -9197000.000
  6019200  10649000.000  0.000  548000.000  0.000  -10101000.000
  6022800  10649000.000  0.000  0.000  268000.000  -10917000.000
  6026400  10649000.000  0.000  0.000  1317000.000  -11966000.000
  6030000  10649000.000  0.000  0.000  1840000.000  -12489000.000
  6033600  10649000.000  0.000  0.000  2757000.000  -13406000.000
  6037200  10649000.000  0.000  0.000  2124000.000  -12773000.000
  6040800  10649000.000  0.000  0.000  1250000.000  -11899000.000
  6044400  10649000.000  0.000  0.000  390000.000  -11039000.000
  6048000  10649000.000  0.000  0.000  451000.000  -11100000.000
  6051600  10649000.000  0.000  0.000  457000.000  -11106000.000
  6055200  10649000.000  0.000  0.000  397000.000  -11046000.000
  6058800  10649000.000  0.000  0.000  411000.000  -11060000.000
  6062400  10649000.000  0.000  0.000  660000.000  -11309000.000
  6066000  10649000.000  0.000  0.000  1488000.000  -12137000.000
  6069600  10649000.000  0.000  0.000  3285000.000  -13934000.000
  6073200  10649000.000  0.000  0.000  3475000.000  -14124000.000
  6076800  10649000.000  0.000  0.000  2810000.000  -13459000.000
  6080400  10649000.000  0.000  0.000  2545000.000  -13194000.000
  6084000  10649000.000  0.000  0.000  2110000.000  -12759000.000
  6087600  10649000.000  0.000  0.000  2179000.000  -12828000.000
  6091200  10649000.000  846679.480  0.000  1356320.500  -12852000.000
  6094800  10649000.000  2507000.000  0.000  0.000  -13156000.000
  6098400  10649000.000  2776000.000  0.000  0.000  -13425000.000
  6102000  10649000.000  3052000.000  0.000  0.000  -13701000.000
  6105600  10649000.000  2935000.000  0.000  0.000  -13584000.000
  6109200  10649000.000  2954000.000  0.000  0.000  -13603000.000
  6112800  10649000.000  2842000.000  0.000  0.000  -13491000.000
  6116400  10649000.000  2510000.000  0.000  0.000  -13159000.000
  6120000  10649000.000  1807000.000  0.000  0.000  -12456000.000
  6123600  10649000.000  428000.000  0.000  0.000  -11077000.000
  6127200  10649000.000  0.000  149000.000  0.000  -10500000.000
  6130800  10649000.000  93149.000  0.000  148851.000  -10891000.000
  6134400  10649000.000  131000.000  0.000  0.000  -10780000.000
  6138000  10649000.000  0.000  142000.000  0.000  -10507000.000
  6141600  10649000.000  0.000  169000.000  0.000  -10480000.000
  6145200  10649000.000  0.000  134000.000  0.000  -10515000.000
  6148800  10649000.000  0.000  0.000  21000.000  -10670000.000
  6152400  10649000.000  338320.510  0.000  422679.490  -11410000.000
  6156000  10649000.000  2875000.000  0.000  0.000  -13524000.000
  6159600  10649000.000  3478000.000  0.000  0.000  -14127000.000
  6163200  10649000.000  2747000.000  0.000  0.000  -13396000.000
  6166800  10649000.000  2247000.000  0.000  0.000  -12896000.000
  6170400  10649000.000  2310000.000  0.000  0.000  -12959000.000
  6174000  10649000.000  1620000.000  0.000  0.000  -12269000.000
  6177600  10649000.000  1686000.000  0.000  0.000  -12335000.000
  6181200  10649000.000  1626000.000  0.000  0.000  -12275000.000
  6184800  10649000.000  2618000.000  0.000  0.000  -13267000.000
  6188400  10649000.000  3002000.000  0.000  0.000  -13651000.000
  6192000  10649000.000  2580000.000  0.000  0.000  -13229000.000
  6195600  10649000.000  2446000.000  0.000  0.000  -13095000.000
  6199200  10649000.000  2562000.000  0.000  0.000  -13211000.000
  6202800  10649000.000  2127000.000  0.000  0.000  -12776000.000
  6206400  10649000.000  883000.000  0.000  0.000  -11532000.000
  6210000  10649000.000  452000.000  0.000  0.000  -11101000.000
  6213600  10649000.000  0.000  393000.000  0.000  -10256000.000
  6217200  10649000.000  0.000  0.000  64000.000  -10713000.000
  6220800  10649000.000  0.000  77000.000  0.000  -10572000.000
  6224400  10649000.000  0.000  839000.000  0.000  -9810000.000
  6228000  10649000.000  0.000  697000.000  0.000  -9952000.000
  6231600  10649000.000  0.000  0.000  405000.000  -11054000.000
  6235200  10649000.000  0.000  0.000  794000.000  -11443000.000
  6238800  10649000.000  0.000  18000.000  0.000  -10631000.000
  6242400  10649000.000  237334.650  0.000  753665.350  -11640000.000
  6246000  10649000.000  1342000.000  0.000  0.000  -11991000.000
  6249600  10649000.000  1332000.000  0.000  0.000  -11981000.000
  6253200  10649000.000  1281000.000  0.000  0.000  -11930000.000
  6256800  10649000.000  2284000.000  0.000  0.000  -12933000.000
  6260400  10649000.000  2370000.000  0.000  0.000  -13019000.000
  6264000  10649000.000  2395000.000  0.000  0.000  -13044000.000
  6267600  10649000.000  2204000.000  0.000  0.000  -12853000.000
  6271200  10649000.000  2212000.000  0.000  0.000  -12861000.000
  6274800  10649000.000  1683000.000  0.000  0.000  -12332000.000
  6278400  10649000.000  1695000.000  0.000  0.000  -12344000.000
  6282000  10649000.000  1741000.000  0.000  0.000  -12390000.000
  6285600  10649000.000  1738000.000  0.000  0.000  -12387000.000
  6289200  10649000.000  1674000.000  0.000  0.000  -12323000.000
  6292800  10649000.000  943000.000  0.000  0.000  -11592000.000
  6296400  10649000.000  482000.000  0.000  0.000  -11131000.000
  6300000  10649000.000  54000.000  0.000  0.000  -10703000.000
  6303600  10649000.000  0.000  125000.000  0.000  -10524000.000
  6307200  10649000.000  0.000  326000.000  0.000  -10323000.000
  6310800  10649000.000  0.000  842000.000  0.000  -9807000.000
  6314400  10649000.000  0.000  886000.000  0.000  -9763000.000
  6318000  10649000.000  0.000  690000.000  0.000  -9959000.000
  6321600  10649000.000  0.000  0.000  657000.000  -11306000.000
  6325200  10649000.000  0.000  0.000  1747000.000  -12396000.000
  6328800  10649000.000  2119571.400  0.000  455428.640  -13224000.000
  6332400  10649000.000  1714000.000  0.000  0.000  -12363000.000
  6336000  10649000.000  1029000.000  0.000  0.000  -11678000.000
  6339600  10649000.000  407000.000  0.000  0.000  -11056000.000
  6343200  10649000.000  36000.000  0.000  0.000  -10685000.000
  6346800  10649000.000  675000.000  0.000  0.000  -11324000.000
  6350400  10649000.000  1259000.000  0.000  0.000  -11908000.000
  6354000  10649000.000  1791000.000  0.000  0.000  -12440000.000
  6357600  10649000.000  2032000.000  0.000  0.000  -12681000.000
  6361200  10649000.000  617000.000  0.000  0.000  -11266000.000
  6364800  10649000.000  1039000.000  0.000  0.000  -11688000.000
  6368400  10649000.000  2182000.000  0.000  0.000  -12831000.000
  6372000  10649000.000  3140000.000  0.000  0.000  -13789000.000
  6375600  10649000.000  2772000.000  0.000  0.000  -13421000.000
  6379200  10649000.000  2040000.000  0.000  0.000  -12689000.000
  6382800  10649000.000  1141000.000  0.000  0.000  -11790000.000
  6386400  10649000.000  0.000  775000.000  0.000  -9874000.000
  6390000  10649000.000  0.000  856000.000  0.000  -9793000.000
  6393600  10649000.000  0.000  930000.000  0.000  -9719000.000
  6397200  10649000.000  0.000  1119000.000  0.000  -9530000.000
  6400800  10649000.000  0.000  988000.000  0.000  -9661000.000
  6404400  10649000.000  0.000  0.000  232000.000  -10881000.000
  6408000  10649000.000  0.000  0.000  301000.000  -10950000.000
  6411600  10649000.000  0.000  0.000  483000.000  -11132000.000
  6415200  10649000.000  0.000  0.000  145000.000  -10794000.000
  6418800  10649000.000  0.000  0.000  733000.000  -11382000.000
  6422400  10649000.000  0.000  0.000  1635000.000  -12284000.000
  6426000  10649000.000  903802.250  0.000  1106197.800  -12659000.000
  6429600  10649000.000  1923000.000  0.000  0.000  -12572000.000
  6433200  10649000.000  2116000.000  0.000  0.000  -12765000.000
  6436800  10649000.000  1579000.000  0.000  0.000  -12228000.000
  6440400  10649000.000  1362000.000  0.000  0.000  -12011000.000
  6444000  10649000.000  318000.000  0.000  0.000  -10967000.000
  6447600  10649000.000  1129000.000  0.000  0.000  -11778000.000
  6451200  10649000.000  1544000.000  0.000  0.000  -12193000.000
  6454800  10649000.000  1175000.000  0.000  0.000  -11824000.000
  6458400  10649000.000  1880000.000  0.000  0.000  -12529000.000
  6462000  10649000.000  1930000.000  0.000  0.000  -12579000.000
  6465600  10649000.000  589000.000  0.000  0.000  -11238000.000
  6469200  10649000.000  63000.000  0.000  0.000  -10712000.000
  6472800  10649000.000  0.000  433000.000  0.000  -10216000.000
  6476400  10649000.000  0.000  1142000.000  0.000  -9507000.000
  6480000  10649000.000  0.000  2033000.000  0.000  -8616000.000
  6483600  10649000.000  0.000  1421000.000  0.000  -9228000.000
  6487200  10649000.000  0.000  1337000.000  0.000  -9312000.000
  6490800  10649000.000  0.000  915000.000  0.000  -9734000.000
  6494400  10649000.000  0.000  600000.000  0.000  -10049000.000
  6498000  10649000.000  0.000  0.000  471000.000  -11120000.000
  6501600  10649000.000  0.000  0.000  2045000.000  -12694000.000
  6505200  10649000.000  0.000  0.000  1894000.000  -12543000.000
  6508800  10649000.000  0.000  0.000  1536000.000  -12185000.000
  6512400  10649000.000  0.000  0.000  784000.000  -11433000.000
  6516000  10649000.000  0.000  0.000  588000.000  -11237000.000
  6519600  10649000.000  0.000  85000.000  0.000  -10564000.000
  6523200  10649000.000  0.000  512000.000  0.000  -10137000.000
  6526800  10649000.000  0.000  1029000.000  0.000  -9620000.000
  6530400  10649000.000  0.000  871000.000  0.000  -9778000.000
  6534000  10649000.000  0.000  416000.000  0.000  -10233000.000
  6537600  10649000.000  0.000  0.000  354000.000  -11003000.000
  6541200  10649000.000  0.000  0.000  721000.000  -11370000.000
  6544800  10649000.000  0.000  0.000  1764000.000  -12413000.000
  6548400  10649000.000  2370968.900  0.000  569031.120  -13589000.000
  6552000  10649000.000  2115000.000  0.000  0.000  -12764000.000
  6555600  10649000.000  1677000.000  0.000  0.000  -12326000.000
  6559200  10649000.000  516000.000  0.000  0.000  -11165000.000
  6562800  10649000.000  0.000  999000.000  0.000  -9650000.000
  6566400  10649000.000  0.000  1076000.000  0.000  -9573000.000
  6570000  10649000.000  0.000  904000.000  0.000  -9745000.000
  6573600  10649000.000  0.000  603000.000  0.000  -10046000.000
  6577200  10649000.000  0.000  0.000  340000.000  -10989000.000
  6580800  10649000.000  0.000  0.000  480000.000  -11129000.000
  6584400  10649000.000  0.000  0.000  1061000.000  -11710000.000
  6588000  10649000.000  1202291.800  0.000  1683708.200  -13535000.000
  6591600  10649000.000  3448000.000  0.000  0.000  -14097000.000
  6595200  10649000.000  2860000.000  0.000  0.000  -13509000.000
  6598800  10649000.000  2550000.000  0.000  0.000  -13199000.000
  6602400  10649000.000  1956000.000  0.000  0.000  -12605000.000
  6606000  10649000.000  552000.000  0.000  0.000  -11201000.000
  6609600  10649000.000  90000.000  0.000  0.000  -10739000.000
  6613200  10649000.000  434000.000  0.000  0.000  -11083000.000
  6616800  10649000.000  609000.000  0.000  0.000  -11258000.000
  6620400  10649000.000  394000.000  0.000  0.000  -11043000.000
  6624000  10649000.000  1012000.000  0.000  0.000  -11661000.000
  6627600  10649000.000  1327000.000  0.000  0.000  -11976000.000
  6631200  10649000.000  1684000.000  0.000  0.000  -12333000.000
  6634800  10649000.000  2557000.000  0.000  0.000  -13206000.000
  6638400  10649000.000  2306000.000  0.000  0.000  -12955000.000
  6642000  10649000.000  1708000.000  0.000  0.000  -12357000.000
  6645600  10649000.000  633000.000  0.000  0.000  -11282000.000
  6649200  10649000.000  459000.000  0.000  0.000  -11108000.000
  6652800  10649000.000  484000.000  0.000  0.000  -11133000.000
  6656400  10649000.000  585000.000  0.000  0.000  -11234000.000
  6660000  10649000.000  704000.000  0.000  0.000  -11353000.000
  6663600  10649000.000  518000.000  0.000  0.000  -11167000.000
  6667200  10649000.000  773000.000  0.000  0.000  -11422000.000
  6670800  10649000.000  775000.000  0.000  0.000  -11424000.000
  6674400  10649000.000  1665000.000  0.000  0.000  -12314000.000
  6678000  10649000.000  2918000.000  0.000  0.000  -13567000.000
  6681600  10649000.000  1940000.000  0.000  0.000  -12589000.000
  6685200  10649000.000  0.000  9000.000  -0.000  -10640000.000
  6688800  10649000.000  0.000  1375000.000  0.000  -9274000.000
  6692400  10649000.000  0.000  1420000.000  0.000  -9229000.000
  6696000  10649000.000  0.000  1673000.000  0.000  -8976000.000
  6699600  10649000.000  0.000  1430000.000  0.000  -9219000.000
  6703200  10649000.000  0.000  1468000.000  0.000  -9181000.000
  6706800  10649000.000  0.000  1433000.000  0.000  -9216000.000
  6710400  10649000.000  0.000  1127000.000  0.000  -9522000.000
  6714000  10649000.000  0.000  0.000  255000.000  -10904000.000
  6717600  10649000.000  0.000  0.000  1067000.000  -11716000.000
  6721200  10649000.000  0.000  0.000  2044000.000  -12693000.000
  6724800  10649000.000  0.000  0.000  2384000.000  -13033000.000
  6728400  10649000.000  0.000  0.000  1997000.000  -12646000.000
  6732000  10649000.000  0.000  0.000  651000.000  -11300000.000
  6735600  10649000.000  0.000  0.000  242000.000  -10891000.000
  6739200  10649000.000  0.000  291000.000  0.000  -10358000.000
  6742800  10649000.000  0.000  1319000.000  0.000  -9330000.000
  6746400  10649000.000  0.000  1270000.000  0.000  -9379000.000
  6750000  10649000.000  0.000  537000.000  0.000  -10112000.000
  6753600  10649000.000  0.000  476000.000  0.000  -10173000.000
  6757200  10649000.000  0.000  0.000  257000.000  -10906000.000
  6760800  10649000.000  0.000  0.000  2059000.000  -12708000.000
  6764400  10649000.000  0.000  0.000  1925000.000  -12574000.000
  6768000  10649000.000  10883.098  0.000  846116.900  -11506000.000
  6771600  10649000.000  722000.000  0.000  0.000  -11371000.000
  6775200  10649000.000  669000.000  0.000  0.000  -11318000.000
  6778800  10649000.000  558000.000  0.000  0.000  -11207000.000
  6782400  10649000.000  592000.000  0.000  0.000  -11241000.000
  6786000  10649000.000  570000.000  0.000  0.000  -11219000.000
  6789600  10649000.000  569000.000  0.000  0.000  -11218000.000
  6793200  10649000.000  531000.000  0.000  0.000  -11180000.000
  6796800  10649000.000  571000.000  0.000  0.000  -11220000.000
  6800400  10649000.000  624000.000  0.000  0.000  -11273000.000
  6804000  10649000.000  595000.000  0.000  0.000  -11244000.000
  6807600  10649000.000  576000.000  0.000  0.000  -11225000.000
  6811200  10649000.000  559000.000  0.000  0.000  -11208000.000
  6814800  10649000.000  524000.000  0.000  0.000  -11173000.000
  6818400  10649000.000  0.000  628000.000  0.000  -10021000.000
  6822000  10649000.000  0.000  1094000.000  0.000  -9555000.000
  6825600  10649000.000  0.000  1441000.000  0.000  -9208000.000
  6829200  10649000.000  0.000  2777000.000  0.000  -7872000.000
  6832800  10649000.000  0.000  2721000.000  0.000  -7928000.000
  6836400  10649000.000  0.000  2354000.000  0.000  -8295000.000
  6840000  10649000.000  0.000  1617000.000  0.000  -9032000.000
  6843600  10649000.000  0.000  128000.000  0.000  -10521000.000
  6847200  10649000.000  0.000  0.000  1166000.000  -11815000.000
  6850800  10649000.000  0.000  0.000  1144000.000  -11793000.000
  6854400  10649000.000  0.000  0.000  547000.000  -11196000.000
  6858000  10649000.000  0.000  0.000  179000.000  -10828000.000
  6861600  10649000.000  0.000  146000.000  0.000  -10503000.000
  6865200  10649000.000  0.000  437000.000  0.000  -10212000.000
  6868800  10649000.000  0.000  470000.000  0.000  -10179000.000
  6872400  10649000.000  0.000  512000.000  0.000  -10137000.000
  6876000  10649000.000  0.000  569000.000  0.000  -10080000.000
  6879600  10649000.000  0.000  564000.000  0.000  -10085000.000
  6883200  10649000.000  0.000  421000.000  0.000  -10228000.000
  6886800  10649000.000  0.000  0.000  515000.000  -11164000.000
  6890400  10649000.000  0.000  0.000  781000.000  -11430000.000
  6894000  3445000.000  0.000  0.000  7799000.000  -11244000.000
  6897600  10649000.000  0.000  0.000  460000.000  -11109000.000
  6901200  10649000.000  0.000  315000.000  0.000  -10334000.000
  6904800  10649000.000  0.000  611000.000  0.000  -10038000.000
  6908400  10649000.000  0.000  1501000.000  0.000  -9148000.000
  6912000  10649000.000  0.000  2506000.000  0.000  -8143000.000
  6915600  10649000.000  0.000  1764000.000  0.000  -8885000.000
  6919200  10649000.000  0.000  1594000.000  0.000  -9055000.000
  6922800  10649000.000  0.000  1619000.000  0.000  -9030000.000
  6926400  10649000.000  0.000  1583000.000  0.000  -9066000.000
  6930000  10649000.000  0.000  434000.000  0.000  -10215000.000
  6933600  10649000.000  0.000  0.000  1978000.000  -12627000.000
  6937200  4499000.000  0.000  0.000  7799000.000  -12298000.000
  6940800  5894882.000  0.000  0.000  5129118.000  -11024000.000
  6944400  10649000.000  0.000  567000.000  0.000  -10082000.000
  6948000  10649000.000  0.000  966000.000  0.000  -9683000.000
  6951600  10649000.000  0.000  419000.000  0.000  -10230000.000
  6955200  10649000.000  0.000  693000.000  0.000  -9956000.000
  6958800  10649000.000  0.000  752000.000  0.000  -9897000.000
  6962400  10649000.000  0.000  761000.000  0.000  -9888000.000
  6966000  10649000.000  0.000  1352000.000  0.000  -9297000.000
  6969600  10649000.000  0.000  2092000.000  0.000  -8557000.000
  6973200  10649000.000  0.000  1522000.000  0.000  -9127000.000
  6976800  9122338.300  0.000  0.000  1216661.700  -10339000.000
  6980400  3435000.000  0.000  0.000  7799000.000  -11234000.000
  6984000  10649000.000  0.000  0.000  64000.000  -10713000.000
  6987600  10440000.000  0.000  0.000  0.000  -10440000.000
  6991200  9966000.000  0.000  0.000  -0.000  -9966000.000
  6994800  10649000.000  0.000  1793000.000  0.000  -8856000.000
  6998400  10649000.000  0.000  2601000.000  0.000  -8048000.000
  7002000  10649000.000  0.000  2448000.000  0.000  -8201000.000
  7005600  10649000.000  0.000  2417000.000  0.000  -8232000.000
  7009200  10649000.000  0.000  2212000.000  0.000  -8437000.000
  7012800  10649000.000  0.000  1811000.000  0.000  -8838000.000
  7016400  10649000.000  0.000  1345000.000  0.000  -9304000.000
  7020000  10649000.000  0.000  899000.000  0.000  -9750000.000
  7023600  10649000.000  0.000  244000.000  0.000  -10405000.000
  7027200  10649000.000  0.000  347000.000  0.000  -10302000.000
  7030800  10649000.000  0.000  243000.000  0.000  -10406000.000
  7034400  10649000.000  0.000  253000.000  0.000  -10396000.000
  7038000  10649000.000  0.000  0.000  95000.000  -10744000.000
  7041600  10649000.000  0.000  1831000.000  0.000  -8818000.000
  7045200  10649000.000  0.000  2609000.000  0.000  -8040000.000
  7048800  10649000.000  0.000  2865000.000  0.000  -7784000.000
  7052400  10649000.000  0.000  2871000.000  0.000  -7778000.000
  7056000  10649000.000  0.000  2739000.000  0.000  -7910000.000
  7059600  10649000.000  0.000  2058000.000  0.000  -8591000.000
  7063200  1599000.000  0.000  0.000  7799000.000  -9398000.000
  7066800  3147000.000  0.000  0.000  7799000.000  -10946000.000
  7070400  3753000.000  0.000  0.000  7799000.000  -11552000.000
  7074000  10649000.000  0.000  188000.000  0.000  -10461000.000
  7077600  10649000.000  0.000  603000.000  0.000  -10046000.000
  7081200  10649000.000  0.000  779000.000  0.000  -9870000.000
  7084800  10649000.000  0.000  1693000.000  0.000  -8956000.000
  7088400  10649000.000  0.000  1993000.000  0.000  -8656000.000
  7092000  10649000.000  0.000  1768000.000  0.000  -8881000.000
  7095600  10649000.000  0.000  1296000.000  0.000  -9353000.000
  7099200  10649000.000  0.000  736000.000  0.000  -9913000.000
  7102800  10649000.000  0.000  716000.000  0.000  -9933000.000
  7106400  10649000.000  0.000  466000.000  0.000  -10183000.000
  7110000  10649000.000  0.000  27000.000  -0.000  -10622000.000
  7113600  10649000.000  0.000  23000.000  0.000  -10626000.000
  7117200  10649000.000  0.000  67000.000  0.000  -10582000.000
  7120800  10649000.000  0.000  146000.000  0.000  -10503000.000
  7124400  10649000.000  0.000  1278000.000  0.000  -9371000.000
  7128000  10649000.000  0.000  1855000.000  0.000  -8794000.000
  7131600  10649000.000  0.000  1904000.000  0.000  -8745000.000
  7135200  10649000.000  0.000  1930000.000  0.000  -8719000.000
  7138800  10649000.000  0.000  1871000.000  0.000  -8778000.000
  7142400  10649000.000  0.000  1829000.000  0.000  -8820000.000
  7146000  10649000.000  0.000  1483000.000  0.000  -9166000.000
  7149600  10649000.000  0.000  592000.000  0.000  -10057000.000
  7153200  3012000.000  0.000  0.000  7799000.000  -10811000.000
  7156800  10649000.000  0.000  0.000  772000.000  -11421000.000
  7160400  10649000.000  0.000  0.000  284000.000  -10933000.000
  7164000  10649000.000  0.000  109000.000  0.000  -10540000.000
  7167600  10649000.000  0.000  332000.000  0.000  -10317000.000
  7171200  10649000.000  0.000  961000.000  0.000  -9688000.000
  7174800  10649000.000  0.000  1934000.000  0.000  -8715000.000
  7178400  10649000.000  0.000  1874000.000  0.000  -8775000.000
  7182000  10649000.000  0.000  1283000.000  0.000  -9366000.000
  7185600  10649000.000  0.000  759000.000  0.000  -9890000.000
  7189200  10649000.000  0.000  0.000  1364000.000  -12013000.000
  7192800  10649000.000  0.000  0.000  3005000.000  -13654000.000
  7196400  10649000.000  0.000  0.000  1004000.000  -11653000.000
  7200000  10649000.000  0.000  0.000  169000.000  -10818000.000
  7203600  10649000.000  0.000  0.000  797000.000  -11446000.000
  7207200  10649000.000  0.000  547000.000  0.000  -10102000.000
  7210800  10649000.000  0.000  1688000.000  0.000  -8961000.000
  7214400  10649000.000  0.000  2800000.000  0.000  -7849000.000
  7218000  10649000.000  0.000  2497000.000  0.000  -8152000.000
  7221600  10649000.000  0.000  1320000.000  0.000  -9329000.000
  7225200  10649000.000  0.000  1299000.000  0.000  -9350000.000
  7228800  10649000.000  0.000  1476000.000  0.000  -9173000.000
  7232400  10649000.000  0.000  1497000.000  0.000  -9152000.000
  7236000  10649000.000  0.000  1315000.000  0.000  -9334000.000
  7239600  2853000.000  0.000  0.000  7799000.000  -10652000.000
  7243200  10649000.000  0.000  0.000  1086000.000  -11735000.000
  7246800  10649000.000  0.000  0.000  995000.000  -11644000.000
  7250400  10649000.000  0.000  82000.000  0.000  -10567000.000
  7254000  10649000.000  0.000  189000.000  0.000  -10460000.000
  7257600  10649000.000  0.000  1141000.000  0.000  -9508000.000
  7261200  10649000.000  0.000  1751000.000  0.000  -8898000.000
  7264800  10649000.000  0.000  1769000.000  0.000  -8880000.000
  7268400  10649000.000  0.000  1819000.000  0.000  -8830000.000
  7272000  10649000.000  0.000  1802000.000  0.000  -8847000.000
  7275600  10649000.000  0.000  1093000.000  0.000  -9556000.000
  7279200  10649000.000  0.000  0.000  1978000.000  -12627000.000
  7282800  10649000.000  0.000  0.000  1845000.000  -12494000.000
  7286400  10649000.000  0.000  0.000  190000.000  -10839000.000
  7290000  10649000.000  0.000  755000.000  0.000  -9894000.000
  7293600  10649000.000  0.000  992000.000  0.000  -9657000.000
  7297200  10649000.000  0.000  974000.000  0.000  -9675000.000
  7300800  10649000.000  0.000  925000.000  0.000  -9724000.000
  7304400  10649000.000  0.000  928000.000  0.000  -9721000.000
  7308000  10649000.000  0.000  893000.000  0.000  -9756000.000
  7311600  10649000.000  0.000  958000.000  0.000  -9691000.000
  7315200  10649000.000  0.000  603000.000  0.000  -10046000.000
  7318800  10649000.000  0.000  0.000  408000.000  -11057000.000
  7322400  10649000.000  0.000  0.000  698000.000  -11347000.000
  7326000  3546000.000  0.000  0.000  7799000.000  -11345000.000
  7329600  3431000.000  0.000  0.000  7799000.000  -11230000.000
  7333200  10649000.000  0.000  0.000  295000.000  -10944000.000
  7336800  10649000.000  0.000  791000.000  0.000  -9858000.000
  7340400  10649000.000  0.000  1729000.000  0.000  -8920000.000
  7344000  10649000.000  0.000  2469000.000  0.000  -8180000.000
  7347600  10649000.000  0.000  2410000.000  0.000  -8239000.000
  7351200  10649000.000  0.000  1938000.000  0.000  -8711000.000
  7354800  10649000.000  0.000  1678000.000  0.000  -8971000.000
  7358400  10649000.000  0.000  1657000.000  0.000  -8992000.000
  7362000  10649000.000  0.000  1264000.000  0.000  -9385000.000
  7365600  10649000.000  0.000  0.000  383000.000  -11032000.000
  7369200  3740000.000  0.000  0.000  7799000.000  -11539000.000
  7372800  3631000.000  0.000  0.000  7799000.000  -11430000.000
  7376400  10649000.000  0.000  0.000  47000.000  -10696000.000
  7380000  10649000.000  0.000  556000.000  0.000  -10093000.000
  7383600  10649000.000  0.000  743000.000  0.000  -9906000.000
  7387200  10649000.000  0.000  1144000.000  0.000  -9505000.000
  7390800  10649000.000  0.000  263000.000  0.000  -10386000.000
  7394400  10649000.000  0.000  0.000  424000.000  -11073000.000
  7398000  10649000.000  0.000  0.000  148000.000  -10797000.000
  7401600  10649000.000  0.000  0.000  193000.000  -10842000.000
  7405200  10649000.000  0.000  0.000  595000.000  -11244000.000
  7408800  10649000.000  0.000  0.000  554000.000  -11203000.000
  7412400  2974000.000  0.000  0.000  7799000.000  -10773000.000
  7416000  10649000.000  0.000  95000.000  0.000  -10554000.000
  7419600  10649000.000  0.000  745000.000  0.000  -9904000.000
  7423200  10649000.000  0.000  2032000.000  0.000  -8617000.000
  7426800  10649000.000  0.000  3155000.000  0.000  -7494000.000
  7430400  10649000.000  0.000  3268000.000  0.000  -7381000.000
  7434000  10649000.000  0.000  3031000.000  0.000  -7618000.000
  7437600  10649000.000  0.000  2875000.000  0.000  -7774000.000
  7441200  10649000.000  0.000  2202000.000  0.000  -8447000.000
  7444800  10649000.000  0.000  1036000.000  0.000  -9613000.000
  7448400  10649000.000  0.000  441000.000  0.000  -10208000.000
  7452000  10649000.000  0.000  0.000  79000.000  -10728000.000
  7455600  3375000.000  0.000  0.000  7799000.000  -11174000.000
  7459200  3006000.000  0.000  0.000  7799000.000  -10805000.000
  7462800  2283000.000  0.000  0.000  7799000.000  -10082000.000
  7466400  10649000.000  0.000  1108000.000  0.000  -9541000.000
  7470000  10649000.000  0.000  1320000.000  0.000  -9329000.000
  7473600  10649000.000  0.000  1312000.000  0.000  -9337000.000
  7477200  10649000.000  0.000  1343000.000  0.000  -9306000.000
  7480800  10649000.000  0.000  1550000.000  0.000  -9099000.000
  7484400  10649000.000  0.000  2713000.000  0.000  -7936000.000
  7488000  10649000.000  0.000  2844000.000  0.000  -7805000.000
  7491600  4554510.200  0.000  0.000  3322489.800  -7877000.000
  7495200  794000.000  0.000  0.000  7799000.000  -8593000.000
  7498800  1577000.000  0.000  0.000  7799000.000  -9376000.000
  7502400  9706000.000  0.000  0.000  0.000  -9706000.000
  7506000  10649000.000  0.000  981000.000  0.000  -9668000.000
  7509600  10649000.000  0.000  1986000.000  0.000  -8663000.000
  7513200  10649000.000  0.000  2913000.000  0.000  -7736000.000
  7516800  10649000.000  0.000  2903000.000  0.000  -7746000.000
  7520400  10649000.000  0.000  2855000.000  0.000  -7794000.000
  7524000  10649000.000  0.000  2653000.000  0.000  -7996000.000
  7527600  10649000.000  0.000  2562000.000  0.000  -8087000.000
  7531200  10649000.000  0.000  2272000.000  0.000  -8377000.000
  7534800  10649000.000  0.000  1149000.000  0.000  -9500000.000
  7538400  5501970.600  0.000  0.000  4552029.400  -10054000.000
  7542000  3375000.000  0.000  0.000  7799000.000  -11174000.000
  7545600  1068000.000  0.000  0.000  7799000.000  -8867000.000
  7549200  10649000.000  0.000  3495000.000  0.000  -7154000.000
  7552800  10649000.000  0.000  3384000.000  0.000  -7265000.000
  7556400  10649000.000  0.000  3064000.000  0.000  -7585000.000
  7560000  10649000.000  0.000  2393000.000  0.000  -8256000.000
  7563600  10649000.000  0.000  3841000.000  0.000  -6808000.000
  7567200  10649000.000  0.000  2291000.000  0.000  -8358000.000
  7570800  10649000.000  0.000  2510000.000  0.000  -8139000.000
  7574400  10649000.000  0.000  2489000.000  0.000  -8160000.000
  7578000  7685344.300  0.000  88344.281  0.000  -7597000.000
  7581600  653000.000  0.000  0.000  7799000.000  -8452000.000
  7585200  1456000.000  0.000  0.000  7799000.000  -9255000.000
  7588800  1802000.000  0.000  0.000  7799000.000  -9601000.000
  7592400  9173000.000  0.000  0.000  0.000  -9173000.000
  7596000  8537000.000  0.000  0.000  0.000  -8537000.000
  7599600  7655000.000  0.000  0.000  0.000  -7655000.000
  7603200  10649000.000  0.000  2333000.000  0.000  -8316000.000
  7606800  10649000.000  0.000  2870000.000  0.000  -7779000.000
  7610400  10649000.000  0.000  2677000.000  0.000  -7972000.000
  7614000  10649000.000  0.000  2406000.000  0.000  -8243000.000
  7617600  10649000.000  0.000  1386000.000  0.000  -9263000.000
  7621200  10649000.000  0.000  1035000.000  0.000  -9614000.000
  7624800  10649000.000  0.000  540000.000  0.000  -10109000.000
  7628400  10649000.000  0.000  991000.000  0.000  -9658000.000
  7632000  10649000.000  0.000  1700000.000  0.000  -8949000.000
  7635600  10649000.000  0.000  2338000.000  0.000  -8311000.000
  7639200  10649000.000  0.000  3413000.000  0.000  -7236000.000
  7642800  10649000.000  0.000  3710000.000  0.000  -6939000.000
  7646400  10649000.000  0.000  4321000.000  0.000  -6328000.000
  7650000  10649000.000  0.000  4323000.000  0.000  -6326000.000
  7653600  10649000.000  0.000  4406000.000  0.000  -6243000.000
  7657200  10649000.000  0.000  4320000.000  0.000  -6329000.000
  7660800  10649000.000  0.000  4055000.000  0.000  -6594000.000
  7664400  10649000.000  0.000  3237000.000  0.000  -7412000.000
  7668000  474000.000  0.000  0.000  7799000.000  -8273000.000
  7671600  1255000.000  0.000  0.000  7799000.000  -9054000.000
  7675200  1538000.000  0.000  0.000  7799000.000  -9337000.000
  7678800  664000.000  0.000  0.000  7799000.000  -8463000.000
  7682400  239000.000  0.000  0.000  7799000.000  -8038000.000
  7686000  10649000.000  0.000  3543000.000  0.000  -7106000.000
  7689600  6797000.000  0.000  0.000  0.000  -6797000.000
  7693200  10649000.000  0.000  3095000.000  0.000  -7554000.000
  7696800  10649000.000  0.000  2375000.000  0.000  -8274000.000
  7700400  10649000.000  0.000  2377000.000  0.000  -8272000.000
  7704000  10649000.000  0.000  2488000.000  0.000  -8161000.000
  7707600  10649000.000  0.000  2197000.000  0.000  -8452000.000
  7711200  10649000.000  0.000  792000.000  0.000  -9857000.000
  7714800  10649000.000  0.000  593000.000  0.000  -10056000.000
  7718400  10649000.000  0.000  1509000.000  0.000  -9140000.000
  7722000  10649000.000  0.000  2212000.000  0.000  -8437000.000
  7725600  10649000.000  0.000  2578000.000  0.000  -8071000.000
  7729200  10649000.000  0.000  2575000.000  0.000  -8074000.000
  7732800  10649000.000  0.000  2589000.000  0.000  -8060000.000
  7736400  10649000.000  0.000  2613000.000  0.000  -8036000.000
  7740000  10649000.000  0.000  2625000.000  0.000  -8024000.000
  7743600  10649000.000  0.000  2591000.000  0.000  -8058000.000
  7747200  10649000.000  0.000  2544000.000  0.000  -8105000.000
  7750800  10649000.000  0.000  2492000.000  0.000  -8157000.000
  7754400  10649000.000  0.000  547000.000  0.000  -10102000.000
  7758000  1963000.000  0.000  0.000  7799000.000  -9762000.000
  7761600  10649000.000  0.000  1141000.000  0.000  -9508000.000
  7765200  10649000.000  0.000  1510000.000  0.000  -9139000.000
  7768800  10649000.000  0.000  1247000.000  0.000  -9402000.000
  7772400  10649000.000  0.000  1208000.000  0.000  -9441000.000
  7776000  10649000.000  0.000  1036000.000  0.000  -9613000.000
  7779600  10649000.000  0.000  908000.000  0.000  -9741000.000
  7783200  10649000.000  0.000  329000.000  0.000  -10320000.000
  7786800  10649000.000  0.000  89000.000  0.000  -10560000.000
  7790400  10649000.000  0.000  0.000  1156000.000  -11805000.000
  7794000  5540000.000  0.000  0.000  7799000.000  -13339000.000
  7797600  5425000.000  0.000  0.000  7799000.000  -13224000.000
  7801200  4288000.000  0.000  0.000  7799000.000  -12087000.000
  7804800  1467000.000  0.000  0.000  7799000.000  -9266000.000
  7808400  4770417.400  0.000  0.000  3429582.600  -8200000.000
  7812000  10649000.000  0.000  3033000.000  0.000  -7616000.000
  7815600  10649000.000  0.000  2948000.000  0.000  -7701000.000
  7819200  10649000.000  0.000  2762000.000  0.000  -7887000.000
  7822800  10649000.000  0.000  2623000.000  0.000  -8026000.000
  7826400  10649000.000  0.000  2615000.000  0.000  -8034000.000
  7830000  10649000.000  0.000  2634000.000  0.000  -8015000.000
  7833600  10649000.000  0.000  2156000.000  0.000  -8493000.000
  7837200  1150000.000  0.000  0.000  7799000.000  -8949000.000
  7840800  2276000.000  0.000  0.000  7799000.000  -10075000.000
  7844400  3207000.000  0.000  0.000  7799000.000  -11006000.000
  7848000  10649000.000  0.000  16000.000  0.000  -10633000.000
  7851600  10649000.000  0.000  417000.000  0.000  -10232000.000
  7855200  10649000.000  0.000  1992000.000  0.000  -8657000.000
  7858800  10649000.000  0.000  2863000.000  0.000  -7786000.000
  7862400  10649000.000  0.000  3041000.000  0.000  -7608000.000
  7866000  10649000.000  0.000  3005000.000  0.000  -7644000.000
  7869600  10649000.000  0.000  2104000.000  0.000  -8545000.000
  7873200  10649000.000  0.000  751000.000  0.000  -9898000.000
  7876800  10649000.000  0.000  0.000  924000.000  -11573000.000
  7880400  10649000.000  0.000  0.000  2826000.000  -13475000.000
  7884000  5475000.000  0.000  0.000  7799000.000  -13274000.000
  7887600  10649000.000  0.000  0.000  45000.000  -10694000.000
  7891200  10649000.000  0.000  795000.000  0.000  -9854000.000
  7894800  10649000.000  0.000  2258000.000  0.000  -8391000.000
  7898400  10649000.000  0.000  3080000.000  0.000  -7569000.000
  7902000  10649000.000  0.000  2710000.000  0.000  -7939000.000
  7905600  10649000.000  0.000  2631000.000  0.000  -8018000.000
  7909200  10649000.000  0.000  2719000.000  0.000  -7930000.000
  7912800  10649000.000  0.000  2705000.000  0.000  -7944000.000
  7916400  10649000.000  0.000  2954000.000  0.000  -7695000.000
  7920000  10649000.000  0.000  4047000.000  0.000  -6602000.000
  7923600  10649000.000  0.000  3376000.000  0.000  -7273000.000
  7927200  8365000.000  0.000  0.000  0.000  -8365000.000
  7930800  10649000.000  0.000  1484000.000  0.000  -9165000.000
  7934400  10649000.000  0.000  1798000.000  0.000  -8851000.000
  7938000  10649000.000  0.000  3701000.000  0.000  -6948000.000
  7941600  10649000.000  0.000  4457000.000  0.000  -6192000.000
  7945200  10649000.000  0.000  4954000.000  0.000  -5695000.000
  7948800  10649000.000  0.000  4091000.000  0.000  -6558000.000
  7952400  10649000.000  0.000  2395000.000  0.000  -8254000.000
  7956000  10649000.000  0.000  2324000.000  0.000  -8325000.000
  7959600  10649000.000  0.000  2425000.000  0.000  -8224000.000
  7963200  10649000.000  0.000  1849000.000  0.000  -8800000.000
  7966800  10649000.000  0.000  858000.000  0.000  -9791000.000
  7970400  1467000.000  0.000  0.000  7799000.000  -9266000.000
  7974000  1497000.000  0.000  0.000  7799000.000  -9296000.000
  7977600  1000000.000  0.000  0.000  7799000.000  -8799000.000
  7981200  0.000  0.000  0.000  7459000.000  -7459000.000
  7984800  0.000  0.000  0.000  7303000.000  -7303000.000
  7988400  0.000  0.000  0.000  7570000.000  -7570000.000
  7992000  10649000.000  0.000  2844000.000  0.000  -7805000.000
  7995600  10649000.000  0.000  2380000.000  0.000  -8269000.000
  7999200  10649000.000  0.000  2068000.000  0.000  -8581000.000
  8002800  10649000.000  0.000  2032000.000  0.000  -8617000.000
  8006400  10649000.000  0.000  1981000.000  0.000  -8668000.000
  8010000  888000.000  0.000  0.000  7799000.000  -8687000.000
  8013600  1481000.000  0.000  0.000  7799000.000  -9280000.000
  8017200  1718000.000  0.000  0.000  7799000.000  -9517000.000
  8020800  10649000.000  0.000  1335000.000  0.000  -9314000.000
  8024400  10649000.000  0.000  1490000.000  0.000  -9159000.000
  8028000  10649000.000  0.000  3889000.000  0.000  -6760000.000
  8031600  10649000.000  0.000  4305000.000  0.000  -6344000.000
  8035200  10649000.000  0.000  4026000.000  0.000  -6623000.000
  8038800  10649000.000  0.000  3055000.000  0.000  -7594000.000
  8042400  10649000.000  0.000  2961000.000  0.000  -7688000.000
  8046000  10649000.000  0.000  2912000.000  0.000  -7737000.000
  8049600  10649000.000  0.000  1946000.000  0.000  -8703000.000
  8053200  10649000.000  0.000  2034000.000  0.000  -8615000.000
  8056800  1226000.000  0.000  0.000  7799000.000  -9025000.000
  8060400  1330000.000  0.000  0.000  7799000.000  -9129000.000
  8064000  1386000.000  0.000  0.000  7799000.000  -9185000.000
  8067600  1343000.000  0.000  0.000  7799000.000  -9142000.000
  8071200  869000.000  0.000  0.000  7799000.000  -8668000.000
  8074800  10649000.000  0.000  2542000.000  0.000  -8107000.000
  8078400  10649000.000  0.000  3750000.000  0.000  -6899000.000
  8082000  10649000.000  0.000  3813000.000  0.000  -6836000.000
  8085600  10649000.000  0.000  3955000.000  0.000  -6694000.000
  8089200  10649000.000  0.000  4008000.000  0.000  -6641000.000
  8092800  10649000.000  0.000  3782000.000  0.000  -6867000.000
  8096400  5933544.700  0.000  0.000  1446455.300  -7380000.000
  8100000  755000.000  0.000  0.000  7799000.000  -8554000.000
  8103600  775000.000  0.000  0.000  7799000.000  -8574000.000
  8107200  10649000.000  0.000  2081000.000  0.000  -8568000.000
  8110800  10649000.000  0.000  2671000.000  0.000  -7978000.000
  8114400  10649000.000  0.000  3629000.000  0.000  -7020000.000
  8118000  10649000.000  0.000  3750000.000  0.000  -6899000.000
  8121600  10649000.000  0.000  3762000.000  0.000  -6887000.000
  8125200  10649000.000  0.000  3571000.000  0.000  -7078000.000
  8128800  10649000.000  0.000  3010000.000  0.000  -7639000.000
  8132400  10649000.000  0.000  2130000.000  0.000  -8519000.000
  8136000  10649000.000  0.000  483000.000  0.000  -10166000.000
  8139600  10649000.000  0.000  750000.000  0.000  -9899000.000
  8143200  1555000.000  0.000  0.000  7799000.000  -9354000.000
  8146800  1059000.000  0.000  0.000  7799000.000  -8858000.000
  8150400  0.000  0.000  0.000  7680000.000  -7680000.000
  8154000  0.000  0.000  0.000  7003000.000  -7003000.000
  8157600  6999000.000  0.000  0.000  0.000  -6999000.000
  8161200  9589207.000  0.000  2733207.000  0.000  -6856000.000
  8164800  10649000.000  0.000  4020000.000  0.000  -6629000.000
  8168400  10649000.000  0.000  3990000.000  0.000  -6659000.000
  8172000  10649000.000  0.000  4130000.000  0.000  -6519000.000
  8175600  10649000.000  0.000  4058000.000  0.000  -6591000.000
  8179200  10649000.000  0.000  3935000.000  0.000  -6714000.000
  8182800  0.000  0.000  0.000  7168000.000  -7168000.000
  8186400  430000.000  0.000  0.000  7799000.000  -8229000.000
  8190000  823000.000  0.000  0.000  7799000.000  -8622000.000
  8193600  8540000.000  0.000  0.000  0.000  -8540000.000
  8197200  8178000.000  0.000  0.000  0.000  -8178000.000
  8200800  10649000.000  0.000  4378000.000  0.000  -6271000.000
  8204400  5446000.000  0.000  0.000  0.000  -5446000.000
  8208000  10649000.000  0.000  5244000.000  0.000  -5405000.000
  8211600  10649000.000  0.000  4270000.000  0.000  -6379000.000
  8215200  10649000.000  0.000  4114000.000  0.000  -6535000.000
  8218800  10649000.000  0.000  3558000.000  0.000  -7091000.000
  8222400  10649000.000  0.000  2363000.000  0.000  -8286000.000
  8226000  10649000.000  0.000  1514000.000  0.000  -9135000.000
  8229600  5434725.200  0.000  0.000  3716274.800  -9151000.000
  8233200  880000.000  0.000  0.000  7799000.000  -8679000.000
  8236800  0.000  0.000  0.000  7358000.000  -7358000.000
  8240400  0.000  0.000  0.000  6405000.000  -6405000.000
  8244000  10649000.000  0.000  4795000.000  0.000  -5854000.000
  8247600  10649000.000  0.000  4897000.000  0.000  -5752000.000
  8251200  10649000.000  0.000  4998000.000  0.000  -5651000.000
  8254800  10649000.000  0.000  4843000.000  0.000  -5806000.000
  8258400  10649000.000  0.000  4961000.000  0.000  -5688000.000
  8262000  10649000.000  0.000  5099000.000  0.000  -5550000.000
  8265600  10649000.000  0.000  5068000.000  0.000  -5581000.000
  8269200  10649000.000  0.000  4537000.000  0.000  -6112000.000
  8272800  0.000  0.000  0.000  6574000.000  -6574000.000
  8276400  7201000.000  0.000  0.000  0.000  -7201000.000
  8280000  10649000.000  0.000  3430000.000  0.000  -7219000.000
  8283600  10649000.000  0.000  3466000.000  0.000  -7183000.000
  8287200  10649000.000  0.000  4168000.000  0.000  -6481000.000
  8290800  10649000.000  0.000  4621000.000  0.000  -6028000.000
  8294400  10649000.000  0.000  4798000.000  0.000  -5851000.000
  8298000  10649000.000  0.000  4807000.000  0.000  -5842000.000
  8301600  10649000.000  0.000  4575000.000  0.000  -6074000.000
  8305200  10649000.000  0.000  3665000.000  0.000  -6984000.000
  8308800  10649000.000  0.000  2247000.000  0.000  -8402000.000
  8312400  10649000.000  0.000  1801000.000  0.000  -8848000.000
  8316000  10649000.000  0.000  2751000.000  0.000  -7898000.000
  8319600  10649000.000  0.000  3343000.000  0.000  -7306000.000
  8323200  10649000.000  0.000  4084000.000  0.000  -6565000.000
  8326800  10649000.000  0.000  4729000.000  0.000  -5920000.000
  8330400  10649000.000  0.000  5169000.000  0.000  -5480000.000
  8334000  10649000.000  0.000  5539000.000  0.000  -5110000.000
  8337600  10649000.000  0.000  5742000.000  0.000  -4907000.000
  8341200  10649000.000  0.000  5235000.000  0.000  -5414000.000
  8344800  10649000.000  0.000  5265000.000  0.000  -5384000.000
  8348400  10649000.000  0.000  5287000.000  0.000  -5362000.000
  8352000  10649000.000  0.000  5384000.000  0.000  -5265000.000
  8355600  5362000.000  0.000  0.000  0.000  -5362000.000
  8359200  0.000  0.000  0.000  5933000.000  -5933000.000
  8362800  0.000  0.000  0.000  6599000.000  -6599000.000
  8366400  0.000  0.000  0.000  6585000.000  -6585000.000
  8370000  0.000  0.000  0.000  6649000.000  -6649000.000
  8373600  0.000  0.000  0.000  6649000.000  -6649000.000
  8377200  10649000.000  0.000  4378000.000  0.000  -6271000.000
  8380800  10649000.000  0.000  4635000.000  0.000  -6014000.000
  8384400  10649000.000  0.000  4630000.000  0.000  -6019000.000
  8388000  10649000.000  0.000  4636000.000  0.000  -6013000.000
  8391600  10649000.000  0.000  4433000.000  0.000  -6216000.000
  8395200  10649000.000  0.000  2039000.000  0.000  -8610000.000
  8398800  1455000.000  0.000  0.000  7799000.000  -9254000.000
  8402400  998000.000  0.000  0.000  7799000.000  -8797000.000
  8406000  0.000  0.000  0.000  7681000.000  -7681000.000
  8409600  0.000  0.000  0.000  6854000.000  -6854000.000
  8413200  0.000  0.000  0.000  6195000.000  -6195000.000
  8416800  0.000  0.000  0.000  6016000.000  -6016000.000
  8420400  10649000.000  0.000  4744000.000  0.000  -5905000.000
  8424000  10649000.000  0.000  4746000.000  0.000  -5903000.000
  8427600  10649000.000  0.000  4358000.000  0.000  -6291000.000
  8431200  10649000.000  0.000  4356000.000  0.000  -6293000.000
  8434800  10649000.000  0.000  4308000.000  0.000  -6341000.000
  8438400  10649000.000  0.000  4140000.000  0.000  -6509000.000
  8442000  0.000  0.000  0.000  6705000.000  -6705000.000
  8445600  0.000  0.000  0.000  7528000.000  -7528000.000
  8449200  243000.000  0.000  0.000  7799000.000  -8042000.000
  8452800  10649000.000  0.000  2543000.000  0.000  -8106000.000
  8456400  10649000.000  0.000  2261000.000  0.000  -8388000.000
  8460000  10649000.000  0.000  3388000.000  0.000  -7261000.000
  8463600  10649000.000  0.000  3847000.000  0.000  -6802000.000
  8467200  10649000.000  0.000  3976000.000  0.000  -6673000.000
  8470800  10649000.000  0.000  4131000.000  0.000  -6518000.000
  8474400  10649000.000  0.000  3524000.000  0.000  -7125000.000
  8478000  10649000.000  0.000  2616000.000  0.000  -8033000.000
  8481600  10649000.000  0.000  1352000.000  0.000  -9297000.000
  8485200  2047000.000  0.000  0.000  7799000.000  -9846000.000
  8488800  1658000.000  0.000  0.000  7799000.000  -9457000.000
  8492400  863000.000  0.000  0.000  7799000.000  -8662000.000
  8496000  0.000  0.000  0.000  7429000.000  -7429000.000
  8499600  0.000  0.000  0.000  6752000.000  -6752000.000
  8503200  10649000.000  0.000  4103000.000  0.000  -6546000.000
  8506800  10649000.000  0.000  3600000.000  0.000  -7049000.000
  8510400  10649000.000  0.000  3561000.000  0.000  -7088000.000
  8514000  10649000.000  0.000  3533000.000  0.000  -7116000.000
  8517600  10649000.000  0.000  3460000.000  0.000  -7189000.000
  8521200  10649000.000  0.000  2941000.000  0.000  -7708000.000
  8524800  10649000.000  0.000  2688000.000  0.000  -7961000.000
  8528400  10649000.000  0.000  2521000.000  0.000  -8128000.000
  8532000  1497000.000  0.000  0.000  7799000.000  -9296000.000
  8535600  9803000.000  0.000  0.000  0.000  -9803000.000
  8539200  10649000.000  0.000  1258000.000  0.000  -9391000.000
  8542800  10649000.000  0.000  2070000.000  0.000  -8579000.000
  8546400  10649000.000  0.000  2903000.000  0.000  -7746000.000
  8550000  10649000.000  0.000  2390000.000  0.000  -8259000.000
  8553600  10649000.000  0.000  2682000.000  0.000  -7967000.000
  8557200  10649000.000  0.000  2244000.000  0.000  -8405000.000
  8560800  10649000.000  0.000  1339000.000  0.000  -9310000.000
  8564400  10649000.000  0.000  85000.000  0.000  -10564000.000
  8568000  10649000.000  0.000  0.000  940000.000  -11589000.000
  8571600  4476000.000  0.000  0.000  7799000.000  -12275000.000
  8575200  4112000.000  0.000  0.000  7799000.000  -11911000.000
  8578800  1992000.000  0.000  0.000  7799000.000  -9791000.000
  8582400  778000.000  0.000  0.000  7799000.000  -8577000.000
  8586000  7578000.000  0.000  0.000  0.000  -7578000.000
  8589600  10649000.000  0.000  2153000.000  0.000  -8496000.000
  8593200  10649000.000  0.000  2006000.000  0.000  -8643000.000
  8596800  10649000.000  0.000  1560000.000  0.000  -9089000.000
  8600400  10649000.000  0.000  1577000.000  0.000  -9072000.000
  8604000  10649000.000  0.000  1191000.000  0.000  -9458000.000
  8607600  10649000.000  0.000  1218000.000  0.000  -9431000.000
  8611200  10649000.000  0.000  1301000.000  0.000  -9348000.000
  8614800  10649000.000  0.000  1275000.000  0.000  -9374000.000
  8618400  9551000.000  0.000  0.000  0.000  -9551000.000
  8622000  10487000.000  0.000  0.000  0.000  -10487000.000
  8625600  10649000.000  0.000  220000.000  0.000  -10429000.000
  8629200  10649000.000  0.000  724000.000  0.000  -9925000.000
  8632800  10649000.000  0.000  1286000.000  0.000  -9363000.000
  8636400  10649000.000  0.000  1987000.000  0.000  -8662000.000
  8640000  10649000.000  0.000  1820000.000  0.000  -8829000.000
  8643600  10649000.000  0.000  1183000.000  0.000  -9466000.000
  8647200  10649000.000  0.000  1078000.000  0.000  -9571000.000
  8650800  10649000.000  0.000  624000.000  0.000  -10025000.000
  8654400  10649000.000  0.000  0.000  239000.000  -10888000.000
  8658000  6108037.800  0.000  0.000  5777962.200  -11886000.000
  8661600  4534000.000  0.000  0.000  7799000.000  -12333000.000
  8665200  3923000.000  0.000  0.000  7799000.000  -11722000.000
  8668800  2261000.000  0.000  0.000  7799000.000  -10060000.000
  8672400  1397000.000  0.000  0.000  7799000.000  -9196000.000
  8676000  10649000.000  0.000  1159000.000  0.000  -9490000.000
  8679600  10649000.000  0.000  1011000.000  0.000  -9638000.000
  8683200  10649000.000  0.000  1112000.000  0.000  -9537000.000
  8686800  10649000.000  0.000  746000.000  0.000  -9903000.000
  8690400  10649000.000  0.000  633000.000  0.000  -10016000.000
  8694000  10649000.000  0.000  645000.000  0.000  -10004000.000
  8697600  10649000.000  0.000  226000.000  0.000  -10423000.000
  8701200  10649000.000  0.000  0.000  347000.000  -10996000.000
  8704800  4383000.000  0.000  0.000  7799000.000  -12182000.000
  8708400  4221000.000  0.000  0.000  7799000.000  -12020000.000
  8712000  3790000.000  0.000  0.000  7799000.000  -11589000.000
  8715600  10649000.000  0.000  0.000  71000.000  -10720000.000
  8719200  10649000.000  0.000  1392000.000  0.000  -9257000.000
  8722800  10649000.000  0.000  1776000.000  0.000  -8873000.000
  8726400  10649000.000  0.000  1751000.000  0.000  -8898000.000
  8730000  10649000.000  0.000  1775000.000  0.000  -8874000.000
  8733600  10649000.000  0.000  885000.000  0.000  -9764000.000
  8737200  10649000.000  0.000  63000.000  0.000  -10586000.000
  8740800  10649000.000  0.000  0.000  1083000.000  -11732000.000
  8744400  3914000.000  0.000  0.000  7799000.000  -11713000.000
  8748000  3352000.000  0.000  0.000  7799000.000  -11151000.000
  8751600  3191000.000  0.000  0.000  7799000.000  -10990000.000
  8755200  2397000.000  0.000  0.000  7799000.000  -10196000.000
  8758800  9706000.000  0.000  0.000  0.000  -9706000.000
  8762400  10649000.000  0.000  640000.000  0.000  -10009000.000
  8766000  10649000.000  0.000  1018000.000  0.000  -9631000.000
  8769600  10649000.000  0.000  1293000.000  0.000  -9356000.000
  8773200  10649000.000  0.000  1290000.000  0.000  -9359000.000
  8776800  10649000.000  0.000  1654000.000  0.000  -8995000.000
  8780400  10649000.000  0.000  1371000.000  0.000  -9278000.000
  8784000  10649000.000  0.000  603000.000  0.000  -10046000.000
  8787600  10649000.000  0.000  54000.000  0.000  -10595000.000
  8791200  3873275.000  0.000  0.000  7168725.000  -11042000.000
  8794800  10649000.000  0.000  0.000  513000.000  -11162000.000
  8798400  10649000.000  0.000  0.000  202000.000  -10851000.000
  8802000  10649000.000  0.000  1016000.000  0.000  -9633000.000
  8805600  10649000.000  0.000  1329000.000  0.000  -9320000.000
  8809200  10649000.000  0.000  1577000.000  0.000  -9072000.000
  8812800  10649000.000  0.000  1802000.000  0.000  -8847000.000
  8816400  10649000.000  0.000  776000.000  0.000  -9873000.000
  8820000  10649000.000  0.000  937000.000  0.000  -9712000.000
  8823600  10649000.000  0.000  241000.000  0.000  -10408000.000
  8827200  10649000.000  0.000  0.000  504000.000  -11153000.000
  8830800  10649000.000  0.000  0.000  1511000.000  -12160000.000
  8834400  10649000.000  0.000  0.000  1355000.000  -12004000.000
  8838000  10649000.000  0.000  0.000  1317000.000  -11966000.000
  8841600  10649000.000  0.000  0.000  117000.000  -10766000.000
  8845200  10649000.000  0.000  1116000.000  0.000  -9533000.000
  8848800  10649000.000  0.000  1891000.000  0.000  -8758000.000
  8852400  10649000.000  0.000  2198000.000  0.000  -8451000.000
  8856000  10649000.000  0.000  1215000.000  0.000  -9434000.000
  8859600  10649000.000  0.000  773000.000  0.000  -9876000.000
  8863200  10649000.000  0.000  617000.000  0.000  -10032000.000
  8866800  10649000.000  0.000  481000.000  0.000  -10168000.000
  8870400  10649000.000  0.000  328000.000  0.000  -10321000.000
  8874000  10649000.000  0.000  0.000  587000.000  -11236000.000
  8877600  10649000.000  0.000  0.000  915000.000  -11564000.000
  8881200  10649000.000  0.000  0.000  831000.000  -11480000.000
  8884800  10649000.000  0.000  0.000  505000.000  -11154000.000
  8888400  10649000.000  0.000  0.000  227000.000  -10876000.000
  8892000  10649000.000  0.000  384000.000  0.000  -10265000.000
  8895600  10649000.000  0.000  899000.000  0.000  -9750000.000
  8899200  10649000.000  0.000  1255000.000  0.000  -9394000.000
  8902800  10649000.000  0.000  1234000.000  0.000  -9415000.000
  8906400  10649000.000  0.000  1019000.000  0.000  -9630000.000
  8910000  10649000.000  0.000  642000.000  0.000  -10007000.000
  8913600  10649000.000  0.000  103000.000  0.000  -10546000.000
  8917200  10649000.000  0.000  0.000  1167000.000  -11816000.000
  8920800  10649000.000  0.000  315000.000  0.000  -10334000.000
  8924400  10649000.000  0.000  408000.000  0.000  -10241000.000
  8928000  10649000.000  0.000  0.000  694000.000  -11343000.000
  8931600  10649000.000  0.000  0.000  1451000.000  -12100000.000
  8935200  10649000.000  0.000  0.000  564000.000  -11213000.000
  8938800  10649000.000  0.000  514000.000  0.000  -10135000.000
  8942400  10649000.000  0.000  481000.000  0.000  -10168000.000
  8946000  10649000.000  0.000  0.000  95000.000  -10744000.000
  8949600  10649000.000  0.000  0.000  126000.000  -10775000.000
  8953200  10649000.000  0.000  365000.000  0.000  -10284000.000
  8956800  10649000.000  0.000  413000.000  0.000  -10236000.000
  8960400  10649000.000  0.000  923000.000  0.000  -9726000.000
  8964000  10649000.000  0.000  791000.000  0.000  -9858000.000
  8967600  10649000.000  0.000  0.000  185000.000  -10834000.000
  8971200  10649000.000  0.000  0.000  124000.000  -10773000.000
  8974800  10649000.000  0.000  621000.000  0.000  -10028000.000
  8978400  10649000.000  0.000  1416000.000  0.000  -9233000.000
  8982000  10649000.000  0.000  1784000.000  0.000  -8865000.000
  8985600  10649000.000  0.000  1465000.000  0.000  -9184000.000
  8989200  10649000.000  0.000  986000.000  0.000  -9663000.000
  8992800  10649000.000  0.000  486000.000  0.000  -10163000.000
  8996400  10649000.000  0.000  361000.000  0.000  -10288000.000
  9000000  10649000.000  0.000  0.000  996000.000  -11645000.000
  9003600  8143253.800  0.000  0.000  3675746.200  -11819000.000
  9007200  4085000.000  0.000  0.000  7799000.000  -11884000.000
  9010800  3468000.000  0.000  0.000  7799000.000  -11267000.000
  9014400  10075000.000  0.000  0.000  0.000  -10075000.000
  9018000  10649000.000  0.000  1085000.000  0.000  -9564000.000
  9021600  10649000.000  0.000  1861000.000  0.000  -8788000.000
  9025200  10649000.000  0.000  1526000.000  0.000  -9123000.000
  9028800  10649000.000  0.000  1511000.000  0.000  -9138000.000
  9032400  10649000.000  0.000  1774000.000  0.000  -8875000.000
  9036000  10649000.000  0.000  2150000.000  0.000  -8499000.000
  9039600  10649000.000  0.000  2166000.000  0.000  -8483000.000
  9043200  10649000.000  0.000  2262000.000  0.000  -8387000.000
  9046800  10649000.000  0.000  2435000.000  0.000  -8214000.000
  9050400  973000.000  0.000  0.000  7799000.000  -8772000.000
  9054000  5444080.500  0.000  0.000  4319919.500  -9764000.000
  9057600  10649000.000  0.000  845000.000  0.000  -9804000.000
  9061200  10649000.000  0.000  1863000.000  0.000  -8786000.000
  9064800  10649000.000  0.000  1294000.000  0.000  -9355000.000
  9068400  10649000.000  0.000  1910000.000  0.000  -8739000.000
  9072000  10649000.000  0.000  2157000.000  0.000  -8492000.000
  9075600  10649000.000  0.000  1919000.000  0.000  -8730000.000
  9079200  10649000.000  0.000  1702000.000  0.000  -8947000.000
  9082800  10649000.000  0.000  719000.000  0.000  -9930000.000
  9086400  10649000.000  0.000  0.000  707000.000  -11356000.000
  9090000  10649000.000  0.000  0.000  535000.000  -11184000.000
  9093600  2736000.000  0.000  0.000  7799000.000  -10535000.000
  9097200  2760000.000  0.000  0.000  7799000.000  -10559000.000
  9100800  10649000.000  0.000  171000.000  0.000  -10478000.000
  9104400  10649000.000  0.000  1473000.000  0.000  -9176000.000
  9108000  10649000.000  0.000  2295000.000  0.000  -8354000.000
  9111600  10649000.000  0.000  2502000.000  0.000  -8147000.000
  9115200  10649000.000  0.000  2562000.000  0.000  -8087000.000
  9118800  10649000.000  0.000  2838000.000  0.000  -7811000.000
  9122400  10649000.000  0.000  2628000.000  0.000  -8021000.000
  9126000  10649000.000  0.000  2455000.000  0.000  -8194000.000
  9129600  10649000.000  0.000  2495000.000  0.000  -8154000.000
  9133200  4604093.400  0.000  0.000  3713906.600  -8318000.000
  9136800  1235000.000  0.000  0.000  7799000.000  -9034000.000
  9140400  2105000.000  0.000  0.000  7799000.000  -9904000.000
  9144000  10649000.000  0.000  1449000.000  0.000  -9200000.000
  9147600  10649000.000  0.000  2089000.000  0.000  -8560000.000
  9151200  10649000.000  0.000  2075000.000  0.000  -8574000.000
  9154800  10649000.000  0.000  2729000.000  0.000  -7920000.000
  9158400  10649000.000  0.000  2844000.000  0.000  -7805000.000
  9162000  10649000.000  0.000  2766000.000  0.000  -7883000.000
  9165600  10649000.000  0.000  2583000.000  0.000  -8066000.000
  9169200  10649000.000  0.000  1688000.000  0.000  -8961000.000
  9172800  10649000.000  0.000  88000.000  0.000  -10561000.000
  9176400  10649000.000  0.000  1269000.000  0.000  -9380000.000
  9180000  1397000.000  0.000  0.000  7799000.000  -9196000.000
  9183600  1388000.000  0.000  0.000  7799000.000  -9187000.000
  9187200  4856901.400  0.000  0.000  3850098.600  -8707000.000
  9190800  7481000.000  0.000  0.000  0.000  -7481000.000
  9194400  10649000.000  0.000  3851000.000  0.000  -6798000.000
  9198000  10649000.000  0.000  4486000.000  0.000  -6163000.000
  9201600  10649000.000  0.000  3871000.000  0.000  -6778000.000
  9205200  10649000.000  0.000  3388000.000  0.000  -7261000.000
  9208800  10649000.000  0.000  3710000.000  0.000  -6939000.000
  9212400  10649000.000  0.000  4082000.000  0.000  -6567000.000
  9216000  10649000.000  0.000  4047000.000  0.000  -6602000.000
  9219600  0.000  0.000  0.000  6812000.000  -6812000.000
  9223200  0.000  0.000  0.000  7256000.000  -7256000.000
  9226800  0.000  0.000  0.000  7744000.000  -7744000.000
  9230400  9604328.400  0.000  1792328.400  0.000  -7812000.000
  9234000  10649000.000  0.000  4621000.000  0.000  -6028000.000
  9237600  10649000.000  0.000  3565000.000  0.000  -7084000.000
  9241200  10649000.000  0.000  2798000.000  0.000  -7851000.000
  9244800  10649000.000  0.000  2506000.000  0.000  -8143000.000
  9248400  10649000.000  0.000  2730000.000  0.000  -7919000.000
  9252000  10649000.000  0.000  2833000.000  0.000  -7816000.000
  9255600  10649000.000  0.000  2725000.000  0.000  -7924000.000
  9259200  10649000.000  0.000  2382000.000  0.000  -8267000.000
  9262800  1278000.000  0.000  0.000  7799000.000  -9077000.000
  9266400  1417000.000  0.000  0.000  7799000.000  -9216000.000
  9270000  950000.000  0.000  0.000  7799000.000  -8749000.000
  9273600  65000.000  0.000  0.000  7799000.000  -7864000.000
  9277200  6561000.000  0.000  0.000  0.000  -6561000.000
  9280800  10393345.000  0.000  4606345.000  0.000  -5787000.000
  9284400  10649000.000  0.000  5253000.000  0.000  -5396000.000
  9288000  10649000.000  0.000  5031000.000  0.000  -5618000.000
  9291600  10649000.000  0.000  4689000.000  0.000  -5960000.000
  9295200  10649000.000  0.000  4596000.000  0.000  -6053000.000
  9298800  10649000.000  0.000  4744000.000  0.000  -5905000.000
  9302400  10649000.000  0.000  4844000.000  0.000  -5805000.000
  9306000  0.000  0.000  0.000  6006000.000  -6006000.000
  9309600  0.000  0.000  0.000  6309000.000  -6309000.000
  9313200  0.000  0.000  0.000  7169000.000  -7169000.000
  9316800  0.000  0.000  0.000  7259000.000  -7259000.000
  9320400  0.000  0.000  0.000  6815000.000  -6815000.000
  9324000  6493000.000  0.000  0.000  0.000  -6493000.000
  9327600  10649000.000  0.000  4173000.000  0.000  -6476000.000
  9331200  10649000.000  0.000  4136000.000  0.000  -6513000.000
  9334800  10649000.000  0.000  4145000.000  0.000  -6504000.000
  9338400  10649000.000  0.000  4160000.000  0.000  -6489000.000
  9342000  10649000.000  0.000  4099000.000  0.000  -6550000.000
  9345600  10649000.000  0.000  3689000.000  0.000  -6960000.000
  9349200  6233300.000  0.000  0.000  2351700.000  -8585000.000
  9352800  1055000.000  0.000  0.000  7799000.000  -8854000.000
  9356400  0.000  0.000  0.000  7455000.000  -7455000.000
  9360000  0.000  0.000  0.000  6667000.000  -6667000.000
  9363600  6296000.000  0.000  0.000  0.000  -6296000.000
  9367200  10649000.000  0.000  5645000.000  0.000  -5004000.000
  9370800  10649000.000  0.000  5503000.000  0.000  -5146000.000
  9374400  10649000.000  0.000  4888000.000  0.000  -5761000.000
  9378000  10649000.000  0.000  4590000.000  0.000  -6059000.000
  9381600  10649000.000  0.000  4396000.000  0.000  -6253000.000
  9385200  10649000.000  0.000  4760000.000  0.000  -5889000.000
  9388800  10649000.000  0.000  5242000.000  0.000  -5407000.000
  9392400  0.000  0.000  0.000  5037000.000  -5037000.000
  9396000  0.000  0.000  0.000  5202000.000  -5202000.000
  9399600  0.000  0.000  0.000  5878000.000  -5878000.000
  9403200  0.000  0.000  0.000  6003000.000  -6003000.000
  9406800  0.000  0.000  0.000  6338000.000  -6338000.000
  9410400  0.000  0.000  0.000  6324000.000  -6324000.000
  9414000  10649000.000  0.000  4316000.000  0.000  -6333000.000
  9417600  10649000.000  0.000  4339000.000  0.000  -6310000.000
  9421200  10649000.000  0.000  4322000.000  0.000  -6327000.000
  9424800  10649000.000  0.000  4359000.000  0.000  -6290000.000
  9428400  10649000.000  0.000  4190000.000  0.000  -6459000.000
  9432000  10649000.000  0.000  3285000.000  0.000  -7364000.000
  9435600  520000.000  0.000  0.000  7799000.000  -8319000.000
  9439200  989000.000  0.000  0.000  7799000.000  -8788000.000
  9442800  5143369.400  0.000  0.000  2473630.600  -7617000.000
  9446400  0.000  0.000  0.000  6624000.000  -6624000.000
  9450000  10649000.000  0.000  4665000.000  0.000  -5984000.000
  9453600  10649000.000  0.000  6038000.000  0.000  -4611000.000
  9457200  10649000.000  0.000  6197000.000  0.000  -4452000.000
  9460800  10649000.000  0.000  5934000.000  0.000  -4715000.000
  9464400  10649000.000  0.000  5840000.000  0.000  -4809000.000
  9468000  10649000.000  0.000  5872000.000  0.000  -4777000.000
  9471600  10649000.000  0.000  5776000.000  0.000  -4873000.000
  9475200  0.000  0.000  0.000  4883000.000  -4883000.000
  9478800  0.000  0.000  0.000  4915000.000  -4915000.000
  9482400  0.000  0.000  0.000  5730000.000  -5730000.000
  9486000  0.000  0.000  0.000  5891000.000  -5891000.000
  9489600  0.000  0.000  0.000  5854000.000  -5854000.000
  9493200  0.000  0.000  0.000  5825000.000  -5825000.000
  9496800  0.000  0.000  0.000  5793000.000  -5793000.000
  9500400  4655040.400  0.000  0.000  1142959.600  -5798000.000
  9504000  5809000.000  0.000  0.000  0.000  -5809000.000
  9507600  10649000.000  0.000  4833000.000  0.000  -5816000.000
  9511200  10649000.000  0.000  4549000.000  0.000  -6100000.000
  9514800  6715000.000  0.000  0.000  0.000  -6715000.000
  9518400  10649000.000  0.000  3168000.000  0.000  -7481000.000
  9522000  0.000  0.000  0.000  7703000.000  -7703000.000
  9525600  2546915.300  0.000  0.000  4806084.700  -7353000.000
  9529200  5996000.000  0.000  0.000  0.000  -5996000.000
  9532800  5902000.000  0.000  0.000  0.000  -5902000.000
  9536400  5547000.000  0.000  0.000  0.000  -5547000.000
  9540000  9745023.900  0.000  4706023.900  0.000  -5039000.000
  9543600  10649000.000  0.000  6204000.000  0.000  -4445000.000
  9547200  10649000.000  0.000  6264000.000  0.000  -4385000.000
  9550800  10649000.000  0.000  6214000.000  0.000  -4435000.000
  9554400  10649000.000  0.000  6226000.000  0.000  -4423000.000
  9558000  10649000.000  0.000  6281000.000  0.000  -4368000.000
  9561600  0.000  0.000  0.000  4469000.000  -4469000.000
  9565200  0.000  0.000  0.000  4569000.000  -4569000.000
  9568800  0.000  0.000  0.000  5215000.000  -5215000.000
  9572400  0.000  0.000  0.000  5387000.000  -5387000.000
  9576000  0.000  0.000  0.000  5360000.000  -5360000.000
  9579600  0.000  0.000  0.000  5339000.000  -5339000.000
  9583200  0.000  0.000  0.000  5323000.000  -5323000.000
  9586800  5337000.000  0.000  0.000  0.000  -5337000.000
  9590400  10649000.000  0.000  5318000.000  0.000  -5331000.000
  9594000  10649000.000  0.000  5039000.000  0.000  -5610000.000
  9597600  10649000.000  0.000  4816000.000  0.000  -5833000.000
  9601200  10649000.000  0.000  4719000.000  0.000  -5930000.000
  9604800  10649000.000  0.000  4010000.000  0.000  -6639000.000
  9608400  10649000.000  0.000  3456000.000  0.000  -7193000.000
  9612000  10649000.000  0.000  3596000.000  0.000  -7053000.000
  9615600  10649000.000  0.000  4678000.000  0.000  -5971000.000
  9619200  10649000.000  0.000  5618000.000  0.000  -5031000.000
  9622800  10649000.000  0.000  6014000.000  0.000  -4635000.000
  9626400  10649000.000  0.000  6124000.000  0.000  -4525000.000
  9630000  10649000.000  0.000  6107000.000  0.000  -4542000.000
  9633600  10649000.000  0.000  5974000.000  0.000  -4675000.000
  9637200  10649000.000  0.000  5895000.000  0.000  -4754000.000
  9640800  10649000.000  0.000  5753000.000  0.000  -4896000.000
  9644400  10649000.000  0.000  5571000.000  0.000  -5078000.000
  9648000  10649000.000  0.000  5351000.000  0.000  -5298000.000
  9651600  10649000.000  0.000  5317000.000  0.000  -5332000.000
  9655200  10649000.000  0.000  5302000.000  0.000  -5347000.000
  9658800  10649000.000  0.000  5290000.000  0.000  -5359000.000
  9662400  10649000.000  0.000  5234000.000  0.000  -5415000.000
  9666000  10649000.000  0.000  5309000.000  0.000  -5340000.000
  9669600  10649000.000  0.000  5297000.000  0.000  -5352000.000
  9673200  10649000.000  0.000  5223000.000  0.000  -5426000.000
  9676800  10649000.000  0.000  5208000.000  0.000  -5441000.000
  9680400  10649000.000  0.000  5217000.000  0.000  -5432000.000
  9684000  10649000.000  0.000  5238000.000  0.000  -5411000.000
  9687600  10649000.000  0.000  4996000.000  0.000  -5653000.000
  9691200  10649000.000  0.000  3845000.000  0.000  -6804000.000
  9694800  7409000.000  0.000  0.000  0.000  -7409000.000
  9698400  0.000  0.000  0.000  7048000.000  -7048000.000
  9702000  0.000  0.000  0.000  6202000.000  -6202000.000
  9705600  10649000.000  0.000  5369000.000  0.000  -5280000.000
  9709200  10649000.000  0.000  5590000.000  0.000  -5059000.000
  9712800  10649000.000  0.000  5614000.000  0.000  -5035000.000
  9716400  10649000.000  0.000  5556000.000  0.000  -5093000.000
  9720000  10649000.000  0.000  5475000.000  0.000  -5174000.000
  9723600  10649000.000  0.000  5529000.000  0.000  -5120000.000
  9727200  10649000.000  0.000  5619000.000  0.000  -5030000.000
  9730800  10649000.000  0.000  5759000.000  0.000  -4890000.000
  9734400  0.000  0.000  0.000  4848000.000  -4848000.000
  9738000  0.000  0.000  0.000  4944000.000  -4944000.000
  9741600  0.000  0.000  0.000  4970000.000  -4970000.000
  9745200  0.000  0.000  0.000  4972000.000  -4972000.000
  9748800  0.000  0.000  0.000  5344000.000  -5344000.000
  9752400  4711198.600  0.000  0.000  824801.390  -5536000.000
  9756000  10649000.000  0.000  5202000.000  0.000  -5447000.000
  9759600  10649000.000  0.000  5237000.000  0.000  -5412000.000
  9763200  10649000.000  0.000  5579000.000  0.000  -5070000.000
  9766800  10649000.000  0.000  5554000.000  0.000  -5095000.000
  9770400  10649000.000  0.000  5586000.000  0.000  -5063000.000
  9774000  10649000.000  0.000  5530000.000  0.000  -5119000.000
  9777600  10649000.000  0.000  5470000.000  0.000  -5179000.000
  9781200  0.000  0.000  0.000  6307000.000  -6307000.000
  9784800  0.000  0.000  0.000  6543000.000  -6543000.000
  9788400  0.000  0.000  0.000  6441000.000  -6441000.000
  9792000  0.000  0.000  0.000  6424000.000  -6424000.000
  9795600  0.000  0.000  0.000  5229000.000  -5229000.000
  9799200  0.000  0.000  0.000  4879000.000  -4879000.000
  9802800  10649000.000  0.000  5687000.000  0.000  -4962000.000
  9806400  4937000.000  0.000  0.000  0.000  -4937000.000
  9810000  10649000.000  0.000  6211000.000  0.000  -4438000.000
  9813600  10649000.000  0.000  6376000.000  0.000  -4273000.000
  9817200  0.000  0.000  0.000  4263000.000  -4263000.000
  9820800  0.000  0.000  0.000  4330000.000  -4330000.000
  9824400  0.000  0.000  0.000  4507000.000  -4507000.000
  9828000  0.000  0.000  0.000  4829000.000  -4829000.000
  9831600  0.000  0.000  0.000  5186000.000  -5186000.000
  9835200  0.000  0.000  0.000  5158000.000  -5158000.000
  9838800  0.000  0.000  0.000  5133000.000  -5133000.000
  9842400  10649000.000  0.000  5524000.000  0.000  -5125000.000
  9846000  10649000.000  0.000  5668000.000  0.000  -4981000.000
  9849600  10649000.000  0.000  5700000.000  0.000  -4949000.000
  9853200  10649000.000  0.000  5704000.000  0.000  -4945000.000
  9856800  10649000.000  0.000  5717000.000  0.000  -4932000.000
  9860400  10649000.000  0.000  5693000.000  0.000  -4956000.000
  9864000  0.000  0.000  0.000  5017000.000  -5017000.000
  9867600  0.000  0.000  0.000  5818000.000  -5818000.000
  9871200  0.000  0.000  0.000  5990000.000  -5990000.000
  9874800  0.000  0.000  0.000  5870000.000  -5870000.000
  9878400  0.000  0.000  0.000  5240000.000  -5240000.000
  9882000  0.000  0.000  0.000  4658000.000  -4658000.000
  9885600  0.000  0.000  0.000  4152000.000  -4152000.000
  9889200  0.000  0.000  0.000  4098000.000  -4098000.000
  9892800  10649000.000  0.000  6617000.000  0.000  -4032000.000
  9896400  10649000.000  0.000  7658000.000  0.000  -2991000.000
  9900000  10649000.000  0.000  7650000.000  0.000  -2999000.000
  9903600  0.000  0.000  0.000  3255000.000  -3255000.000
  9907200  0.000  0.000  0.000  3588000.000  -3588000.000
  9910800  0.000  0.000  0.000  4375000.000  -4375000.000
  9914400  0.000  0.000  0.000  4424000.000  -4424000.000
  9918000  0.000  0.000  0.000  4606000.000  -4606000.000
  9921600  0.000  0.000  0.000  4794000.000  -4794000.000
  9925200  0.000  0.000  0.000  4684000.000  -4684000.000
  9928800  0.000  0.000  0.000  4522000.000  -4522000.000
  9932400  0.000  0.000  0.000  4016000.000  -4016000.000
  9936000  0.000  0.000  0.000  3984000.000  -3984000.000
  9939600  10649000.000  0.000  6596000.000  0.000  -4053000.000
  9943200  0.000  0.000  0.000  3951000.000  -3951000.000
  9946800  0.000  0.000  0.000  4108000.000  -4108000.000
  9950400  0.000  0.000  0.000  4434000.000  -4434000.000
  9954000  0.000  0.000  0.000  4874000.000  -4874000.000
  9957600  0.000  0.000  0.000  5189000.000  -5189000.000
  9961200  0.000  0.000  0.000  5292000.000  -5292000.000
  9964800  0.000  0.000  0.000  5021000.000  -5021000.000
  9968400  0.000  0.000  0.000  4896000.000  -4896000.000
  9972000  0.000  0.000  0.000  5102000.000  -5102000.000
  9975600  0.000  0.000  0.000  4953000.000  -4953000.000
  9979200  0.000  0.000  0.000  4908000.000  -4908000.000
  9982800  0.000  0.000  0.000  4924000.000  -4924000.000
  9986400  0.000  0.000  0.000  4840000.000  -4840000.000
  9990000  0.000  0.000  0.000  4874000.000  -4874000.000
  9993600  0.000  0.000  0.000  4867000.000  -4867000.000
  9997200  0.000  0.000  0.000  4861000.000  -4861000.000
  10000800  0.000  0.000  0.000  4945000.000  -4945000.000
  10004400  0.000  0.000  0.000  5170000.000  -5170000.000
  10008000  0.000  0.000  0.000  5223000.000  -5223000.000
  10011600  0.000  0.000  0.000  5213000.000  -5213000.000
  10015200  0.000  0.000  0.000  5140000.000  -5140000.000
  10018800  10649000.000  0.000  5514000.000  0.000  -5135000.000
  10022400  10649000.000  0.000  5522000.000  0.000  -5127000.000
  10026000  10649000.000  0.000  5549000.000  0.000  -5100000.000
  10029600  10649000.000  0.000  5606000.000  0.000  -5043000.000
  10033200  10649000.000  0.000  5462000.000  0.000  -5187000.000
  10036800  10649000.000  0.000  5453000.000  0.000  -5196000.000
  10040400  10649000.000  0.000  5448000.000  0.000  -5201000.000
  10044000  10649000.000  0.000  5077000.000  0.000  -5572000.000
  10047600  0.000  0.000  0.000  5685000.000  -5685000.000
  10051200  5809000.000  0.000  0.000  0.000  -5809000.000
  10054800  10649000.000  0.000  5024000.000  0.000  -5625000.000
  10058400  10649000.000  0.000  5519000.000  0.000  -5130000.000
  10062000  10649000.000  0.000  5835000.000  0.000  -4814000.000
  10065600  10649000.000  0.000  5812000.000  0.000  -4837000.000
  10069200  10649000.000  0.000  6422000.000  0.000  -4227000.000
  10072800  10649000.000  0.000  6440000.000  0.000  -4209000.000
  10076400  10649000.000  0.000  6357000.000  0.000  -4292000.000
  10080000  10649000.000  0.000  6440000.000  0.000  -4209000.000
  10083600  0.000  0.000  0.000  4761000.000  -4761000.000
  10087200  0.000  0.000  0.000  5219000.000  -5219000.000
  10090800  0.000  0.000  0.000  5232000.000  -5232000.000
  10094400  0.000  0.000  0.000  5233000.000  -5233000.000
  10098000  5154000.000  0.000  0.000  0.000  -5154000.000
  10101600  10649000.000  0.000  5508000.000  0.000  -5141000.000
  10105200  10649000.000  0.000  5479000.000  0.000  -5170000.000
  10108800  10649000.000  0.000  5461000.000  0.000  -5188000.000
  10112400  10649000.000  0.000  5465000.000  0.000  -5184000.000
  10116000  10649000.000  0.000  5472000.000  0.000  -5177000.000
  10119600  10649000.000  0.000  5441000.000  0.000  -5208000.000
  10123200  10649000.000  0.000  5424000.000  0.000  -5225000.000
  10126800  10649000.000  0.000  5424000.000  0.000  -5225000.000
  10130400  10649000.000  0.000  4901000.000  0.000  -5748000.000
  10134000  10649000.000  0.000  5351000.000  0.000  -5298000.000
  10137600  10649000.000  0.000  4157000.000  0.000  -6492000.000
  10141200  10649000.000  0.000  4250000.000  0.000  -6399000.000
  10144800  10649000.000  0.000  4708000.000  0.000  -5941000.000
  10148400  10649000.000  0.000  4842000.000  0.000  -5807000.000
  10152000  10649000.000  0.000  4822000.000  0.000  -5827000.000
  10155600  10649000.000  0.000  4684000.000  0.000  -5965000.000
  10159200  10649000.000  0.000  4312000.000  0.000  -6337000.000
  10162800  10649000.000  0.000  4073000.000  0.000  -6576000.000
  10166400  10649000.000  0.000  4138000.000  0.000  -6511000.000
  10170000  0.000  0.000  0.000  6529000.000  -6529000.000
  10173600  0.000  0.000  0.000  6490000.000  -6490000.000
  10177200  0.000  0.000  0.000  6187000.000  -6187000.000
  10180800  0.000  0.000  0.000  6018000.000  -6018000.000
  10184400  0.000  0.000  0.000  6005000.000  -6005000.000
  10188000  0.000  0.000  0.000  5967000.000  -5967000.000
  10191600  0.000  0.000  0.000  5950000.000  -5950000.000
  10195200  10649000.000  0.000  4686000.000  0.000  -5963000.000
  10198800  10649000.000  0.000  4700000.000  0.000  -5949000.000
  10202400  10649000.000  0.000  4362000.000  0.000  -6287000.000
  10206000  10649000.000  0.000  4228000.000  0.000  -6421000.000
  10209600  10649000.000  0.000  4120000.000  0.000  -6529000.000
  10213200  0.000  0.000  0.000  7455000.000  -7455000.000
  10216800  78000.000  0.000  0.000  7799000.000  -7877000.000
  10220400  0.000  0.000  0.000  7586000.000  -7586000.000
  10224000  0.000  0.000  0.000  7227000.000  -7227000.000
  10227600  0.000  0.000  0.000  6548000.000  -6548000.000
  10231200  0.000  0.000  0.000  6129000.000  -6129000.000
  10234800  0.000  0.000  0.000  5844000.000  -5844000.000
  10238400  0.000  0.000  0.000  5481000.000  -5481000.000
  10242000  0.000  0.000  0.000  4655000.000  -4655000.000
  10245600  0.000  0.000  0.000  4343000.000  -4343000.000
  10249200  0.000  0.000  0.000  4114000.000  -4114000.000
  10252800  0.000  0.000  0.000  4307000.000  -4307000.000
  10256400  0.000  0.000  0.000  4922000.000  -4922000.000
  10260000  0.000  0.000  0.000  5144000.000  -5144000.000
  10263600  0.000  0.000  0.000  5220000.000  -5220000.000
  10267200  0.000  0.000  0.000  5223000.000  -5223000.000
  10270800  0.000  0.000  0.000  5650000.000  -5650000.000
  10274400  5871000.000  0.000  0.000  0.000  -5871000.000
  10278000  10649000.000  0.000  4761000.000  0.000  -5888000.000
  10281600  10649000.000  0.000  4688000.000  0.000  -5961000.000
  10285200  10649000.000  0.000  4477000.000  0.000  -6172000.000
  10288800  10649000.000  0.000  3687000.000  0.000  -6962000.000
  10292400  10649000.000  0.000  3596000.000  0.000  -7053000.000
  10296000  10649000.000  0.000  3314000.000  0.000  -7335000.000
  10299600  0.000  0.000  0.000  7326000.000  -7326000.000
  10303200  0.000  0.000  0.000  5830000.000  -5830000.000
  10306800  0.000  0.000  0.000  5888000.000  -5888000.000
  10310400  0.000  0.000  0.000  5098000.000  -5098000.000
  10314000  0.000  0.000  0.000  3660000.000  -3660000.000
  10317600  0.000  0.000  0.000  3896000.000  -3896000.000
  10321200  0.000  0.000  0.000  3995000.000  -3995000.000
  10324800  10649000.000  0.000  6308000.000  0.000  -4341000.000
  10328400  10649000.000  0.000  6238000.000  0.000  -4411000.000
  10332000  10649000.000  0.000  6305000.000  0.000  -4344000.000
  10335600  10649000.000  0.000  6379000.000  0.000  -4270000.000
  10339200  0.000  0.000  0.000  4408000.000  -4408000.000
  10342800  0.000  0.000  0.000  4810000.000  -4810000.000
  10346400  0.000  0.000  0.000  5248000.000  -5248000.000
  10350000  0.000  0.000  0.000  5832000.000  -5832000.000
  10353600  0.000  0.000  0.000  5859000.000  -5859000.000
  10357200  0.000  0.000  0.000  5785000.000  -5785000.000
  10360800  0.000  0.000  0.000  5717000.000  -5717000.000
  10364400  10649000.000  0.000  5449000.000  0.000  -5200000.000
  10368000  10649000.000  0.000  5884000.000  0.000  -4765000.000
  10371600  10649000.000  0.000  5869000.000  0.000  -4780000.000
  10375200  10649000.000  0.000  5813000.000  0.000  -4836000.000
  10378800  10649000.000  0.000  5641000.000  0.000  -5008000.000
  10382400  10649000.000  0.000  5212000.000  0.000  -5437000.000
  10386000  10649000.000  0.000  4739000.000  0.000  -5910000.000
  10389600  10649000.000  0.000  3961000.000  0.000  -6688000.000
  10393200  10649000.000  0.000  3673000.000  0.000  -6976000.000
  10396800  10649000.000  0.000  3672000.000  0.000  -6977000.000
  10400400  10649000.000  0.000  3687000.000  0.000  -6962000.000
  10404000  10649000.000  0.000  3680000.000  0.000  -6969000.000
  10407600  10649000.000  0.000  3891000.000  0.000  -6758000.000
  10411200  10649000.000  0.000  3709000.000  0.000  -6940000.000
  10414800  10649000.000  0.000  3532000.000  0.000  -7117000.000
  10418400  10649000.000  0.000  3447000.000  0.000  -7202000.000
  10422000  10649000.000  0.000  3474000.000  0.000  -7175000.000
  10425600  10649000.000  0.000  3459000.000  0.000  -7190000.000
  10429200  10649000.000  0.000  3282000.000  0.000  -7367000.000
  10432800  10649000.000  0.000  3195000.000  0.000  -7454000.000
  10436400  10649000.000  0.000  3213000.000  0.000  -7436000.000
  10440000  10649000.000  0.000  3443000.000  0.000  -7206000.000
  10443600  10649000.000  0.000  4087000.000  0.000  -6562000.000
  10447200  10649000.000  0.000  4481000.000  0.000  -6168000.000
  10450800  10649000.000  0.000  4935000.000  0.000  -5714000.000
  10454400  10649000.000  0.000  5008000.000  0.000  -5641000.000
  10458000  10649000.000  0.000  5017000.000  0.000  -5632000.000
  10461600  10649000.000  0.000  4618000.000  0.000  -6031000.000
  10465200  10649000.000  0.000  3671000.000  0.000  -6978000.000
  10468800  10649000.000  0.000  3215000.000  0.000  -7434000.000
  10472400  707000.000  0.000  0.000  7799000.000  -8506000.000
  10476000  259000.000  0.000  0.000  7799000.000  -8058000.000
  10479600  22000.000  0.000  0.000  7799000.000  -7821000.000
  10483200  233000.000  0.000  0.000  7799000.000  -8032000.000
  10486800  10649000.000  0.000  3123000.000  0.000  -7526000.000
  10490400  10649000.000  0.000  3429000.000  0.000  -7220000.000
  10494000  10649000.000  0.000  3046000.000  0.000  -7603000.000
  10497600  10649000.000  0.000  2973000.000  0.000  -7676000.000
  10501200  10649000.000  0.000  3029000.000  0.000  -7620000.000
  10504800  10649000.000  0.000  3201000.000  0.000  -7448000.000
  10508400  10649000.000  0.000  3389000.000  0.000  -7260000.000
  10512000  10649000.000  0.000  3302000.000  0.000  -7347000.000
  10515600  0.000  0.000  0.000  7436000.000  -7436000.000
  10519200  0.000  0.000  0.000  7637000.000  -7637000.000
  10522800  0.000  0.000  0.000  7701000.000  -7701000.000
  10526400  347000.000  0.000  0.000  7799000.000  -8146000.000
  10530000  0.000  0.000  0.000  7618000.000  -7618000.000
  10533600  7253000.000  0.000  0.000  0.000  -7253000.000
  10537200  10649000.000  0.000  3397000.000  0.000  -7252000.000
  10540800  10649000.000  0.000  3388000.000  0.000  -7261000.000
  10544400  10649000.000  0.000  3340000.000  0.000  -7309000.000
  10548000  10649000.000  0.000  2866000.000  0.000  -7783000.000
  10551600  10649000.000  0.000  2264000.000  0.000  -8385000.000
  10555200  10649000.000  0.000  1515000.000  0.000  -9134000.000
  10558800  10413000.000  0.000  0.000  0.000  -10413000.000
  10562400  996000.000  0.000  0.000  7799000.000  -8795000.000
  10566000  565000.000  0.000  0.000  7799000.000  -8364000.000
  10569600  0.000  0.000  0.000  7079000.000  -7079000.000
  10573200  0.000  0.000  0.000  7010000.000  -7010000.000
  10576800  0.000  0.000  0.000  7251000.000  -7251000.000
  10580400  0.000  0.000  0.000  6475000.000  -6475000.000
  10584000  10649000.000  0.000  3486000.000  0.000  -7163000.000
  10587600  10649000.000  0.000  2961000.000  0.000  -7688000.000
  10591200  10649000.000  0.000  3161000.000  0.000  -7488000.000
  10594800  10649000.000  0.000  3272000.000  0.000  -7377000.000
  10598400  10649000.000  0.000  2522000.000  0.000  -8127000.000
  10602000  10649000.000  0.000  2020000.000  0.000  -8629000.000
  10605600  1457000.000  0.000  0.000  7799000.000  -9256000.000
  10609200  691000.000  0.000  0.000  7799000.000  -8490000.000
  10612800  751000.000  0.000  0.000  7799000.000  -8550000.000
  10616400  1154000.000  0.000  0.000  7799000.000  -8953000.000
  10620000  10649000.000  0.000  2077000.000  0.000  -8572000.000
  10623600  10649000.000  0.000  1514000.000  0.000  -9135000.000
  10627200  10649000.000  0.000  1531000.000  0.000  -9118000.000
  10630800  10649000.000  0.000  2944000.000  0.000  -7705000.000
  10634400  10649000.000  0.000  3095000.000  0.000  -7554000.000
  10638000  10649000.000  0.000  1275000.000  0.000  -9374000.000
  10641600  10649000.000  0.000  1173000.000  0.000  -9476000.000
  10645200  10649000.000  0.000  1027000.000  0.000  -9622000.000
  10648800  10649000.000  0.000  841000.000  0.000  -9808000.000
  10652400  1115000.000  0.000  0.000  7799000.000  -8914000.000
  10656000  602000.000  0.000  0.000  7799000.000  -8401000.000
  10659600  7991000.000  0.000  0.000  0.000  -7991000.000
  10663200  10649000.000  0.000  3375000.000  0.000  -7274000.000
  10666800  10649000.000  0.000  3876000.000  0.000  -6773000.000
  10670400  10649000.000  0.000  3985000.000  0.000  -6664000.000
  10674000  10649000.000  0.000  3784000.000  0.000  -6865000.000
  10677600  10649000.000  0.000  3342000.000  0.000  -7307000.000
  10681200  10649000.000  0.000  3245000.000  0.000  -7404000.000
  10684800  10649000.000  0.000  3090000.000  0.000  -7559000.000
  10688400  10649000.000  0.000  3005000.000  0.000  -7644000.000
  10692000  46000.000  0.000  0.000  7799000.000  -7845000.000
  10695600  190000.000  0.000  0.000  7799000.000  -7989000.000
  10699200  525000.000  0.000  0.000  7799000.000  -8324000.000
  10702800  832000.000  0.000  0.000  7799000.000  -8631000.000
  10706400  8631000.000  0.000  0.000  0.000  -8631000.000
  10710000  10649000.000  0.000  2870000.000  0.000  -7779000.000
  10713600  10649000.000  0.000  3015000.000  0.000  -7634000.000
  10717200  10649000.000  0.000  1772000.000  0.000  -8877000.000
  10720800  10649000.000  0.000  1132000.000  0.000  -9517000.000
  10724400  10649000.000  0.000  674000.000  0.000  -9975000.000
  10728000  10649000.000  0.000  568000.000  0.000  -10081000.000
  10731600  10649000.000  0.000  981000.000  0.000  -9668000.000
  10735200  10649000.000  0.000  2210000.000  0.000  -8439000.000
  10738800  10649000.000  0.000  3102000.000  0.000  -7547000.000
  10742400  10649000.000  0.000  3850000.000  0.000  -6799000.000
  10746000  10649000.000  0.000  4232000.000  0.000  -6417000.000
  10749600  10649000.000  0.000  3986000.000  0.000  -6663000.000
  10753200  10649000.000  0.000  4168000.000  0.000  -6481000.000
  10756800  10649000.000  0.000  4292000.000  0.000  -6357000.000
  10760400  10649000.000  0.000  4004000.000  0.000  -6645000.000
  10764000  10649000.000  0.000  3530000.000  0.000  -7119000.000
  10767600  10649000.000  0.000  3520000.000  0.000  -7129000.000
  10771200  10649000.000  0.000  3473000.000  0.000  -7176000.000
  10774800  10649000.000  0.000  2729000.000  0.000  -7920000.000
  10778400  10649000.000  0.000  2202000.000  0.000  -8447000.000
  10782000  10649000.000  0.000  2203000.000  0.000  -8446000.000
  10785600  10649000.000  0.000  2579000.000  0.000  -8070000.000
  10789200  10649000.000  0.000  3008000.000  0.000  -7641000.000
  10792800  10649000.000  0.000  3036000.000  0.000  -7613000.000
  10796400  10649000.000  0.000  3021000.000  0.000  -7628000.000
  10800000  10649000.000  0.000  2945000.000  0.000  -7704000.000
  10803600  10649000.000  0.000  2905000.000  0.000  -7744000.000
  10807200  10649000.000  0.000  2919000.000  0.000  -7730000.000
  10810800  10649000.000  0.000  2834000.000  0.000  -7815000.000
  10814400  10649000.000  0.000  2560000.000  0.000  -8089000.000
  10818000  9825000.000  0.000  0.000  0.000  -9825000.000
  10821600  2071000.000  0.000  0.000  7799000.000  -9870000.000
  10825200  775000.000  0.000  0.000  7799000.000  -8574000.000
  10828800  10649000.000  0.000  2097000.000  0.000  -8552000.000
  10832400  10649000.000  0.000  2560000.000  0.000  -8089000.000
  10836000  10649000.000  0.000  2735000.000  0.000  -7914000.000
  10839600  10649000.000  0.000  2744000.000  0.000  -7905000.000
  10843200  10649000.000  0.000  2669000.000  0.000  -7980000.000
  10846800  10649000.000  0.000  2648000.000  0.000  -8001000.000
  10850400  10649000.000  0.000  2777000.000  0.000  -7872000.000
  10854000  10649000.000  0.000  2667000.000  0.000  -7982000.000
  10857600  10649000.000  0.000  2756000.000  0.000  -7893000.000
  10861200  156000.000  0.000  0.000  7799000.000  -7955000.000
  10864800  174000.000  0.000  0.000  7799000.000  -7973000.000
  10868400  220000.000  0.000  0.000  7799000.000  -8019000.000
  10872000  352000.000  0.000  0.000  7799000.000  -8151000.000
  10875600  82000.000  0.000  0.000  7799000.000  -7881000.000
  10879200  10649000.000  0.000  3008000.000  0.000  -7641000.000
  10882800  10649000.000  0.000  2863000.000  0.000  -7786000.000
  10886400  10649000.000  0.000  2813000.000  0.000  -7836000.000
  10890000  10649000.000  0.000  2841000.000  0.000  -7808000.000
  10893600  10649000.000  0.000  2294000.000  0.000  -8355000.000
  10897200  10649000.000  0.000  1797000.000  0.000  -8852000.000
  10900800  10649000.000  0.000  972000.000  0.000  -9677000.000
  10904400  2884000.000  0.000  0.000  7799000.000  -10683000.000
  10908000  1705000.000  0.000  0.000  7799000.000  -9504000.000
  10911600  0.000  610000.000  0.000  7799000.000  -8409000.000
  10915200  0.000  0.000  0.000  7394000.000  -7394000.000
  10918800  0.000  0.000  0.000  7726000.000  -7726000.000
  10922400  275000.000  0.000  0.000  7799000.000  -8074000.000
  10926000  352000.000  0.000  0.000  7799000.000  -8151000.000
  10929600  0.000  0.000  0.000  7757000.000  -7757000.000
  10933200  0.000  0.000  0.000  7054000.000  -7054000.000
  10936800  10649000.000  0.000  3747000.000  0.000  -6902000.000
  10940400  8330876.600  0.000  1184876.600  0.000  -7146000.000
  10944000  0.000  0.000  0.000  7281000.000  -7281000.000
  10947600  0.000  0.000  0.000  7597000.000  -7597000.000
  10951200  0.000  35000.000  0.000  7799000.000  -7834000.000
  10954800  0.000  767000.000  0.000  7799000.000  -8566000.000
  10958400  0.000  0.000  0.000  7571000.000  -7571000.000
  10962000  0.000  0.000  0.000  7251000.000  -7251000.000
  10965600  7245000.000  0.000  0.000  0.000  -7245000.000
  10969200  10649000.000  0.000  3396000.000  0.000  -7253000.000
  10972800  10649000.000  0.000  3351000.000  0.000  -7298000.000
  10976400  10649000.000  0.000  2779000.000  0.000  -7870000.000
  10980000  10649000.000  0.000  2588000.000  0.000  -8061000.000
  10983600  10649000.000  0.000  2518000.000  0.000  -8131000.000
  10987200  10649000.000  0.000  2448000.000  0.000  -8201000.000
  10990800  10649000.000  0.000  1611000.000  0.000  -9038000.000
  10994400  1792000.000  0.000  0.000  7799000.000  -9591000.000
  10998000  0.000  0.000  0.000  7711000.000  -7711000.000
  11001600  3705909.500  0.000  0.000  3085090.500  -6791000.000
  11005200  6464000.000  0.000  0.000  0.000  -6464000.000
  11008800  10649000.000  0.000  5126000.000  0.000  -5523000.000
  11012400  10649000.000  0.000  5011000.000  0.000  -5638000.000
  11016000  10649000.000  0.000  4829000.000  0.000  -5820000.000
  11019600  10649000.000  0.000  4556000.000  0.000  -6093000.000
  11023200  10649000.000  0.000  3580000.000  0.000  -7069000.000
  11026800  10649000.000  0.000  3547000.000  0.000  -7102000.000
  11030400  10649000.000  0.000  3439000.000  0.000  -7210000.000
  11034000  10649000.000  0.000  2532000.000  0.000  -8117000.000
  11037600  10649000.000  0.000  2333000.000  0.000  -8316000.000
  11041200  10649000.000  0.000  2589000.000  0.000  -8060000.000
  11044800  10649000.000  0.000  3227000.000  0.000  -7422000.000
  11048400  10649000.000  0.000  4005000.000  0.000  -6644000.000
  11052000  10649000.000  0.000  4745000.000  0.000  -5904000.000
  11055600  10649000.000  0.000  4657000.000  0.000  -5992000.000
  11059200  10649000.000  0.000  4823000.000  0.000  -5826000.000
  11062800  10649000.000  0.000  4818000.000  0.000  -5831000.000
  11066400  10649000.000  0.000  4806000.000  0.000  -5843000.000
  11070000  10649000.000  0.000  4270000.000  0.000  -6379000.000
  11073600  10649000.000  0.000  3261000.000  0.000  -7388000.000
  11077200  8011000.000  0.000  0.000  0.000  -8011000.000
  11080800  292000.000  0.000  0.000  7799000.000  -8091000.000
  11084400  0.000  0.000  0.000  7518000.000  -7518000.000
  11088000  0.000  0.000  0.000  6626000.000  -6626000.000
  11091600  0.000  0.000  0.000  5980000.000  -5980000.000
  11095200  0.000  0.000  0.000  5861000.000  -5861000.000
  11098800  0.000  0.000  0.000  5822000.000  -5822000.000
  11102400  0.000  0.000  0.000  5811000.000  -5811000.000
  11106000  10649000.000  0.000  4916000.000  0.000  -5733000.000
  11109600  10649000.000  0.000  6007000.000  0.000  -4642000.000
  11113200  10649000.000  0.000  5945000.000  0.000  -4704000.000
  11116800  0.000  0.000  0.000  4776000.000  -4776000.000
  11120400  0.000  0.000  0.000  5370000.000  -5370000.000
  11124000  0.000  0.000  0.000  6209000.000  -6209000.000
  11127600  0.000  0.000  0.000  6240000.000  -6240000.000
  11131200  0.000  0.000  0.000  6201000.000  -6201000.000
  11134800  0.000  0.000  0.000  5999000.000  -5999000.000
  11138400  10649000.000  0.000  4663000.000  0.000  -5986000.000
  11142000  10649000.000  0.000  5657000.000  0.000  -4992000.000
  11145600  10649000.000  0.000  5957000.000  0.000  -4692000.000
  11149200  10649000.000  0.000  5852000.000  0.000  -4797000.000
  11152800  10649000.000  0.000  5624000.000  0.000  -5025000.000
  11156400  10649000.000  0.000  5371000.000  0.000  -5278000.000
  11160000  10649000.000  0.000  4589000.000  0.000  -6060000.000
  11163600  0.000  0.000  0.000  7037000.000  -7037000.000
  11167200  0.000  0.000  0.000  7090000.000  -7090000.000
  11170800  0.000  0.000  0.000  7078000.000  -7078000.000
  11174400  0.000  0.000  0.000  7105000.000  -7105000.000
  11178000  0.000  0.000  0.000  7081000.000  -7081000.000
  11181600  10649000.000  0.000  4022000.000  0.000  -6627000.000
  11185200  10649000.000  0.000  4211000.000  0.000  -6438000.000
  11188800  10649000.000  0.000  3333000.000  0.000  -7316000.000
  11192400  10649000.000  0.000  3570000.000  0.000  -7079000.000
  11196000  10649000.000  0.000  3401000.000  0.000  -7248000.000
  11199600  10649000.000  0.000  3400000.000  0.000  -7249000.000
  11203200  10649000.000  0.000  3424000.000  0.000  -7225000.000
  11206800  0.000  0.000  0.000  7241000.000  -7241000.000
  11210400  0.000  0.000  0.000  7179000.000  -7179000.000
  11214000  0.000  0.000  0.000  7407000.000  -7407000.000
  11217600  0.000  0.000  0.000  7620000.000  -7620000.000
  11221200  0.000  0.000  0.000  7224000.000  -7224000.000
  11224800  4935376.300  0.000  0.000  1722623.700  -6658000.000
  11228400  6855000.000  0.000  0.000  0.000  -6855000.000
  11232000  6981000.000  0.000  0.000  0.000  -6981000.000
  11235600  10649000.000  0.000  2878000.000  0.000  -7771000.000
  11239200  10649000.000  0.000  2698000.000  0.000  -7951000.000
  11242800  10649000.000  0.000  2507000.000  0.000  -8142000.000
  11246400  10649000.000  0.000  2407000.000  0.000  -8242000.000
  11250000  10649000.000  0.000  2409000.000  0.000  -8240000.000
  11253600  6681883.200  0.000  0.000  889116.800  -7571000.000
  11257200  0.000  0.000  0.000  5916000.000  -5916000.000
  11260800  0.000  0.000  0.000  6036000.000  -6036000.000
  11264400  6264000.000  0.000  0.000  0.000  -6264000.000
  11268000  6752000.000  0.000  0.000  0.000  -6752000.000
  11271600  6665000.000  0.000  0.000  0.000  -6665000.000
  11275200  8921635.900  0.000  2865635.900  0.000  -6056000.000
  11278800  10649000.000  0.000  5495000.000  0.000  -5154000.000
  11282400  10649000.000  0.000  5503000.000  0.000  -5146000.000
  11286000  10649000.000  0.000  5792000.000  0.000  -4857000.000
  11289600  10649000.000  0.000  5790000.000  0.000  -4859000.000
  11293200  0.000  0.000  0.000  5431000.000  -5431000.000
  11296800  0.000  0.000  0.000  5807000.000  -5807000.000
  11300400  0.000  0.000  0.000  6637000.000  -6637000.000
  11304000  0.000  0.000  0.000  7459000.000  -7459000.000
  11307600  7620000.000  0.000  0.000  0.000  -7620000.000
  11311200  10649000.000  0.000  3830000.000  0.000  -6819000.000
  11314800  5497000.000  0.000  0.000  0.000  -5497000.000
  11318400  10649000.000  0.000  4899000.000  0.000  -5750000.000
  11322000  10649000.000  0.000  4572000.000  0.000  -6077000.000
  11325600  10649000.000  0.000  4235000.000  0.000  -6414000.000
  11329200  10649000.000  0.000  4072000.000  0.000  -6577000.000
  11332800  10649000.000  0.000  3744000.000  0.000  -6905000.000
  11336400  10649000.000  0.000  3415000.000  0.000  -7234000.000
  11340000  10649000.000  0.000  3443000.000  0.000  -7206000.000
  11343600  10649000.000  0.000  3828000.000  0.000  -6821000.000
  11347200  10649000.000  0.000  4275000.000  0.000  -6374000.000
  11350800  10649000.000  0.000  4478000.000  0.000  -6171000.000
  11354400  10649000.000  0.000  4554000.000  0.000  -6095000.000
  11358000  10649000.000  0.000  4537000.000  0.000  -6112000.000
  11361600  10649000.000  0.000  4645000.000  0.000  -6004000.000
  11365200  10649000.000  0.000  4822000.000  0.000  -5827000.000
  11368800  10649000.000  0.000  5589000.000  0.000  -5060000.000
  11372400  10649000.000  0.000  5792000.000  0.000  -4857000.000
  11376000  10649000.000  0.000  4918000.000  0.000  -5731000.000
  11379600  10649000.000  0.000  4897000.000  0.000  -5752000.000
  11383200  0.000  0.000  0.000  5933000.000  -5933000.000
  11386800  0.000  0.000  0.000  7008000.000  -7008000.000
  11390400  0.000  0.000  0.000  7106000.000  -7106000.000
  11394000  0.000  0.000  0.000  6781000.000  -6781000.000
  11397600  10649000.000  0.000  4007000.000  0.000  -6642000.000
  11401200  10649000.000  0.000  4080000.000  0.000  -6569000.000
  11404800  10649000.000  0.000  4046000.000  0.000  -6603000.000
  11408400  10649000.000  0.000  4106000.000  0.000  -6543000.000
  11412000  10649000.000  0.000  4113000.000  0.000  -6536000.000
  11415600  10649000.000  0.000  3514000.000  0.000  -7135000.000
  11419200  10649000.000  0.000  2501000.000  0.000  -8148000.000
  11422800  841000.000  0.000  0.000  7799000.000  -8640000.000
  11426400  0.000  0.000  0.000  7535000.000  -7535000.000
  11430000  0.000  0.000  0.000  7107000.000  -7107000.000
  11433600  0.000  0.000  0.000  6576000.000  -6576000.000
  11437200  0.000  0.000  0.000  5708000.000  -5708000.000
  11440800  10649000.000  0.000  4832000.000  0.000  -5817000.000
  11444400  10649000.000  0.000  4432000.000  0.000  -6217000.000
  11448000  10649000.000  0.000  5486000.000  0.000  -5163000.000
  11451600  10649000.000  0.000  5396000.000  0.000  -5253000.000
  11455200  10649000.000  0.000  5311000.000  0.000  -5338000.000
  11458800  10649000.000  0.000  5300000.000  0.000  -5349000.000
  11462400  10649000.000  0.000  5334000.000  0.000  -5315000.000
  11466000  0.000  0.000  0.000  6241000.000  -6241000.000
  11469600  0.000  0.000  0.000  6305000.000  -6305000.000
  11473200  0.000  0.000  0.000  6303000.000  -6303000.000
  11476800  0.000  0.000  0.000  6324000.000  -6324000.000
  11480400  0.000  0.000  0.000  6265000.000  -6265000.000
  11484000  0.000  0.000  0.000  6269000.000  -6269000.000
  11487600  0.000  0.000  0.000  6223000.000  -6223000.000
  11491200  10649000.000  0.000  4385000.000  0.000  -6264000.000
  11494800  10649000.000  0.000  4383000.000  0.000  -6266000.000
  11498400  10649000.000  0.000  3939000.000  0.000  -6710000.000
  11502000  10649000.000  0.000  3544000.000  0.000  -7105000.000
  11505600  453000.000  0.000  0.000  7799000.000  -8252000.000
  11509200  776000.000  0.000  0.000  7799000.000  -8575000.000
  11512800  0.000  0.000  0.000  6848000.000  -6848000.000
  11516400  0.000  0.000  0.000  5670000.000  -5670000.000
  11520000  0.000  0.000  0.000  5692000.000  -5692000.000
  11523600  0.000  0.000  0.000  5699000.000  -5699000.000
  11527200  10649000.000  0.000  5273000.000  0.000  -5376000.000
  11530800  10649000.000  0.000  5283000.000  0.000  -5366000.000
  11534400  10649000.000  0.000  5298000.000  0.000  -5351000.000
  11538000  10649000.000  0.000  5399000.000  0.000  -5250000.000
  11541600  10649000.000  0.000  5538000.000  0.000  -5111000.000
  11545200  10649000.000  0.000  5509000.000  0.000  -5140000.000
  11548800  10649000.000  0.000  5517000.000  0.000  -5132000.000
  11552400  0.000  0.000  0.000  5074000.000  -5074000.000
  11556000  0.000  0.000  0.000  5159000.000  -5159000.000
  11559600  0.000  0.000  0.000  6220000.000  -6220000.000
  11563200  0.000  0.000  0.000  5857000.000  -5857000.000
  11566800  0.000  0.000  0.000  5721000.000  -5721000.000
  11570400  0.000  0.000  0.000  5718000.000  -5718000.000
  11574000  10649000.000  0.000  4965000.000  0.000  -5684000.000
  11577600  10649000.000  0.000  5004000.000  0.000  -5645000.000
  11581200  10649000.000  0.000  5066000.000  0.000  -5583000.000
  11584800  10649000.000  0.000  5029000.000  0.000  -5620000.000
  11588400  10649000.000  0.000  4398000.000  0.000  -6251000.000
  11592000  10649000.000  0.000  3888000.000  0.000  -6761000.000
  11595600  0.000  0.000  0.000  7759000.000  -7759000.000
  11599200  0.000  0.000  0.000  7355000.000  -7355000.000
  11602800  0.000  0.000  0.000  5800000.000  -5800000.000
  11606400  0.000  0.000  0.000  5155000.000  -5155000.000
  11610000  0.000  0.000  0.000  4521000.000  -4521000.000
  11613600  0.000  0.000  0.000  4313000.000  -4313000.000
  11617200  10649000.000  0.000  6319000.000  0.000  -4330000.000
  11620800  10649000.000  0.000  5876000.000  0.000  -4773000.000
  11624400  10649000.000  0.000  5171000.000  0.000  -5478000.000
  11628000  10649000.000  0.000  5143000.000  0.000  -5506000.000
  11631600  10649000.000  0.000  5491000.000  0.000  -5158000.000
  11635200  4552000.000  0.000  0.000  0.000  -4552000.000
  11638800  0.000  0.000  0.000  4453000.000  -4453000.000
  11642400  0.000  0.000  0.000  4563000.000  -4563000.000
  11646000  0.000  0.000  0.000  4721000.000  -4721000.000
  11649600  0.000  0.000  0.000  5795000.000  -5795000.000
  11653200  0.000  0.000  0.000  5774000.000  -5774000.000
  11656800  10649000.000  0.000  4867000.000  0.000  -5782000.000
  11660400  10649000.000  0.000  5399000.000  0.000  -5250000.000
  11664000  10649000.000  0.000  5985000.000  0.000  -4664000.000
  11667600  10649000.000  0.000  5937000.000  0.000  -4712000.000
  11671200  10649000.000  0.000  5115000.000  0.000  -5534000.000
  11674800  10649000.000  0.000  4807000.000  0.000  -5842000.000
  11678400  10649000.000  0.000  4395000.000  0.000  -6254000.000
  11682000  0.000  0.000  0.000  6214000.000  -6214000.000
  11685600  0.000  0.000  0.000  6157000.000  -6157000.000
  11689200  0.000  0.000  0.000  6153000.000  -6153000.000
  11692800  0.000  0.000  0.000  6114000.000  -6114000.000
  11696400  0.000  0.000  0.000  6154000.000  -6154000.000
  11700000  0.000  0.000  0.000  5900000.000  -5900000.000
  11703600  0.000  0.000  0.000  5545000.000  -5545000.000
  11707200  10649000.000  0.000  5143000.000  0.000  -5506000.000
  11710800  10649000.000  0.000  5595000.000  0.000  -5054000.000
  11714400  10649000.000  0.000  5761000.000  0.000  -4888000.000
  11718000  10649000.000  0.000  5819000.000  0.000  -4830000.000
  11721600  10649000.000  0.000  5827000.000  0.000  -4822000.000
  11725200  5046000.000  0.000  0.000  0.000  -5046000.000
  11728800  0.000  0.000  0.000  4985000.000  -4985000.000
  11732400  0.000  0.000  0.000  5056000.000  -5056000.000
  11736000  5600000.000  0.000  0.000  0.000  -5600000.000
  11739600  5066000.000  0.000  0.000  0.000  -5066000.000
  11743200  10649000.000  0.000  6051000.000  0.000  -4598000.000
  11746800  10649000.000  0.000  6492000.000  0.000  -4157000.000
  11750400  10649000.000  0.000  6500000.000  0.000  -4149000.000
  11754000  10649000.000  0.000  6039000.000  0.000  -4610000.000
  11757600  10649000.000  0.000  5013000.000  0.000  -5636000.000
  11761200  10649000.000  0.000  4643000.000  0.000  -6006000.000
  11764800  10649000.000  0.000  4406000.000  0.000  -6243000.000
  11768400  9438064.800  0.000  3464064.800  0.000  -5974000.000
  11772000  0.000  0.000  0.000  5994000.000  -5994000.000
  11775600  0.000  0.000  0.000  5946000.000  -5946000.000
  11779200  0.000  0.000  0.000  5932000.000  -5932000.000
  11782800  0.000  0.000  0.000  6134000.000  -6134000.000
  11786400  0.000  0.000  0.000  6631000.000  -6631000.000
  11790000  0.000  0.000  0.000  6623000.000  -6623000.000
  11793600  7095000.000  0.000  0.000  0.000  -7095000.000
  11797200  10649000.000  0.000  3841000.000  0.000  -6808000.000
  11800800  10649000.000  0.000  4157000.000  0.000  -6492000.000
  11804400  10649000.000  0.000  4477000.000  0.000  -6172000.000
  11808000  0.000  0.000  0.000  5937000.000  -5937000.000
  11811600  0.000  0.000  0.000  5912000.000  -5912000.000
  11815200  0.000  0.000  0.000  5934000.000  -5934000.000
  11818800  0.000  0.000  0.000  6460000.000  -6460000.000
  11822400  0.000  0.000  0.000  6485000.000  -6485000.000
  11826000  0.000  0.000  0.000  6622000.000  -6622000.000
  11829600  0.000  0.000  0.000  5388000.000  -5388000.000
  11833200  5170000.000  0.000  0.000  0.000  -5170000.000
  11836800  6812434.000  0.000  1700434.000  0.000  -5112000.000
  11840400  5242000.000  0.000  0.000  0.000  -5242000.000
  11844000  10649000.000  0.000  5362000.000  0.000  -5287000.000
  11847600  5299000.000  0.000  0.000  0.000  -5299000.000
  11851200  10649000.000  0.000  5355000.000  0.000  -5294000.000
  11854800  10649000.000  0.000  5274000.000  0.000  -5375000.000
  11858400  0.000  0.000  0.000  5316000.000  -5316000.000
  11862000  0.000  0.000  0.000  5781000.000  -5781000.000
  11865600  0.000  0.000  0.000  6528000.000  -6528000.000
  11869200  6386000.000  0.000  0.000  0.000  -6386000.000
  11872800  7967708.400  0.000  2152708.400  0.000  -5815000.000
  11876400  10649000.000  0.000  5317000.000  0.000  -5332000.000
  11880000  10649000.000  0.000  5987000.000  0.000  -4662000.000
  11883600  10649000.000  0.000  6048000.000  0.000  -4601000.000
  11887200  10649000.000  0.000  6259000.000  0.000  -4390000.000
  11890800  10649000.000  0.000  6402000.000  0.000  -4247000.000
  11894400  4207000.000  0.000  0.000  0.000  -4207000.000
  11898000  0.000  0.000  0.000  3823000.000  -3823000.000
  11901600  0.000  0.000  0.000  3924000.000  -3924000.000
  11905200  0.000  0.000  0.000  4225000.000  -4225000.000
  11908800  0.000  0.000  0.000  4590000.000  -4590000.000
  11912400  0.000  0.000  0.000  5108000.000  -5108000.000
  11916000  0.000  0.000  0.000  5141000.000  -5141000.000
  11919600  0.000  0.000  0.000  5119000.000  -5119000.000
  11923200  4962000.000  0.000  0.000  0.000  -4962000.000
  11926800  9595026.600  0.000  5076026.600  0.000  -4519000.000
  11930400  10649000.000  0.000  6363000.000  0.000  -4286000.000
  11934000  10649000.000  0.000  6349000.000  0.000  -4300000.000
  11937600  10649000.000  0.000  6330000.000  0.000  -4319000.000
  11941200  10649000.000  0.000  6245000.000  0.000  -4404000.000
  11944800  10649000.000  0.000  5759000.000  0.000  -4890000.000
  11948400  10649000.000  0.000  5647000.000  0.000  -5002000.000
  11952000  10649000.000  0.000  5375000.000  0.000  -5274000.000
  11955600  10649000.000  0.000  4640000.000  0.000  -6009000.000
  11959200  10649000.000  0.000  4523000.000  0.000  -6126000.000
  11962800  10649000.000  0.000  4914000.000  0.000  -5735000.000
  11966400  10649000.000  0.000  5791000.000  0.000  -4858000.000
  11970000  10649000.000  0.000  6177000.000  0.000  -4472000.000
  11973600  10649000.000  0.000  6394000.000  0.000  -4255000.000
  11977200  10649000.000  0.000  7000000.000  0.000  -3649000.000
  11980800  10649000.000  0.000  7090000.000  0.000  -3559000.000
  11984400  0.000  0.000  0.000  3869000.000  -3869000.000
  11988000  0.000  0.000  0.000  4093000.000  -4093000.000
  11991600  0.000  0.000  0.000  4426000.000  -4426000.000
  11995200  0.000  0.000  0.000  4420000.000  -4420000.000
  11998800  0.000  0.000  0.000  4276000.000  -4276000.000
  12002400  0.000  0.000  0.000  4120000.000  -4120000.000
  12006000  0.000  0.000  0.000  4074000.000  -4074000.000
  12009600  10649000.000  0.000  6749000.000  0.000  -3900000.000
  12013200  10649000.000  0.000  6691000.000  0.000  -3958000.000
  12016800  10649000.000  0.000  6432000.000  0.000  -4217000.000
  12020400  10649000.000  0.000  5907000.000  0.000  -4742000.000
  12024000  10649000.000  0.000  5797000.000  0.000  -4852000.000
  12027600  0.000  0.000  0.000  5099000.000  -5099000.000
  12031200  0.000  0.000  0.000  5564000.000  -5564000.000
  12034800  0.000  0.000  0.000  4907000.000  -4907000.000
  12038400  0.000  0.000  0.000  4526000.000  -4526000.000
  12042000  0.000  0.000  0.000  4203000.000  -4203000.000
  12045600  0.000  0.000  0.000  3794000.000  -3794000.000
  12049200  0.000  0.000  0.000  3462000.000  -3462000.000
  12052800  0.000  0.000  0.000  3520000.000  -3520000.000
  12056400  0.000  0.000  0.000  3732000.000  -3732000.000
  12060000  0.000  0.000  0.000  3655000.000  -3655000.000
  12063600  0.000  0.000  0.000  3546000.000  -3546000.000
  12067200  0.000  0.000  0.000  3461000.000  -3461000.000
  12070800  0.000  0.000  0.000  3548000.000  -3548000.000
  12074400  0.000  0.000  0.000  3699000.000  -3699000.000
  12078000  0.000  0.000  0.000  3383000.000  -3383000.000
  12081600  0.000  0.000  0.000  3243000.000  -3243000.000
  12085200  0.000  0.000  0.000  3370000.000  -3370000.000
  12088800  0.000  0.000  0.000  3374000.000  -3374000.000
  12092400  10649000.000  0.000  7255000.000  0.000  -3394000.000
  12096000  10649000.000  0.000  7051000.000  0.000  -3598000.000
  12099600  10649000.000  0.000  6383000.000  0.000  -4266000.000
  12103200  10649000.000  0.000  6281000.000  0.000  -4368000.000
  12106800  10649000.000  0.000  6661000.000  0.000  -3988000.000
  12110400  10649000.000  0.000  6675000.000  0.000  -3974000.000
  12114000  0.000  0.000  0.000  4038000.000  -4038000.000
  12117600  0.000  0.000  0.000  3891000.000  -3891000.000
  12121200  0.000  0.000  0.000  3841000.000  -3841000.000
  12124800  0.000  0.000  0.000  3790000.000  -3790000.000
  12128400  0.000  0.000  0.000  3777000.000  -3777000.000
  12132000  0.000  0.000  0.000  3727000.000  -3727000.000
  12135600  0.000  0.000  0.000  3601000.000  -3601000.000
  12139200  0.000  0.000  0.000  3587000.000  -3587000.000
  12142800  0.000  0.000  0.000  3683000.000  -3683000.000
  12146400  0.000  0.000  0.000  3452000.000  -3452000.000
  12150000  0.000  0.000  0.000  3314000.000  -3314000.000
  12153600  0.000  0.000  0.000  3083000.000  -3083000.000
  12157200  0.000  0.000  0.000  3288000.000  -3288000.000
  12160800  0.000  0.000  0.000  3689000.000  -3689000.000
  12164400  0.000  0.000  0.000  3924000.000  -3924000.000
  12168000  0.000  0.000  0.000  4040000.000  -4040000.000
  12171600  0.000  0.000  0.000  3991000.000  -3991000.000
  12175200  10649000.000  0.000  6704000.000  0.000  -3945000.000
  12178800  10649000.000  0.000  6754000.000  0.000  -3895000.000
  12182400  10649000.000  0.000  6716000.000  0.000  -3933000.000
  12186000  10649000.000  0.000  6780000.000  0.000  -3869000.000
  12189600  10649000.000  0.000  6874000.000  0.000  -3775000.000
  12193200  10649000.000  0.000  6823000.000  0.000  -3826000.000
  12196800  10649000.000  0.000  6223000.000  0.000  -4426000.000
  12200400  9155900.900  0.000  4027900.900  0.000  -5128000.000
  12204000  0.000  0.000  0.000  5475000.000  -5475000.000
  12207600  0.000  0.000  0.000  5167000.000  -5167000.000
  12211200  0.000  0.000  0.000  5115000.000  -5115000.000
  12214800  0.000  0.000  0.000  5047000.000  -5047000.000
  12218400  0.000  0.000  0.000  5048000.000  -5048000.000
  12222000  0.000  0.000  0.000  5044000.000  -5044000.000
  12225600  0.000  0.000  0.000  5073000.000  -5073000.000
  12229200  10649000.000  0.000  5665000.000  0.000  -4984000.000
  12232800  10649000.000  0.000  5925000.000  0.000  -4724000.000
  12236400  10649000.000  0.000  6149000.000  0.000  -4500000.000
  12240000  0.000  0.000  0.000  4412000.000  -4412000.000
  12243600  0.000  0.000  0.000  4229000.000  -4229000.000
  12247200  0.000  0.000  0.000  4048000.000  -4048000.000
  12250800  0.000  0.000  0.000  4113000.000  -4113000.000
  12254400  0.000  0.000  0.000  4387000.000  -4387000.000
  12258000  0.000  0.000  0.000  5562000.000  -5562000.000
  12261600  0.000  0.000  0.000  5293000.000  -5293000.000
  12265200  4603000.000  0.000  0.000  0.000  -4603000.000
  12268800  10649000.000  0.000  6123000.000  0.000  -4526000.000
  12272400  10649000.000  0.000  6072000.000  0.000  -4577000.000
  12276000  10649000.000  0.000  5766000.000  0.000  -4883000.000
  12279600  10649000.000  0.000  5367000.000  0.000  -5282000.000
  12283200  6217651.500  0.000  279651.520  0.000  -5938000.000
  12286800  0.000  0.000  0.000  6333000.000  -6333000.000
  12290400  0.000  0.000  0.000  6122000.000  -6122000.000
  12294000  0.000  0.000  0.000  4728000.000  -4728000.000
  12297600  0.000  0.000  0.000  4251000.000  -4251000.000
  12301200  10649000.000  0.000  6678000.000  0.000  -3971000.000
  12304800  10649000.000  0.000  6675000.000  0.000  -3974000.000
  12308400  10649000.000  0.000  6661000.000  0.000  -3988000.000
  12312000  10649000.000  0.000  6653000.000  0.000  -3996000.000
  12315600  10649000.000  0.000  6691000.000  0.000  -3958000.000
  12319200  4134000.000  0.000  0.000  0.000  -4134000.000
  12322800  0.000  0.000  0.000  4362000.000  -4362000.000
  12326400  0.000  0.000  0.000  3973000.000  -3973000.000
  12330000  0.000  0.000  0.000  3441000.000  -3441000.000
  12333600  0.000  0.000  0.000  3322000.000  -3322000.000
  12337200  0.000  0.000  0.000  3278000.000  -3278000.000
  12340800  0.000  0.000  0.000  3784000.000  -3784000.000
  12344400  0.000  0.000  0.000  4194000.000  -4194000.000
  12348000  0.000  0.000  0.000  4200000.000  -4200000.000
  12351600  0.000  0.000  0.000  4568000.000  -4568000.000
  12355200  10649000.000  0.000  6035000.000  0.000  -4614000.000
  12358800  10649000.000  0.000  6029000.000  0.000  -4620000.000
  12362400  10649000.000  0.000  6046000.000  0.000  -4603000.000
  12366000  10649000.000  0.000  6009000.000  0.000  -4640000.000
  12369600  10649000.000  0.000  5990000.000  0.000  -4659000.000
  12373200  0.000  0.000  0.000  4684000.000  -4684000.000
  12376800  0.000  0.000  0.000  4930000.000  -4930000.000
  12380400  0.000  0.000  0.000  4713000.000  -4713000.000
  12384000  0.000  0.000  0.000  4624000.000  -4624000.000
  12387600  0.000  0.000  0.000  4188000.000  -4188000.000
  12391200  0.000  0.000  0.000  4203000.000  -4203000.000
  12394800  1455087.600  0.000  0.000  2594912.400  -4050000.000
  12398400  10649000.000  0.000  6493000.000  0.000  -4156000.000
  12402000  10649000.000  0.000  6078000.000  0.000  -4571000.000
  12405600  10649000.000  0.000  6900000.000  0.000  -3749000.000
  12409200  10649000.000  0.000  7199000.000  0.000  -3450000.000
  12412800  9619594.800  0.000  5653594.800  0.000  -3966000.000
  12416400  0.000  0.000  0.000  4881000.000  -4881000.000
  12420000  0.000  0.000  0.000  4929000.000  -4929000.000
  12423600  0.000  0.000  0.000  4783000.000  -4783000.000
  12427200  0.000  0.000  0.000  4761000.000  -4761000.000
  12430800  0.000  0.000  0.000  4687000.000  -4687000.000
  12434400  0.000  0.000  0.000  4129000.000  -4129000.000
  12438000  0.000  0.000  0.000  3964000.000  -3964000.000
  12441600  4158000.000  0.000  0.000  0.000  -4158000.000
  12445200  4156000.000  0.000  0.000  0.000  -4156000.000
  12448800  10649000.000  0.000  6534000.000  0.000  -4115000.000
  12452400  10649000.000  0.000  6551000.000  0.000  -4098000.000
  12456000  10649000.000  0.000  6513000.000  0.000  -4136000.000
  12459600  10649000.000  0.000  4960000.000  0.000  -5689000.000
  12463200  6205000.000  0.000  0.000  0.000  -6205000.000
  12466800  0.000  0.000  0.000  5008000.000  -5008000.000
  12470400  0.000  0.000  0.000  4859000.000  -4859000.000
  12474000  0.000  0.000  0.000  5074000.000  -5074000.000
  12477600  5251000.000  0.000  0.000  0.000  -5251000.000
  12481200  10649000.000  0.000  6274000.000  0.000  -4375000.000
  12484800  10649000.000  0.000  6417000.000  0.000  -4232000.000
  12488400  10649000.000  0.000  6162000.000  0.000  -4487000.000
  12492000  10649000.000  0.000  5770000.000  0.000  -4879000.000
  12495600  10649000.000  0.000  5700000.000  0.000  -4949000.000
  12499200  10649000.000  0.000  5619000.000  0.000  -5030000.000
  12502800  0.000  0.000  0.000  5006000.000  -5006000.000
  12506400  0.000  0.000  0.000  5056000.000  -5056000.000
  12510000  0.000  0.000  0.000  5610000.000  -5610000.000
  12513600  0.000  0.000  0.000  5429000.000  -5429000.000
  12517200  0.000  0.000  0.000  4688000.000  -4688000.000
  12520800  0.000  0.000  0.000  4971000.000  -4971000.000
  12524400  0.000  0.000  0.000  4841000.000  -4841000.000
  12528000  10649000.000  0.000  6075000.000  0.000  -4574000.000
  12531600  10649000.000  0.000  6165000.000  0.000  -4484000.000
  12535200  10649000.000  0.000  6171000.000  0.000  -4478000.000
  12538800  10649000.000  0.000  6073000.000  0.000  -4576000.000
  12542400  10649000.000  0.000  5618000.000  0.000  -5031000.000
  12546000  10649000.000  0.000  4886000.000  0.000  -5763000.000
  12549600  10649000.000  0.000  4988000.000  0.000  -5661000.000
  12553200  10649000.000  0.000  5217000.000  0.000  -5432000.000
  12556800  10649000.000  0.000  5121000.000  0.000  -5528000.000
  12560400  10649000.000  0.000  5022000.000  0.000  -5627000.000
  12564000  10649000.000  0.000  5211000.000  0.000  -5438000.000
  12567600  10649000.000  0.000  5847000.000  0.000  -4802000.000
  12571200  10649000.000  0.000  5613000.000  0.000  -5036000.000
  12574800  10649000.000  0.000  5392000.000  0.000  -5257000.000
  12578400  10649000.000  0.000  5073000.000  0.000  -5576000.000
  12582000  10649000.000  0.000  4621000.000  0.000  -6028000.000
  12585600  10649000.000  0.000  4653000.000  0.000  -5996000.000
  12589200  10649000.000  0.000  4691000.000  0.000  -5958000.000
  12592800  5986000.000  0.000  0.000  0.000  -5986000.000
  12596400  0.000  0.000  0.000  5285000.000  -5285000.000
  12600000  5247000.000  0.000  0.000  0.000  -5247000.000
  12603600  5579047.500  0.000  382047.480  0.000  -5197000.000
  12607200  10649000.000  0.000  6277000.000  0.000  -4372000.000
  12610800  10649000.000  0.000  5834000.000  0.000  -4815000.000
  12614400  10649000.000  0.000  5870000.000  0.000  -4779000.000
  12618000  10649000.000  0.000  5809000.000  0.000  -4840000.000
  12621600  10649000.000  0.000  5809000.000  0.000  -4840000.000
  12625200  10649000.000  0.000  5775000.000  0.000  -4874000.000
  12628800  10649000.000  0.000  5483000.000  0.000  -5166000.000
  12632400  6018000.000  0.000  0.000  0.000  -6018000.000
  12636000  0.000  0.000  0.000  5788000.000  -5788000.000
  12639600  0.000  0.000  0.000  5845000.000  -5845000.000
  12643200  0.000  0.000  0.000  5746000.000  -5746000.000
  12646800  0.000  0.000  0.000  5708000.000  -5708000.000
  12650400  0.000  0.000  0.000  5710000.000  -5710000.000
  12654000  0.000  0.000  0.000  4739000.000  -4739000.000
  12657600  0.000  0.000  0.000  4417000.000  -4417000.000
  12661200  10649000.000  0.000  6308000.000  0.000  -4341000.000
  12664800  10649000.000  0.000  6139000.000  0.000  -4510000.000
  12668400  10649000.000  0.000  5972000.000  0.000  -4677000.000
  12672000  0.000  0.000  0.000  4798000.000  -4798000.000
  12675600  0.000  0.000  0.000  5085000.000  -5085000.000
  12679200  0.000  0.000  0.000  5411000.000  -5411000.000
  12682800  0.000  0.000  0.000  5403000.000  -5403000.000
  12686400  0.000  0.000  0.000  5416000.000  -5416000.000
  12690000  0.000  0.000  0.000  5359000.000  -5359000.000
  12693600  0.000  0.000  0.000  5420000.000  -5420000.000
  12697200  10649000.000  0.000  6018000.000  0.000  -4631000.000
  12700800  10649000.000  0.000  6164000.000  0.000  -4485000.000
  12704400  10649000.000  0.000  6205000.000  0.000  -4444000.000
  12708000  10649000.000  0.000  6166000.000  0.000  -4483000.000
  12711600  10649000.000  0.000  5288000.000  0.000  -5361000.000
  12715200  10649000.000  0.000  5136000.000  0.000  -5513000.000
  12718800  0.000  0.000  0.000  6205000.000  -6205000.000
  12722400  0.000  0.000  0.000  6568000.000  -6568000.000
  12726000  0.000  0.000  0.000  5468000.000  -5468000.000
  12729600  0.000  0.000  0.000  5348000.000  -5348000.000
  12733200  0.000  0.000  0.000  4498000.000  -4498000.000
  12736800  0.000  0.000  0.000  4484000.000  -4484000.000
  12740400  0.000  0.000  0.000  4486000.000  -4486000.000
  12744000  0.000  0.000  0.000  4527000.000  -4527000.000
  12747600  0.000  0.000  0.000  4557000.000  -4557000.000
  12751200  0.000  0.000  0.000  4653000.000  -4653000.000
  12754800  0.000  0.000  0.000  5925000.000  -5925000.000
  12758400  0.000  0.000  0.000  5294000.000  -5294000.000
  12762000  0.000  0.000  0.000  5128000.000  -5128000.000
  12765600  0.000  0.000  0.000  5128000.000  -5128000.000
  12769200  0.000  0.000  0.000  4921000.000  -4921000.000
  12772800  0.000  0.000  0.000  5438000.000  -5438000.000
  12776400  5579000.000  0.000  0.000  0.000  -5579000.000
  12780000  10649000.000  0.000  5080000.000  0.000  -5569000.000
  12783600  10649000.000  0.000  5106000.000  0.000  -5543000.000
  12787200  10649000.000  0.000  5161000.000  0.000  -5488000.000
  12790800  10649000.000  0.000  5134000.000  0.000  -5515000.000
  12794400  10649000.000  0.000  5119000.000  0.000  -5530000.000
  12798000  10649000.000  0.000  5050000.000  0.000  -5599000.000
  12801600  10649000.000  0.000  4981000.000  0.000  -5668000.000
  12805200  0.000  0.000  0.000  5640000.000  -5640000.000
  12808800  0.000  0.000  0.000  5565000.000  -5565000.000
  12812400  0.000  0.000  0.000  5549000.000  -5549000.000
  12816000  0.000  0.000  0.000  5559000.000  -5559000.000
  12819600  0.000  0.000  0.000  5595000.000  -5595000.000
  12823200  0.000  0.000  0.000  5477000.000  -5477000.000
  12826800  0.000  0.000  0.000  5520000.000  -5520000.000
  12830400  4941000.000  0.000  0.000  0.000  -4941000.000
  12834000  4885000.000  0.000  0.000  0.000  -4885000.000
  12837600  10649000.000  0.000  5992000.000  0.000  -4657000.000
  12841200  0.000  0.000  0.000  4659000.000  -4659000.000
  12844800  0.000  0.000  0.000  4678000.000  -4678000.000
  12848400  0.000  0.000  0.000  4689000.000  -4689000.000
  12852000  0.000  0.000  0.000  4699000.000  -4699000.000
  12855600  0.000  0.000  0.000  4718000.000  -4718000.000
  12859200  0.000  0.000  0.000  4721000.000  -4721000.000
  12862800  0.000  0.000  0.000  5343000.000  -5343000.000
  12866400  5507000.000  0.000  0.000  0.000  -5507000.000
  12870000  5460000.000  0.000  0.000  0.000  -5460000.000
  12873600  5248299.800  0.000  752299.820  0.000  -4496000.000
  12877200  10649000.000  0.000  6446000.000  0.000  -4203000.000
  12880800  10649000.000  0.000  6468000.000  0.000  -4181000.000
  12884400  10649000.000  0.000  6170000.000  0.000  -4479000.000
  12888000  10649000.000  0.000  5812000.000  0.000  -4837000.000
  12891600  10649000.000  0.000  5547000.000  0.000  -5102000.000
  12895200  10649000.000  0.000  4695000.000  0.000  -5954000.000
  12898800  10649000.000  0.000  4707000.000  0.000  -5942000.000
  12902400  10649000.000  0.000  4962000.000  0.000  -5687000.000
  12906000  10649000.000  0.000  4964000.000  0.000  -5685000.000
  12909600  10649000.000  0.000  5202000.000  0.000  -5447000.000
  12913200  10649000.000  0.000  5224000.000  0.000  -5425000.000
  12916800  10649000.000  0.000  5100000.000  0.000  -5549000.000
  12920400  10649000.000  0.000  5042000.000  0.000  -5607000.000
  12924000  10649000.000  0.000  4975000.000  0.000  -5674000.000
  12927600  10649000.000  0.000  4715000.000  0.000  -5934000.000
  12931200  10649000.000  0.000  4390000.000  0.000  -6259000.000
  12934800  0.000  0.000  0.000  7029000.000  -7029000.000
  12938400  0.000  0.000  0.000  7220000.000  -7220000.000
  12942000  0.000  0.000  0.000  5768000.000  -5768000.000
  12945600  0.000  0.000  0.000  4749000.000  -4749000.000
  12949200  0.000  0.000  0.000  4342000.000  -4342000.000
  12952800  0.000  0.000  0.000  3883000.000  -3883000.000
  12956400  0.000  0.000  0.000  3856000.000  -3856000.000
  12960000  3779000.000  0.000  0.000  0.000  -3779000.000
  12963600  10649000.000  0.000  7450000.000  0.000  -3199000.000
  12967200  10649000.000  0.000  7359000.000  0.000  -3290000.000
  12970800  10649000.000  0.000  6056000.000  0.000  -4593000.000
  12974400  10649000.000  0.000  5014000.000  0.000  -5635000.000
  12978000  0.000  0.000  0.000  5853000.000  -5853000.000
  12981600  0.000  0.000  0.000  5957000.000  -5957000.000
  12985200  0.000  0.000  0.000  4288000.000  -4288000.000
  12988800  0.000  0.000  0.000  5589000.000  -5589000.000
  12992400  0.000  0.000  0.000  5470000.000  -5470000.000
  12996000  0.000  0.000  0.000  6138000.000  -6138000.000
  12999600  0.000  0.000  0.000  5098000.000  -5098000.000
  13003200  0.000  0.000  0.000  4419000.000  -4419000.000
  13006800  4952000.000  0.000  0.000  0.000  -4952000.000
  13010400  10649000.000  0.000  5449000.000  0.000  -5200000.000
  13014000  10649000.000  0.000  5032000.000  0.000  -5617000.000
  13017600  0.000  0.000  0.000  5229000.000  -5229000.000
  13021200  0.000  0.000  0.000  4300000.000  -4300000.000
  13024800  0.000  0.000  0.000  4164000.000  -4164000.000
  13028400  0.000  0.000  0.000  4322000.000  -4322000.000
  13032000  0.000  0.000  0.000  4523000.000  -4523000.000
  13035600  0.000  0.000  0.000  5057000.000  -5057000.000
  13039200  0.000  0.000  0.000  3964000.000  -3964000.000
  13042800  0.000  0.000  0.000  4107000.000  -4107000.000
  13046400  0.000  0.000  0.000  4073000.000  -4073000.000
  13050000  4020000.000  0.000  0.000  0.000  -4020000.000
  13053600  4509000.000  0.000  0.000  0.000  -4509000.000
  13057200  10649000.000  0.000  6215000.000  0.000  -4434000.000
  13060800  10649000.000  0.000  6118000.000  0.000  -4531000.000
  13064400  10649000.000  0.000  5656000.000  0.000  -4993000.000
  13068000  6267259.400  0.000  1235259.400  0.000  -5032000.000
  13071600  0.000  0.000  0.000  4925000.000  -4925000.000
  13075200  0.000  0.000  0.000  4645000.000  -4645000.000
  13078800  10649000.000  0.000  6200000.000  0.000  -4449000.000
  13082400  10649000.000  0.000  6454000.000  0.000  -4195000.000
  13086000  10649000.000  0.000  6406000.000  0.000  -4243000.000
  13089600  10649000.000  0.000  6393000.000  0.000  -4256000.000
  13093200  10649000.000  0.000  6396000.000  0.000  -4253000.000
  13096800  10649000.000  0.000  6614000.000  0.000  -4035000.000
  13100400  10649000.000  0.000  6810000.000  0.000  -3839000.000
  13104000  0.000  0.000  0.000  3872000.000  -3872000.000
  13107600  0.000  0.000  0.000  3899000.000  -3899000.000
  13111200  0.000  0.000  0.000  4010000.000  -4010000.000
  13114800  0.000  0.000  0.000  4237000.000  -4237000.000
  13118400  0.000  0.000  0.000  4161000.000  -4161000.000
  13122000  0.000  0.000  0.000  3491000.000  -3491000.000
  13125600  0.000  0.000  0.000  3696000.000  -3696000.000
  13129200  4963000.000  0.000  0.000  0.000  -4963000.000
  13132800  0.000  0.000  0.000  4914000.000  -4914000.000
  13136400  0.000  0.000  0.000  4406000.000  -4406000.000
  13140000  10649000.000  0.000  6202000.000  0.000  -4447000.000
  13143600  10649000.000  0.000  6175000.000  0.000  -4474000.000
  13147200  10649000.000  0.000  6098000.000  0.000  -4551000.000
  13150800  10649000.000  0.000  6099000.000  0.000  -4550000.000
  13154400  10649000.000  0.000  6143000.000  0.000  -4506000.000
  13158000  10649000.000  0.000  6577000.000  0.000  -4072000.000
  13161600  10649000.000  0.000  6786000.000  0.000  -3863000.000
  13165200  10649000.000  0.000  6795000.000  0.000  -3854000.000
  13168800  10649000.000  0.000  6737000.000  0.000  -3912000.000
  13172400  10649000.000  0.000  6894000.000  0.000  -3755000.000
  13176000  10649000.000  0.000  7067000.000  0.000  -3582000.000
  13179600  10649000.000  0.000  7039000.000  0.000  -3610000.000
  13183200  10649000.000  0.000  7071000.000  0.000  -3578000.000
  13186800  10649000.000  0.000  7067000.000  0.000  -3582000.000
  13190400  10649000.000  0.000  7101000.000  0.000  -3548000.000
  13194000  0.000  0.000  0.000  3175000.000  -3175000.000
  13197600  0.000  0.000  0.000  3118000.000  -3118000.000
  13201200  0.000  0.000  0.000  3131000.000  -3131000.000
  13204800  0.000  0.000  0.000  3139000.000  -3139000.000
  13208400  0.000  0.000  0.000  3147000.000  -3147000.000
  13212000  0.000  0.000  0.000  3234000.000  -3234000.000
  13215600  10649000.000  0.000  6880000.000  0.000  -3769000.000
  13219200  10649000.000  0.000  7546000.000  0.000  -3103000.000
  13222800  10649000.000  0.000  7618000.000  0.000  -3031000.000
  13226400  10649000.000  0.000  7607000.000  0.000  -3042000.000
  13230000  10649000.000  0.000  7599000.000  0.000  -3050000.000
  13233600  10649000.000  0.000  7370000.000  0.000  -3279000.000
  13237200  0.000  0.000  0.000  3384000.000  -3384000.000
  13240800  0.000  0.000  0.000  3286000.000  -3286000.000
  13244400  0.000  0.000  0.000  3499000.000  -3499000.000
  13248000  0.000  0.000  0.000  3489000.000  -3489000.000
  13251600  0.000  0.000  0.000  3490000.000  -3490000.000
  13255200  0.000  0.000  0.000  3395000.000  -3395000.000
  13258800  0.000  0.000  0.000  3008000.000  -3008000.000
  13262400  0.000  0.000  0.000  2961000.000  -2961000.000
  13266000  0.000  0.000  0.000  2963000.000  -2963000.000
  13269600  0.000  0.000  0.000  3013000.000  -3013000.000
  13273200  0.000  0.000  0.000  3008000.000  -3008000.000
  13276800  0.000  0.000  0.000  3033000.000  -3033000.000
  13280400  0.000  0.000  0.000  3174000.000  -3174000.000
  13284000  0.000  0.000  0.000  3403000.000  -3403000.000
  13287600  0.000  0.000  0.000  3411000.000  -3411000.000
  13291200  0.000  0.000  0.000  3359000.000  -3359000.000
  13294800  0.000  0.000  0.000  3670000.000  -3670000.000
  13298400  0.000  0.000  0.000  3620000.000  -3620000.000
  13302000  0.000  0.000  0.000  3580000.000  -3580000.000
  13305600  0.000  0.000  0.000  3586000.000  -3586000.000
  13309200  0.000  0.000  0.000  3596000.000  -3596000.000
  13312800  0.000  0.000  0.000  3590000.000  -3590000.000
  13316400  0.000  0.000  0.000  3657000.000  -3657000.000
  13320000  0.000  0.000  0.000  3733000.000  -3733000.000
  13323600  0.000  0.000  0.000  3788000.000  -3788000.000
  13327200  0.000  0.000  0.000  3316000.000  -3316000.000
  13330800  0.000  0.000  0.000  4013000.000  -4013000.000
  13334400  0.000  0.000  0.000  4492000.000  -4492000.000
  13338000  0.000  0.000  0.000  3709000.000  -3709000.000
  13341600  0.000  0.000  0.000  3405000.000  -3405000.000
  13345200  0.000  0.000  0.000  3158000.000  -3158000.000
  13348800  0.000  0.000  0.000  3059000.000  -3059000.000
  13352400  0.000  0.000  0.000  2989000.000  -2989000.000
  13356000  0.000  0.000  0.000  2907000.000  -2907000.000
  13359600  0.000  0.000  0.000  2913000.000  -2913000.000
  13363200  0.000  0.000  0.000  3045000.000  -3045000.000
  13366800  0.000  0.000  0.000  3700000.000  -3700000.000
  13370400  0.000  0.000  0.000  3293000.000  -3293000.000
  13374000  0.000  0.000  0.000  3131000.000  -3131000.000
  13377600  0.000  0.000  0.000  3128000.000  -3128000.000
  13381200  0.000  0.000  0.000  2677000.000  -2677000.000
  13384800  10649000.000  0.000  7426000.000  0.000  -3223000.000
  13388400  10649000.000  0.000  7395000.000  0.000  -3254000.000
  13392000  10649000.000  0.000  7498000.000  0.000  -3151000.000
  13395600  10649000.000  0.000  7592000.000  0.000  -3057000.000
  13399200  10649000.000  0.000  7614000.000  0.000  -3035000.000
  13402800  10649000.000  0.000  7448000.000  0.000  -3201000.000
  13406400  10649000.000  0.000  7272000.000  0.000  -3377000.000
  13410000  0.000  0.000  0.000  3756000.000  -3756000.000
  13413600  0.000  0.000  0.000  3077000.000  -3077000.000
  13417200  0.000  0.000  0.000  3096000.000  -3096000.000
  13420800  0.000  0.000  0.000  1974000.000  -1974000.000
  13424400  0.000  0.000  0.000  2815000.000  -2815000.000
  13428000  0.000  0.000  0.000  3343000.000  -3343000.000
  13431600  0.000  0.000  0.000  4079000.000  -4079000.000
  13435200  0.000  0.000  0.000  3645000.000  -3645000.000
  13438800  0.000  0.000  0.000  3417000.000  -3417000.000
  13442400  0.000  0.000  0.000  3039000.000  -3039000.000
  13446000  0.000  0.000  0.000  2683000.000  -2683000.000
  13449600  0.000  0.000  0.000  2633000.000  -2633000.000
  13453200  0.000  0.000  0.000  2740000.000  -2740000.000
  13456800  0.000  0.000  0.000  2924000.000  -2924000.000
  13460400  0.000  0.000  0.000  2880000.000  -2880000.000
  13464000  0.000  0.000  0.000  2882000.000  -2882000.000
  13467600  0.000  0.000  0.000  2927000.000  -2927000.000
  13471200  2905000.000  0.000  0.000  0.000  -2905000.000
  13474800  10649000.000  0.000  7752000.000  0.000  -2897000.000
  13478400  10639000.000  0.000  7799000.000  0.000  -2840000.000
  13482000  10649000.000  0.000  7791000.000  0.000  -2858000.000
  13485600  10638000.000  0.000  7799000.000  0.000  -2839000.000
  13489200  10649000.000  0.000  7799000.000  0.000  -2850000.000
  13492800  10649000.000  0.000  7780000.000  0.000  -2869000.000
  13496400  3190000.000  0.000  0.000  0.000  -3190000.000
  13500000  0.000  0.000  0.000  3292000.000  -3292000.000
  13503600  0.000  0.000  0.000  3285000.000  -3285000.000
  13507200  0.000  0.000  0.000  3170000.000  -3170000.000
  13510800  0.000  0.000  0.000  2592000.000  -2592000.000
  13514400  0.000  0.000  0.000  2839000.000  -2839000.000
  13518000  2889000.000  0.000  0.000  0.000  -2889000.000
  13521600  2681000.000  0.000  0.000  0.000  -2681000.000
  13525200  5676172.900  0.000  3003172.900  0.000  -2673000.000
  13528800  2674000.000  0.000  0.000  0.000  -2674000.000
  13532400  0.000  0.000  0.000  2675000.000  -2675000.000
  13536000  0.000  0.000  0.000  3062000.000  -3062000.000
  13539600  0.000  0.000  0.000  3962000.000  -3962000.000
  13543200  0.000  0.000  0.000  4108000.000  -4108000.000
  13546800  0.000  0.000  0.000  3749000.000  -3749000.000
  13550400  0.000  0.000  0.000  3521000.000  -3521000.000
  13554000  0.000  0.000  0.000  3246000.000  -3246000.000
  13557600  0.000  0.000  0.000  3226000.000  -3226000.000
  13561200  0.000  0.000  0.000  3366000.000  -3366000.000
  13564800  0.000  0.000  0.000  2953000.000  -2953000.000
  13568400  6569874.800  0.000  3803874.800  0.000  -2766000.000
  13572000  2776000.000  0.000  0.000  0.000  -2776000.000
  13575600  10649000.000  0.000  7402000.000  0.000  -3247000.000
  13579200  10649000.000  0.000  7216000.000  0.000  -3433000.000
  13582800  0.000  0.000  0.000  3453000.000  -3453000.000
  13586400  0.000  0.000  0.000  3419000.000  -3419000.000
  13590000  0.000  0.000  0.000  4072000.000  -4072000.000
  13593600  0.000  0.000  0.000  3581000.000  -3581000.000
  13597200  0.000  0.000  0.000  3822000.000  -3822000.000
  13600800  3404000.000  0.000  0.000  0.000  -3404000.000
  13604400  3396000.000  0.000  0.000  0.000  -3396000.000
  13608000  9797377.000  0.000  6595377.000  0.000  -3202000.000
  13611600  10501000.000  0.000  7799000.000  0.000  -2702000.000
  13615200  10482000.000  0.000  7799000.000  0.000  -2683000.000
  13618800  0.000  0.000  0.000  2782000.000  -2782000.000
  13622400  0.000  0.000  0.000  2810000.000  -2810000.000
  13626000  0.000  0.000  0.000  3235000.000  -3235000.000
  13629600  0.000  0.000  0.000  3440000.000  -3440000.000
  13633200  0.000  0.000  0.000  3486000.000  -3486000.000
  13636800  0.000  0.000  0.000  3477000.000  -3477000.000
  13640400  0.000  0.000  0.000  2852000.000  -2852000.000
  13644000  2630000.000  0.000  0.000  0.000  -2630000.000
  13647600  10649000.000  0.000  7741000.000  0.000  -2908000.000
  13651200  10519000.000  0.000  7799000.000  0.000  -2720000.000
  13654800  10470000.000  0.000  7799000.000  0.000  -2671000.000
  13658400  10642000.000  0.000  7799000.000  0.000  -2843000.000
  13662000  10649000.000  0.000  7394000.000  0.000  -3255000.000
  13665600  10649000.000  0.000  7337000.000  0.000  -3312000.000
  13669200  10649000.000  0.000  7015000.000  0.000  -3634000.000
  13672800  10649000.000  0.000  7199000.000  0.000  -3450000.000
  13676400  10649000.000  0.000  7247000.000  0.000  -3402000.000
  13680000  10649000.000  0.000  7255000.000  0.000  -3394000.000
  13683600  10649000.000  0.000  7247000.000  0.000  -3402000.000
  13687200  10649000.000  0.000  7224000.000  0.000  -3425000.000
  13690800  10649000.000  0.000  7186000.000  0.000  -3463000.000
  13694400  10649000.000  0.000  7208000.000  0.000  -3441000.000
  13698000  10649000.000  0.000  6819000.000  0.000  -3830000.000
  13701600  10649000.000  0.000  6178000.000  0.000  -4471000.000
  13705200  10649000.000  0.000  6412000.000  0.000  -4237000.000
  13708800  10649000.000  0.000  6822000.000  0.000  -3827000.000
  13712400  10649000.000  0.000  6835000.000  0.000  -3814000.000
  13716000  10649000.000  0.000  6785000.000  0.000  -3864000.000
  13719600  0.000  0.000  0.000  4152000.000  -4152000.000
  13723200  0.000  0.000  0.000  3791000.000  -3791000.000
  13726800  0.000  0.000  0.000  3781000.000  -3781000.000
  13730400  0.000  0.000  0.000  3800000.000  -3800000.000
  13734000  0.000  0.000  0.000  3718000.000  -3718000.000
  13737600  10649000.000  0.000  7611000.000  0.000  -3038000.000
  13741200  10649000.000  0.000  7604000.000  0.000  -3045000.000
  13744800  10649000.000  0.000  7148000.000  0.000  -3501000.000
  13748400  10649000.000  0.000  6962000.000  0.000  -3687000.000
  13752000  10649000.000  0.000  6924000.000  0.000  -3725000.000
  13755600  4112000.000  0.000  0.000  0.000  -4112000.000
  13759200  10649000.000  0.000  6649000.000  0.000  -4000000.000
  13762800  0.000  0.000  0.000  3999000.000  -3999000.000
  13766400  10649000.000  0.000  7068000.000  0.000  -3581000.000
  13770000  10649000.000  0.000  6499000.000  0.000  -4150000.000
  13773600  10649000.000  0.000  6483000.000  0.000  -4166000.000
  13777200  4159000.000  0.000  0.000  0.000  -4159000.000
  13780800  10649000.000  0.000  6518000.000  0.000  -4131000.000
  13784400  5764912.100  0.000  1918912.100  0.000  -3846000.000
  13788000  3533176.000  0.000  187176.000  0.000  -3346000.000
  13791600  3093176.000  0.000  187176.000  0.000  -2906000.000
  13795200  0.000  0.000  0.000  2992000.000  -2992000.000
  13798800  0.000  0.000  0.000  4256000.000  -4256000.000
  13802400  0.000  0.000  0.000  2903000.000  -2903000.000
  13806000  0.000  0.000  0.000  3069000.000  -3069000.000
  13809600  0.000  0.000  0.000  3169000.000  -3169000.000
  13813200  0.000  0.000  0.000  3161000.000  -3161000.000
  13816800  0.000  0.000  0.000  3206000.000  -3206000.000
  13820400  0.000  0.000  0.000  3174000.000  -3174000.000
  13824000  0.000  0.000  0.000  3175000.000  -3175000.000
  13827600  3179000.000  0.000  0.000  0.000  -3179000.000
  13831200  10649000.000  0.000  7494000.000  0.000  -3155000.000
  13834800  10649000.000  0.000  6991000.000  0.000  -3658000.000
  13838400  10649000.000  0.000  6959000.000  0.000  -3690000.000
  13842000  10649000.000  0.000  7010000.000  0.000  -3639000.000
  13845600  0.000  0.000  0.000  4100000.000  -4100000.000
  13849200  0.000  0.000  0.000  4205000.000  -4205000.000
  13852800  0.000  0.000  0.000  4157000.000  -4157000.000
  13856400  0.000  0.000  0.000  4227000.000  -4227000.000
  13860000  0.000  0.000  0.000  4103000.000  -4103000.000
  13863600  0.000  0.000  0.000  4430000.000  -4430000.000
  13867200  10649000.000  0.000  6258000.000  0.000  -4391000.000
  13870800  10649000.000  0.000  6237000.000  0.000  -4412000.000
  13874400  10649000.000  0.000  6321000.000  0.000  -4328000.000
  13878000  4116000.000  0.000  0.000  0.000  -4116000.000
  13881600  0.000  0.000  0.000  3826000.000  -3826000.000
  13885200  0.000  0.000  0.000  3772000.000  -3772000.000
  13888800  0.000  0.000  0.000  3837000.000  -3837000.000
  13892400  0.000  0.000  0.000  3968000.000  -3968000.000
  13896000  0.000  0.000  0.000  3979000.000  -3979000.000
  13899600  0.000  0.000  0.000  3963000.000  -3963000.000
  13903200  0.000  0.000  0.000  3695000.000  -3695000.000
  13906800  0.000  0.000  0.000  3541000.000  -3541000.000
  13910400  0.000  0.000  0.000  3365000.000  -3365000.000
  13914000  3261000.000  0.000  0.000  0.000  -3261000.000
  13917600  10649000.000  0.000  7404000.000  0.000  -3245000.000
  13921200  10649000.000  0.000  7269000.000  0.000  -3380000.000
  13924800  0.000  0.000  0.000  3804000.000  -3804000.000
  13928400  0.000  0.000  0.000  4548000.000  -4548000.000
  13932000  0.000  0.000  0.000  4396000.000  -4396000.000
  13935600  0.000  0.000  0.000  4386000.000  -4386000.000
  13939200  0.000  0.000  0.000  4433000.000  -4433000.000
  13942800  0.000  0.000  0.000  4437000.000  -4437000.000
  13946400  0.000  0.000  0.000  4453000.000  -4453000.000
  13950000  0.000  0.000  0.000  4444000.000  -4444000.000
  13953600  0.000  0.000  0.000  4496000.000  -4496000.000
  13957200  0.000  0.000  0.000  4437000.000  -4437000.000
  13960800  0.000  0.000  0.000  4453000.000  -4453000.000
  13964400  0.000  0.000  0.000  2731000.000  -2731000.000
  13968000  0.000  0.000  0.000  2687000.000  -2687000.000
  13971600  0.000  0.000  0.000  2709000.000  -2709000.000
  13975200  0.000  0.000  0.000  2709000.000  -2709000.000
  13978800  0.000  0.000  0.000  2716000.000  -2716000.000
  13982400  0.000  0.000  0.000  2808000.000  -2808000.000
  13986000  0.000  0.000  0.000  2981000.000  -2981000.000
  13989600  0.000  0.000  0.000  3061000.000  -3061000.000
  13993200  0.000  0.000  0.000  3154000.000  -3154000.000
  13996800  0.000  0.000  0.000  3164000.000  -3164000.000
  14000400  0.000  0.000  0.000  3126000.000  -3126000.000
  14004000  0.000  0.000  0.000  3117000.000  -3117000.000
  14007600  0.000  0.000  0.000  3117000.000  -3117000.000
  14011200  0.000  0.000  0.000  3070000.000  -3070000.000
  14014800  0.000  0.000  0.000  3043000.000  -3043000.000
  14018400  0.000  0.000  0.000  3034000.000  -3034000.000
  14022000  0.000  0.000  0.000  3008000.000  -3008000.000
  14025600  0.000  0.000  0.000  2999000.000  -2999000.000
  14029200  0.000  0.000  0.000  2955000.000  -2955000.000
  14032800  0.000  0.000  0.000  2922000.000  -2922000.000
  14036400  0.000  0.000  0.000  2831000.000  -2831000.000
  14040000  0.000  0.000  0.000  3055000.000  -3055000.000
  14043600  0.000  0.000  0.000  3012000.000  -3012000.000
  14047200  0.000  0.000  0.000  3232000.000  -3232000.000
  14050800  0.000  0.000  0.000  3475000.000  -3475000.000
  14054400  0.000  0.000  0.000  3686000.000  -3686000.000
  14058000  0.000  0.000  0.000  4502000.000  -4502000.000
  14061600  0.000  0.000  0.000  4349000.000  -4349000.000
  14065200  0.000  0.000  0.000  4009000.000  -4009000.000
  14068800  0.000  0.000  0.000  3478000.000  -3478000.000
  14072400  0.000  0.000  0.000  3593000.000  -3593000.000
  14076000  0.000  0.000  0.000  3394000.000  -3394000.000
  14079600  3419000.000  0.000  0.000  0.000  -3419000.000
  14083200  10649000.000  0.000  7255000.000  0.000  -3394000.000
  14086800  10649000.000  0.000  7195000.000  0.000  -3454000.000
  14090400  10649000.000  0.000  7109000.000  0.000  -3540000.000
  14094000  10649000.000  0.000  7077000.000  0.000  -3572000.000
  14097600  10649000.000  0.000  7005000.000  0.000  -3644000.000
  14101200  0.000  0.000  0.000  4000000.000  -4000000.000
  14104800  0.000  0.000  0.000  4399000.000  -4399000.000
  14108400  0.000  0.000  0.000  4362000.000  -4362000.000
  14112000  0.000  0.000  0.000  4320000.000  -4320000.000
  14115600  0.000  0.000  0.000  4246000.000  -4246000.000
  14119200  6518670.600  0.000  3210670.600  0.000  -3308000.000
  14122800  10649000.000  0.000  7641000.000  0.000  -3008000.000
  14126400  10639000.000  0.000  7799000.000  0.000  -2840000.000
  14130000  10380000.000  0.000  7799000.000  0.000  -2581000.000
  14133600  10395000.000  0.000  7799000.000  0.000  -2596000.000
  14137200  0.000  0.000  0.000  2684000.000  -2684000.000
  14140800  0.000  0.000  0.000  2799000.000  -2799000.000
  14144400  0.000  0.000  0.000  3059000.000  -3059000.000
  14148000  0.000  0.000  0.000  3055000.000  -3055000.000
  14151600  0.000  0.000  0.000  3067000.000  -3067000.000
  14155200  0.000  0.000  0.000  3079000.000  -3079000.000
  14158800  0.000  0.000  0.000  3086000.000  -3086000.000
  14162400  0.000  0.000  0.000  3085000.000  -3085000.000
  14166000  0.000  0.000  0.000  3078000.000  -3078000.000
  14169600  10649000.000  0.000  7548000.000  0.000  -3101000.000
  14173200  10649000.000  0.000  7549000.000  0.000  -3100000.000
  14176800  10649000.000  0.000  7564000.000  0.000  -3085000.000
  14180400  10649000.000  0.000  7527000.000  0.000  -3122000.000
  14184000  10649000.000  0.000  6997000.000  0.000  -3652000.000
  14187600  0.000  0.000  0.000  4101000.000  -4101000.000
  14191200  0.000  0.000  0.000  3545000.000  -3545000.000
  14194800  0.000  0.000  0.000  3403000.000  -3403000.000
  14198400  0.000  0.000  0.000  3005000.000  -3005000.000
  14202000  0.000  0.000  0.000  2885000.000  -2885000.000
  14205600  0.000  0.000  0.000  2952000.000  -2952000.000
  14209200  0.000  0.000  0.000  3050000.000  -3050000.000
  14212800  0.000  0.000  0.000  3020000.000  -3020000.000
  14216400  0.000  0.000  0.000  3025000.000  -3025000.000
  14220000  0.000  0.000  0.000  2994000.000  -2994000.000
  14223600  0.000  0.000  0.000  2844000.000  -2844000.000
  14227200  0.000  0.000  0.000  2737000.000  -2737000.000
  14230800  0.000  0.000  0.000  3144000.000  -3144000.000
  14234400  0.000  0.000  0.000  3164000.000  -3164000.000
  14238000  0.000  0.000  0.000  2796000.000  -2796000.000
  14241600  0.000  0.000  0.000  2908000.000  -2908000.000
  14245200  0.000  0.000  0.000  3083000.000  -3083000.000
  14248800  0.000  0.000  0.000  3111000.000  -3111000.000
  14252400  0.000  0.000  0.000  3091000.000  -3091000.000
  14256000  2765000.000  0.000  0.000  0.000  -2765000.000
  14259600  2484000.000  0.000  0.000  0.000  -2484000.000
  14263200  10312000.000  0.000  7799000.000  0.000  -2513000.000
  14266800  10301000.000  0.000  7799000.000  0.000  -2502000.000
  14270400  10649000.000  0.000  7591000.000  0.000  -3058000.000
  14274000  10649000.000  0.000  7402000.000  0.000  -3247000.000
  14277600  0.000  0.000  0.000  3606000.000  -3606000.000
  14281200  0.000  0.000  0.000  3571000.000  -3571000.000
  14284800  0.000  0.000  0.000  3573000.000  -3573000.000
  14288400  0.000  0.000  0.000  3480000.000  -3480000.000
  14292000  10649000.000  0.000  7465000.000  0.000  -3184000.000
  14295600  10649000.000  0.000  7567000.000  0.000  -3082000.000
  14299200  10649000.000  0.000  7531000.000  0.000  -3118000.000
  14302800  10649000.000  0.000  7556000.000  0.000  -3093000.000
  14306400  10649000.000  0.000  7559000.000  0.000  -3090000.000
  14310000  10649000.000  0.000  7539000.000  0.000  -3110000.000
  14313600  3114000.000  0.000  0.000  0.000  -3114000.000
  14317200  0.000  0.000  0.000  3382000.000  -3382000.000
  14320800  0.000  0.000  0.000  3438000.000  -3438000.000
  14324400  0.000  0.000  0.000  3429000.000  -3429000.000
  14328000  0.000  0.000  0.000  3424000.000  -3424000.000
  14331600  0.000  0.000  0.000  3448000.000  -3448000.000
  14335200  0.000  0.000  0.000  3435000.000  -3435000.000
  14338800  0.000  0.000  0.000  3419000.000  -3419000.000
  14342400  10649000.000  0.000  7452000.000  0.000  -3197000.000
  14346000  10490000.000  0.000  7799000.000  0.000  -2691000.000
  14349600  10629000.000  0.000  7799000.000  0.000  -2830000.000
  14353200  10649000.000  0.000  7507000.000  0.000  -3142000.000
  14356800  10649000.000  0.000  7204000.000  0.000  -3445000.000
  14360400  10649000.000  0.000  6968000.000  0.000  -3681000.000
  14364000  10649000.000  0.000  6783000.000  0.000  -3866000.000
  14367600  10649000.000  0.000  7489000.000  0.000  -3160000.000
  14371200  10649000.000  0.000  7548000.000  0.000  -3101000.000
  14374800  10649000.000  0.000  7560000.000  0.000  -3089000.000
  14378400  10649000.000  0.000  7561000.000  0.000  -3088000.000
  14382000  10649000.000  0.000  7553000.000  0.000  -3096000.000
  14385600  10649000.000  0.000  7549000.000  0.000  -3100000.000
  14389200  10649000.000  0.000  7564000.000  0.000  -3085000.000
  14392800  10649000.000  0.000  7586000.000  0.000  -3063000.000
  14396400  10649000.000  0.000  7552000.000  0.000  -3097000.000
  14400000  0.000  0.000  0.000  3117000.000  -3117000.000
  14403600  0.000  0.000  0.000  3117000.000  -3117000.000
  14407200  0.000  0.000  0.000  3178000.000  -3178000.000
  14410800  0.000  0.000  0.000  3451000.000  -3451000.000
  14414400  0.000  0.000  0.000  3414000.000  -3414000.000
  14418000  0.000  0.000  0.000  3387000.000  -3387000.000
  14421600  0.000  0.000  0.000  3380000.000  -3380000.000
  14425200  0.000  0.000  0.000  3373000.000  -3373000.000
  14428800  3293000.000  0.000  0.000  0.000  -3293000.000
  14432400  10649000.000  0.000  7524000.000  0.000  -3125000.000
  14436000  10649000.000  0.000  7518000.000  0.000  -3131000.000
  14439600  10649000.000  0.000  7595000.000  0.000  -3054000.000
  14443200  0.000  0.000  0.000  3871000.000  -3871000.000
  14446800  0.000  0.000  0.000  4020000.000  -4020000.000
  14450400  0.000  0.000  0.000  3890000.000  -3890000.000
  14454000  0.000  0.000  0.000  3356000.000  -3356000.000
  14457600  0.000  0.000  0.000  2944000.000  -2944000.000
  14461200  0.000  0.000  0.000  2643000.000  -2643000.000
  14464800  0.000  0.000  0.000  2565000.000  -2565000.000
  14468400  0.000  0.000  0.000  2479000.000  -2479000.000
  14472000  0.000  0.000  0.000  2910000.000  -2910000.000
  14475600  0.000  0.000  0.000  3045000.000  -3045000.000
  14479200  0.000  0.000  0.000  3039000.000  -3039000.000
  14482800  0.000  0.000  0.000  3034000.000  -3034000.000
  14486400  0.000  0.000  0.000  3032000.000  -3032000.000
  14490000  0.000  0.000  0.000  3052000.000  -3052000.000
  14493600  0.000  0.000  0.000  2513000.000  -2513000.000
  14497200  0.000  0.000  0.000  2497000.000  -2497000.000
  14500800  0.000  0.000  0.000  2512000.000  -2512000.000
  14504400  0.000  0.000  0.000  2498000.000  -2498000.000
  14508000  0.000  0.000  0.000  2621000.000  -2621000.000
  14511600  0.000  0.000  0.000  3151000.000  -3151000.000
  14515200  0.000  0.000  0.000  3065000.000  -3065000.000
  14518800  10649000.000  0.000  7558000.000  0.000  -3091000.000
  14522400  10649000.000  0.000  7584000.000  0.000  -3065000.000
  14526000  10649000.000  0.000  7570000.000  0.000  -3079000.000
  14529600  9866310.300  0.000  6759310.300  0.000  -3107000.000
  14533200  0.000  0.000  0.000  3105000.000  -3105000.000
  14536800  0.000  0.000  0.000  3076000.000  -3076000.000
  14540400  0.000  0.000  0.000  3046000.000  -3046000.000
  14544000  0.000  0.000  0.000  3014000.000  -3014000.000
  14547600  0.000  0.000  0.000  2575000.000  -2575000.000
  14551200  0.000  0.000  0.000  2431000.000  -2431000.000
  14554800  0.000  0.000  0.000  2443000.000  -2443000.000
  14558400  0.000  0.000  0.000  2434000.000  -2434000.000
  14562000  0.000  0.000  0.000  2445000.000  -2445000.000
  14565600  0.000  0.000  0.000  2437000.000  -2437000.000
  14569200  0.000  0.000  0.000  2464000.000  -2464000.000
  14572800  0.000  0.000  0.000  2473000.000  -2473000.000
  14576400  0.000  0.000  0.000  2474000.000  -2474000.000
  14580000  0.000  0.000  0.000  2462000.000  -2462000.000
  14583600  0.000  0.000  0.000  2449000.000  -2449000.000
  14587200  0.000  0.000  0.000  2474000.000  -2474000.000
  14590800  0.000  0.000  0.000  2478000.000  -2478000.000
  14594400  0.000  0.000  0.000  2441000.000  -2441000.000
  14598000  0.000  0.000  0.000  2430000.000  -2430000.000
  14601600  0.000  0.000  0.000  2431000.000  -2431000.000
  14605200  0.000  0.000  0.000  2443000.000  -2443000.000
  14608800  0.000  0.000  0.000  2433000.000  -2433000.000
  14612400  0.000  0.000  0.000  2444000.000  -2444000.000
  14616000  0.000  0.000  0.000  2853000.000  -2853000.000
  14619600  0.000  0.000  0.000  3124000.000  -3124000.000
  14623200  0.000  0.000  0.000  3089000.000  -3089000.000
  14626800  0.000  0.000  0.000  3064000.000  -3064000.000
  14630400  0.000  0.000  0.000  2994000.000  -2994000.000
  14634000  0.000  0.000  0.000  2733000.000  -2733000.000
  14637600  0.000  0.000  0.000  2432000.000  -2432000.000
  14641200  0.000  0.000  0.000  2449000.000  -2449000.000
  14644800  0.000  0.000  0.000  2448000.000  -2448000.000
  14648400  0.000  0.000  0.000  2440000.000  -2440000.000
  14652000  0.000  0.000  0.000  2464000.000  -2464000.000
  14655600  0.000  0.000  0.000  2494000.000  -2494000.000
  14659200  0.000  0.000  0.000  2466000.000  -2466000.000
  14662800  0.000  0.000  0.000  2892000.000  -2892000.000
  14666400  0.000  0.000  0.000  3054000.000  -3054000.000
  14670000  0.000  0.000  0.000  3038000.000  -3038000.000
  14673600  0.000  0.000  0.000  2995000.000  -2995000.000
  14677200  0.000  0.000  0.000  2466000.000  -2466000.000
  14680800  0.000  0.000  0.000  2457000.000  -2457000.000
  14684400  10261000.000  0.000  7799000.000  0.000  -2462000.000
  14688000  10257000.000  0.000  7799000.000  0.000  -2458000.000
  14691600  10258000.000  0.000  7799000.000  0.000  -2459000.000
  14695200  10269000.000  0.000  7799000.000  0.000  -2470000.000
  14698800  10292000.000  0.000  7799000.000  0.000  -2493000.000
  14702400  10290000.000  0.000  7799000.000  0.000  -2491000.000
  14706000  10649000.000  0.000  7731000.000  0.000  -2918000.000
  14709600  0.000  0.000  0.000  3067000.000  -3067000.000
  14713200  0.000  0.000  0.000  3031000.000  -3031000.000
  14716800  0.000  0.000  0.000  3035000.000  -3035000.000
  14720400  0.000  0.000  0.000  3003000.000  -3003000.000
  14724000  0.000  0.000  0.000  2719000.000  -2719000.000
  14727600  0.000  0.000  0.000  2466000.000  -2466000.000
  14731200  0.000  0.000  0.000  2485000.000  -2485000.000
  14734800  2492000.000  0.000  0.000  0.000  -2492000.000
  14738400  0.000  0.000  0.000  2851000.000  -2851000.000
  14742000  0.000  0.000  0.000  2470000.000  -2470000.000
  14745600  0.000  0.000  0.000  2480000.000  -2480000.000
  14749200  0.000  0.000  0.000  2693000.000  -2693000.000
  14752800  0.000  0.000  0.000  3062000.000  -3062000.000
  14756400  0.000  0.000  0.000  3001000.000  -3001000.000
  14760000  0.000  0.000  0.000  3017000.000  -3017000.000
  14763600  0.000  0.000  0.000  3029000.000  -3029000.000
  14767200  0.000  0.000  0.000  3029000.000  -3029000.000
  14770800  0.000  0.000  0.000  3006000.000  -3006000.000
  14774400  10649000.000  0.000  7629000.000  0.000  -3020000.000
  14778000  10649000.000  0.000  7607000.000  0.000  -3042000.000
  14781600  6785885.900  0.000  3761885.900  0.000  -3024000.000
  14785200  2988000.000  0.000  0.000  0.000  -2988000.000
  14788800  0.000  0.000  0.000  3004000.000  -3004000.000
  14792400  0.000  0.000  0.000  2934000.000  -2934000.000
  14796000  0.000  0.000  0.000  2967000.000  -2967000.000
  14799600  0.000  0.000  0.000  2962000.000  -2962000.000
  14803200  0.000  0.000  0.000  2979000.000  -2979000.000
  14806800  0.000  0.000  0.000  3028000.000  -3028000.000
  14810400  0.000  0.000  0.000  3004000.000  -3004000.000
  14814000  0.000  0.000  0.000  2927000.000  -2927000.000
  14817600  2954000.000  0.000  0.000  0.000  -2954000.000
  14821200  10649000.000  0.000  7691000.000  0.000  -2958000.000
  14824800  10649000.000  0.000  7676000.000  0.000  -2973000.000
  14828400  10649000.000  0.000  7675000.000  0.000  -2974000.000
  14832000  0.000  0.000  0.000  2677000.000  -2677000.000
  14835600  0.000  0.000  0.000  2755000.000  -2755000.000
  14839200  0.000  0.000  0.000  2891000.000  -2891000.000
  14842800  0.000  0.000  0.000  2893000.000  -2893000.000
  14846400  0.000  0.000  0.000  2891000.000  -2891000.000
  14850000  0.000  0.000  0.000  2938000.000  -2938000.000
  14853600  0.000  0.000  0.000  3117000.000  -3117000.000
  14857200  0.000  0.000  0.000  3117000.000  -3117000.000
  14860800  3109000.000  0.000  0.000  0.000  -3109000.000
  14864400  3123000.000  0.000  0.000  0.000  -3123000.000
  14868000  3126000.000  0.000  0.000  0.000  -3126000.000
  14871600  8097573.500  0.000  4957573.500  0.000  -3140000.000
  14875200  10649000.000  0.000  7518000.000  0.000  -3131000.000
  14878800  3102000.000  0.000  0.000  0.000  -3102000.000
  14882400  0.000  0.000  0.000  3106000.000  -3106000.000
  14886000  0.000  0.000  0.000  3096000.000  -3096000.000
  14889600  0.000  0.000  0.000  3115000.000  -3115000.000
  14893200  0.000  0.000  0.000  3110000.000  -3110000.000
  14896800  3076000.000  0.000  0.000  0.000  -3076000.000
  14900400  3063000.000  0.000  0.000  0.000  -3063000.000
  14904000  10649000.000  0.000  7577000.000  0.000  -3072000.000
  14907600  10649000.000  0.000  7584000.000  0.000  -3065000.000
  14911200  9633362.100  0.000  6550362.100  0.000  -3083000.000
  14914800  0.000  0.000  0.000  3086000.000  -3086000.000
  14918400  0.000  0.000  0.000  3093000.000  -3093000.000
  14922000  0.000  0.000  0.000  3084000.000  -3084000.000
  14925600  0.000  0.000  0.000  3092000.000  -3092000.000
  14929200  0.000  0.000  0.000  3085000.000  -3085000.000
  14932800  0.000  0.000  0.000  3079000.000  -3079000.000
  14936400  0.000  0.000  0.000  3083000.000  -3083000.000
  14940000  3083000.000  0.000  0.000  0.000  -3083000.000
  14943600  3056000.000  0.000  0.000  0.000  -3056000.000
  14947200  10649000.000  0.000  7598000.000  0.000  -3051000.000
  14950800  10649000.000  0.000  7572000.000  0.000  -3077000.000
  14954400  10649000.000  0.000  7593000.000  0.000  -3056000.000
  14958000  10649000.000  0.000  7579000.000  0.000  -3070000.000
  14961600  10649000.000  0.000  7577000.000  0.000  -3072000.000
  14965200  10649000.000  0.000  7568000.000  0.000  -3081000.000
  14968800  10649000.000  0.000  7590000.000  0.000  -3059000.000
  14972400  10649000.000  0.000  7617000.000  0.000  -3032000.000
  14976000  10649000.000  0.000  7607000.000  0.000  -3042000.000
  14979600  10649000.000  0.000  7590000.000  0.000  -3059000.000
  14983200  10649000.000  0.000  7601000.000  0.000  -3048000.000
  14986800  10649000.000  0.000  7638000.000  0.000  -3011000.000
  14990400  10649000.000  0.000  7624000.000  0.000  -3025000.000
  14994000  10649000.000  0.000  7604000.000  0.000  -3045000.000
  14997600  10649000.000  0.000  7658000.000  0.000  -2991000.000
  15001200  10263000.000  0.000  7799000.000  0.000  -2464000.000
  15004800  10249000.000  0.000  7799000.000  0.000  -2450000.000
  15008400  0.000  0.000  0.000  2473000.000  -2473000.000
  15012000  0.000  0.000  0.000  2468000.000  -2468000.000
  15015600  0.000  0.000  0.000  3063000.000  -3063000.000
  15019200  0.000  0.000  0.000  3077000.000  -3077000.000
  15022800  0.000  0.000  0.000  3013000.000  -3013000.000
  15026400  3009000.000  0.000  0.000  0.000  -3009000.000
  15030000  10649000.000  0.000  7663000.000  0.000  -2986000.000
  15033600  10649000.000  0.000  7669000.000  0.000  -2980000.000
  15037200  10649000.000  0.000  7640000.000  0.000  -3009000.000
  15040800  10649000.000  0.000  7604000.000  0.000  -3045000.000
  15044400  10649000.000  0.000  7616000.000  0.000  -3033000.000
  15048000  10649000.000  0.000  7560000.000  0.000  -3089000.000
  15051600  0.000  0.000  0.000  3080000.000  -3080000.000
  15055200  0.000  0.000  0.000  2932000.000  -2932000.000
  15058800  0.000  0.000  0.000  2450000.000  -2450000.000
  15062400  0.000  0.000  0.000  2467000.000  -2467000.000
  15066000  0.000  0.000  0.000  2458000.000  -2458000.000
  15069600  0.000  0.000  0.000  2919000.000  -2919000.000
  15073200  0.000  0.000  0.000  3005000.000  -3005000.000
  15076800  0.000  0.000  0.000  2622000.000  -2622000.000
  15080400  0.000  0.000  0.000  2479000.000  -2479000.000
  15084000  0.000  0.000  0.000  2478000.000  -2478000.000
  15087600  0.000  0.000  0.000  2457000.000  -2457000.000
  15091200  0.000  0.000  0.000  2450000.000  -2450000.000
  15094800  0.000  0.000  0.000  2458000.000  -2458000.000
  15098400  0.000  0.000  0.000  2482000.000  -2482000.000
  15102000  0.000  0.000  0.000  2512000.000  -2512000.000
  15105600  0.000  0.000  0.000  2477000.000  -2477000.000
  15109200  0.000  0.000  0.000  2877000.000  -2877000.000
  15112800  3137000.000  0.000  0.000  0.000  -3137000.000
  15116400  10649000.000  0.000  7705000.000  0.000  -2944000.000
  15120000  10249000.000  0.000  7799000.000  0.000  -2450000.000
  15123600  10272000.000  0.000  7799000.000  0.000  -2473000.000
  15127200  10258000.000  0.000  7799000.000  0.000  -2459000.000
  15130800  10274000.000  0.000  7799000.000  0.000  -2475000.000
  15134400  10311000.000  0.000  7799000.000  0.000  -2512000.000
  15138000  0.000  0.000  0.000  2826000.000  -2826000.000
  15141600  0.000  0.000  0.000  3033000.000  -3033000.000
  15145200  0.000  0.000  0.000  2441000.000  -2441000.000
  15148800  0.000  0.000  0.000  2448000.000  -2448000.000
  15152400  0.000  0.000  0.000  2430000.000  -2430000.000
  15156000  0.000  0.000  0.000  2388000.000  -2388000.000
  15159600  0.000  0.000  0.000  2394000.000  -2394000.000
  15163200  0.000  0.000  0.000  2394000.000  -2394000.000
  15166800  0.000  0.000  0.000  2394000.000  -2394000.000
  15170400  0.000  0.000  0.000  2394000.000  -2394000.000
  15174000  0.000  0.000  0.000  2394000.000  -2394000.000
  15177600  0.000  0.000  0.000  2394000.000  -2394000.000
  15181200  0.000  0.000  0.000  2394000.000  -2394000.000
  15184800  0.000  0.000  0.000  2394000.000  -2394000.000
  15188400  0.000  0.000  0.000  2394000.000  -2394000.000
  15192000  0.000  0.000  0.000  2394000.000  -2394000.000
  15195600  0.000  0.000  0.000  2394000.000  -2394000.000
  15199200  0.000  0.000  0.000  2394000.000  -2394000.000
  15202800  0.000  0.000  0.000  2394000.000  -2394000.000
  15206400  0.000  0.000  0.000  2394000.000  -2394000.000
  15210000  0.000  0.000  0.000  2394000.000  -2394000.000
  15213600  0.000  0.000  0.000  2394000.000  -2394000.000
  15217200  0.000  0.000  0.000  2394000.000  -2394000.000
  15220800  0.000  0.000  0.000  2394000.000  -2394000.000
  15224400  0.000  0.000  0.000  2394000.000  -2394000.000
  15228000  0.000  0.000  0.000  2394000.000  -2394000.000
  15231600  0.000  0.000  0.000  2407000.000  -2407000.000
  15235200  0.000  0.000  0.000  2297000.000  -2297000.000
  15238800  0.000  0.000  0.000  2232000.000  -2232000.000
  15242400  0.000  0.000  0.000  2222000.000  -2222000.000
  15246000  0.000  0.000  0.000  2185000.000  -2185000.000
  15249600  0.000  0.000  0.000  2222000.000  -2222000.000
  15253200  0.000  0.000  0.000  2257000.000  -2257000.000
  15256800  0.000  0.000  0.000  2297000.000  -2297000.000
  15260400  0.000  0.000  0.000  2396000.000  -2396000.000
  15264000  0.000  0.000  0.000  2517000.000  -2517000.000
  15267600  0.000  0.000  0.000  2644000.000  -2644000.000
  15271200  0.000  0.000  0.000  2777000.000  -2777000.000
  15274800  0.000  0.000  0.000  2847000.000  -2847000.000
  15278400  0.000  0.000  0.000  2947000.000  -2947000.000
  15282000  0.000  0.000  0.000  3008000.000  -3008000.000
  15285600  3080000.000  0.000  0.000  0.000  -3080000.000
  15289200  10649000.000  0.000  7532000.000  0.000  -3117000.000
  15292800  10649000.000  0.000  7437000.000  0.000  -3212000.000
  15296400  10649000.000  0.000  7437000.000  0.000  -3212000.000
  15300000  10649000.000  0.000  7408000.000  0.000  -3241000.000
  15303600  10649000.000  0.000  7437000.000  0.000  -3212000.000
  15307200  10649000.000  0.000  7437000.000  0.000  -3212000.000
  15310800  0.000  0.000  0.000  3212000.000  -3212000.000
  15314400  0.000  0.000  0.000  3164000.000  -3164000.000
  15318000  0.000  0.000  0.000  3080000.000  -3080000.000
  15321600  0.000  0.000  0.000  3034000.000  -3034000.000
  15325200  0.000  0.000  0.000  3025000.000  -3025000.000
  15328800  0.000  0.000  0.000  2947000.000  -2947000.000
  15332400  0.000  0.000  0.000  2839000.000  -2839000.000
  15336000  10649000.000  0.000  7769000.000  0.000  -2880000.000
  15339600  10649000.000  0.000  7769000.000  0.000  -2880000.000
  15343200  2856000.000  0.000  0.000  0.000  -2856000.000
  15346800  0.000  0.000  0.000  2856000.000  -2856000.000
  15350400  0.000  0.000  0.000  2784000.000  -2784000.000
  15354000  0.000  0.000  0.000  2816000.000  -2816000.000
  15357600  0.000  0.000  0.000  2880000.000  -2880000.000
  15361200  0.000  0.000  0.000  3008000.000  -3008000.000
  15364800  0.000  0.000  0.000  3089000.000  -3089000.000
  15368400  0.000  0.000  0.000  3117000.000  -3117000.000
  15372000  0.000  0.000  0.000  3193000.000  -3193000.000
  15375600  6046729.300  0.000  2834729.300  0.000  -3212000.000
  15379200  3302000.000  0.000  0.000  0.000  -3302000.000
  15382800  0.000  0.000  0.000  3332000.000  -3332000.000
  15386400  0.000  0.000  0.000  3406000.000  -3406000.000
  15390000  0.000  0.000  0.000  3481000.000  -3481000.000
  15393600  0.000  0.000  0.000  3515000.000  -3515000.000
  15397200  0.000  0.000  0.000  3353000.000  -3353000.000
  15400800  0.000  0.000  0.000  3281000.000  -3281000.000
  15404400  0.000  0.000  0.000  3193000.000  -3193000.000
  15408000  0.000  0.000  0.000  3107000.000  -3107000.000
  15411600  0.000  0.000  0.000  2913000.000  -2913000.000
  15415200  0.000  0.000  0.000  2724000.000  -2724000.000
  15418800  0.000  0.000  0.000  2602000.000  -2602000.000
  15422400  0.000  0.000  0.000  2549000.000  -2549000.000
  15426000  0.000  0.000  0.000  2498000.000  -2498000.000
  15429600  0.000  0.000  0.000  2461000.000  -2461000.000
  15433200  0.000  0.000  0.000  2485000.000  -2485000.000
  15436800  0.000  0.000  0.000  2549000.000  -2549000.000
  15440400  0.000  0.000  0.000  2562000.000  -2562000.000
  15444000  0.000  0.000  0.000  2630000.000  -2630000.000
  15447600  0.000  0.000  0.000  2724000.000  -2724000.000
  15451200  0.000  0.000  0.000  2839000.000  -2839000.000
  15454800  0.000  0.000  0.000  3008000.000  -3008000.000
  15458400  0.000  0.000  0.000  3183000.000  -3183000.000
  15462000  0.000  0.000  0.000  3271000.000  -3271000.000
  15465600  3374000.000  0.000  0.000  0.000  -3374000.000
  15469200  3416000.000  0.000  0.000  0.000  -3416000.000
  15472800  8914924.600  0.000  5444924.600  0.000  -3470000.000
  15476400  3449000.000  0.000  0.000  0.000  -3449000.000
  15480000  10649000.000  0.000  7296000.000  0.000  -3353000.000
  15483600  0.000  0.000  0.000  3343000.000  -3343000.000
  15487200  0.000  0.000  0.000  3312000.000  -3312000.000
  15490800  0.000  0.000  0.000  3164000.000  -3164000.000
  15494400  0.000  0.000  0.000  2880000.000  -2880000.000
  15498000  2716000.000  0.000  0.000  0.000  -2716000.000
  15501600  2530000.000  0.000  0.000  0.000  -2530000.000
  15505200  2425000.000  0.000  0.000  0.000  -2425000.000
  15508800  6894405.700  0.000  4521405.700  0.000  -2373000.000
  15512400  10139000.000  0.000  7799000.000  0.000  -2340000.000
  15516000  10096000.000  0.000  7799000.000  0.000  -2297000.000
  15519600  2287000.000  0.000  0.000  0.000  -2287000.000
  15523200  0.000  0.000  0.000  2262000.000  -2262000.000
  15526800  0.000  0.000  0.000  2267000.000  -2267000.000
  15530400  0.000  0.000  0.000  2287000.000  -2287000.000
  15534000  0.000  0.000  0.000  2356000.000  -2356000.000
  15537600  0.000  0.000  0.000  2425000.000  -2425000.000
  15541200  0.000  0.000  0.000  2680000.000  -2680000.000
  15544800  0.000  0.000  0.000  2831000.000  -2831000.000
  15548400  0.000  0.000  0.000  2880000.000  -2880000.000
  15552000  2856000.000  0.000  0.000  0.000  -2856000.000
  15555600  10649000.000  0.000  7650000.000  0.000  -2999000.000
  15559200  10649000.000  0.000  7633000.000  0.000  -3016000.000
  15562800  10649000.000  0.000  7633000.000  0.000  -3016000.000
  15566400  10649000.000  0.000  7719000.000  0.000  -2930000.000
  15570000  10599000.000  0.000  7799000.000  0.000  -2800000.000
  15573600  10479000.000  0.000  7799000.000  0.000  -2680000.000
  15577200  10355000.000  0.000  7799000.000  0.000  -2556000.000
  15580800  10133000.000  0.000  7799000.000  0.000  -2334000.000
  15584400  10056000.000  0.000  7799000.000  0.000  -2257000.000
  15588000  9970000.000  0.000  7799000.000  0.000  -2171000.000
  15591600  9881000.000  0.000  7799000.000  0.000  -2082000.000
  15595200  9914000.000  0.000  7799000.000  0.000  -2115000.000
  15598800  10002000.000  0.000  7799000.000  0.000  -2203000.000
  15602400  10172000.000  0.000  7799000.000  0.000  -2373000.000
  15606000  10172000.000  0.000  7799000.000  0.000  -2373000.000
  15609600  10266000.000  0.000  7799000.000  0.000  -2467000.000
  15613200  0.000  0.000  0.000  2517000.000  -2517000.000
  15616800  0.000  0.000  0.000  2672000.000  -2672000.000
  15620400  0.000  0.000  0.000  2709000.000  -2709000.000
  15624000  0.000  0.000  0.000  2792000.000  -2792000.000
  15627600  0.000  0.000  0.000  2905000.000  -2905000.000
  15631200  0.000  0.000  0.000  2973000.000  -2973000.000
  15634800  0.000  0.000  0.000  3043000.000  -3043000.000
  15638400  10649000.000  0.000  7560000.000  0.000  -3089000.000
  15642000  10649000.000  0.000  7542000.000  0.000  -3107000.000
  15645600  10649000.000  0.000  7495000.000  0.000  -3154000.000
  15649200  10649000.000  0.000  7466000.000  0.000  -3183000.000
  15652800  3183000.000  0.000  0.000  0.000  -3183000.000
  15656400  0.000  0.000  0.000  3135000.000  -3135000.000
  15660000  0.000  0.000  0.000  3016000.000  -3016000.000
  15663600  0.000  0.000  0.000  2839000.000  -2839000.000
  15667200  0.000  0.000  0.000  2808000.000  -2808000.000
  15670800  0.000  0.000  0.000  2665000.000  -2665000.000
  15674400  0.000  0.000  0.000  2672000.000  -2672000.000
  15678000  0.000  0.000  0.000  2602000.000  -2602000.000
  15681600  2549000.000  0.000  0.000  0.000  -2549000.000
  15685200  2575000.000  0.000  0.000  0.000  -2575000.000
  15688800  2562000.000  0.000  0.000  0.000  -2562000.000
  15692400  10464000.000  0.000  7799000.000  0.000  -2665000.000
  15696000  2761000.000  0.000  0.000  0.000  -2761000.000
  15699600  0.000  0.000  0.000  2831000.000  -2831000.000
  15703200  0.000  0.000  0.000  2872000.000  -2872000.000
  15706800  0.000  0.000  0.000  3052000.000  -3052000.000
  15710400  0.000  0.000  0.000  3034000.000  -3034000.000
  15714000  0.000  0.000  0.000  3043000.000  -3043000.000
  15717600  0.000  0.000  0.000  3070000.000  -3070000.000
  15721200  0.000  0.000  0.000  3080000.000  -3080000.000
  15724800  10649000.000  0.000  7542000.000  0.000  -3107000.000
  15728400  10649000.000  0.000  7485000.000  0.000  -3164000.000
  15732000  10649000.000  0.000  7427000.000  0.000  -3222000.000
  15735600  10649000.000  0.000  7417000.000  0.000  -3232000.000
  15739200  10649000.000  0.000  7306000.000  0.000  -3343000.000
  15742800  0.000  0.000  0.000  3251000.000  -3251000.000
  15746400  0.000  0.000  0.000  3353000.000  -3353000.000
  15750000  0.000  0.000  0.000  3302000.000  -3302000.000
  15753600  0.000  0.000  0.000  3302000.000  -3302000.000
  15757200  0.000  0.000  0.000  3117000.000  -3117000.000
  15760800  0.000  0.000  0.000  3521000.000  -3521000.000
  15764400  0.000  0.000  0.000  3232000.000  -3232000.000
  15768000  0.000  0.000  0.000  3171000.000  -3171000.000
  15771600  0.000  0.000  0.000  3182000.000  -3182000.000
  15775200  0.000  0.000  0.000  3182000.000  -3182000.000
  15778800  0.000  0.000  0.000  3189000.000  -3189000.000
  15782400  0.000  0.000  0.000  3198000.000  -3198000.000
  15786000  0.000  0.000  0.000  3246000.000  -3246000.000
  15789600  0.000  0.000  0.000  3332000.000  -3332000.000
  15793200  0.000  0.000  0.000  3350000.000  -3350000.000
  15796800  0.000  0.000  0.000  3323000.000  -3323000.000
  15800400  0.000  0.000  0.000  3414000.000  -3414000.000
  15804000  0.000  0.000  0.000  3174000.000  -3174000.000
  15807600  0.000  0.000  0.000  3160000.000  -3160000.000
  15811200  10649000.000  0.000  7477000.000  0.000  -3172000.000
  15814800  10649000.000  0.000  7461000.000  0.000  -3188000.000
  15818400  10649000.000  0.000  7480000.000  0.000  -3169000.000
  15822000  10649000.000  0.000  7454000.000  0.000  -3195000.000
  15825600  0.000  0.000  0.000  3225000.000  -3225000.000
  15829200  0.000  0.000  0.000  3616000.000  -3616000.000
  15832800  0.000  0.000  0.000  4043000.000  -4043000.000
  15836400  0.000  0.000  0.000  3987000.000  -3987000.000
  15840000  0.000  0.000  0.000  3559000.000  -3559000.000
  15843600  0.000  0.000  0.000  3429000.000  -3429000.000
  15847200  0.000  0.000  0.000  3169000.000  -3169000.000
  15850800  0.000  0.000  0.000  3031000.000  -3031000.000
  15854400  0.000  0.000  0.000  3026000.000  -3026000.000
  15858000  0.000  0.000  0.000  3035000.000  -3035000.000
  15861600  0.000  0.000  0.000  3033000.000  -3033000.000
  15865200  0.000  0.000  0.000  3041000.000  -3041000.000
  15868800  0.000  0.000  0.000  3035000.000  -3035000.000
  15872400  0.000  0.000  0.000  3043000.000  -3043000.000
  15876000  0.000  0.000  0.000  3072000.000  -3072000.000
  15879600  0.000  0.000  0.000  3049000.000  -3049000.000
  15883200  0.000  0.000  0.000  3069000.000  -3069000.000
  15886800  0.000  0.000  0.000  3555000.000  -3555000.000
  15890400  0.000  0.000  0.000  3682000.000  -3682000.000
  15894000  0.000  0.000  0.000  3508000.000  -3508000.000
  15897600  10649000.000  0.000  7258000.000  0.000  -3391000.000
  15901200  10649000.000  0.000  7250000.000  0.000  -3399000.000
  15904800  9094775.900  0.000  5697775.900  0.000  -3397000.000
  15908400  3390000.000  0.000  0.000  0.000  -3390000.000
  15912000  0.000  0.000  0.000  3484000.000  -3484000.000
  15915600  0.000  0.000  0.000  3656000.000  -3656000.000
  15919200  0.000  0.000  0.000  3776000.000  -3776000.000
  15922800  0.000  0.000  0.000  3743000.000  -3743000.000
  15926400  0.000  0.000  0.000  3874000.000  -3874000.000
  15930000  0.000  0.000  0.000  4020000.000  -4020000.000
  15933600  0.000  0.000  0.000  4196000.000  -4196000.000
  15937200  4006000.000  0.000  0.000  0.000  -4006000.000
  15940800  3790000.000  0.000  0.000  0.000  -3790000.000
  15944400  3658000.000  0.000  0.000  0.000  -3658000.000
  15948000  3771000.000  0.000  0.000  0.000  -3771000.000
  15951600  3775000.000  0.000  0.000  0.000  -3775000.000
  15955200  0.000  0.000  0.000  3765000.000  -3765000.000
  15958800  0.000  0.000  0.000  3786000.000  -3786000.000
  15962400  0.000  0.000  0.000  3515000.000  -3515000.000
  15966000  0.000  0.000  0.000  3415000.000  -3415000.000
  15969600  0.000  0.000  0.000  3426000.000  -3426000.000
  15973200  0.000  0.000  0.000  3391000.000  -3391000.000
  15976800  0.000  0.000  0.000  3385000.000  -3385000.000
  15980400  10105282.000  0.000  6715282.400  0.000  -3390000.000
  15984000  10649000.000  0.000  7289000.000  0.000  -3360000.000
  15987600  10649000.000  0.000  7498000.000  0.000  -3151000.000
  15991200  10649000.000  0.000  7429000.000  0.000  -3220000.000
  15994800  10649000.000  0.000  7201000.000  0.000  -3448000.000
  15998400  10649000.000  0.000  6791000.000  0.000  -3858000.000
  16002000  0.000  0.000  0.000  4182000.000  -4182000.000
  16005600  0.000  0.000  0.000  4351000.000  -4351000.000
  16009200  0.000  0.000  0.000  4318000.000  -4318000.000
  16012800  0.000  0.000  0.000  3987000.000  -3987000.000
  16016400  0.000  0.000  0.000  3716000.000  -3716000.000
  16020000  0.000  0.000  0.000  3708000.000  -3708000.000
  16023600  0.000  0.000  0.000  3690000.000  -3690000.000
  16027200  0.000  0.000  0.000  3694000.000  -3694000.000
  16030800  10649000.000  0.000  6962000.000  0.000  -3687000.000
  16034400  10649000.000  0.000  6961000.000  0.000  -3688000.000
  16038000  10649000.000  0.000  6937000.000  0.000  -3712000.000
  16041600  0.000  0.000  0.000  3715000.000  -3715000.000
  16045200  0.000  0.000  0.000  3713000.000  -3713000.000
  16048800  0.000  0.000  0.000  3702000.000  -3702000.000
  16052400  0.000  0.000  0.000  3705000.000  -3705000.000
  16056000  0.000  0.000  0.000  3711000.000  -3711000.000
  16059600  0.000  0.000  0.000  3700000.000  -3700000.000
  16063200  0.000  0.000  0.000  3179000.000  -3179000.000
  16066800  0.000  0.000  0.000  3105000.000  -3105000.000
  16070400  0.000  0.000  0.000  3067000.000  -3067000.000
  16074000  3081000.000  0.000  0.000  0.000  -3081000.000
  16077600  3081000.000  0.000  0.000  0.000  -3081000.000
  16081200  3101000.000  0.000  0.000  0.000  -3101000.000
  16084800  5372401.500  0.000  1764401.500  0.000  -3608000.000
  16088400  10649000.000  0.000  6499000.000  0.000  -4150000.000
  16092000  4109000.000  0.000  0.000  0.000  -4109000.000
  16095600  0.000  0.000  0.000  4123000.000  -4123000.000
  16099200  0.000  0.000  0.000  4118000.000  -4118000.000
  16102800  4093000.000  0.000  0.000  0.000  -4093000.000
  16106400  10649000.000  0.000  6496000.000  0.000  -4153000.000
  16110000  10649000.000  0.000  7093000.000  0.000  -3556000.000
  16113600  10649000.000  0.000  7574000.000  0.000  -3075000.000
  16117200  10649000.000  0.000  7582000.000  0.000  -3067000.000
  16120800  10649000.000  0.000  7564000.000  0.000  -3085000.000
  16124400  10649000.000  0.000  7532000.000  0.000  -3117000.000
  16128000  10649000.000  0.000  7184000.000  0.000  -3465000.000
  16131600  0.000  0.000  0.000  3606000.000  -3606000.000
  16135200  0.000  0.000  0.000  4156000.000  -4156000.000
  16138800  4169000.000  0.000  0.000  0.000  -4169000.000
  16142400  10649000.000  0.000  6497000.000  0.000  -4152000.000
  16146000  0.000  0.000  0.000  3697000.000  -3697000.000
  16149600  10649000.000  0.000  7533000.000  0.000  -3116000.000
  16153200  10649000.000  0.000  7504000.000  0.000  -3145000.000
  16156800  10649000.000  0.000  7518000.000  0.000  -3131000.000
  16160400  10649000.000  0.000  6824000.000  0.000  -3825000.000
  16164000  10649000.000  0.000  6599000.000  0.000  -4050000.000
  16167600  10649000.000  0.000  6520000.000  0.000  -4129000.000
  16171200  10649000.000  0.000  6840000.000  0.000  -3809000.000
  16174800  10649000.000  0.000  6694000.000  0.000  -3955000.000
  16178400  10649000.000  0.000  6600000.000  0.000  -4049000.000
  16182000  10649000.000  0.000  6609000.000  0.000  -4040000.000
  16185600  10649000.000  0.000  6612000.000  0.000  -4037000.000
  16189200  10649000.000  0.000  6616000.000  0.000  -4033000.000
  16192800  10649000.000  0.000  6629000.000  0.000  -4020000.000
  16196400  10649000.000  0.000  7113000.000  0.000  -3536000.000
  16200000  10649000.000  0.000  7573000.000  0.000  -3076000.000
  16203600  10649000.000  0.000  7555000.000  0.000  -3094000.000
  16207200  10649000.000  0.000  7305000.000  0.000  -3344000.000
  16210800  10649000.000  0.000  6984000.000  0.000  -3665000.000
  16214400  10649000.000  0.000  6749000.000  0.000  -3900000.000
  16218000  10649000.000  0.000  6645000.000  0.000  -4004000.000
  16221600  0.000  0.000  0.000  4122000.000  -4122000.000
  16225200  0.000  0.000  0.000  4112000.000  -4112000.000
  16228800  0.000  0.000  0.000  4109000.000  -4109000.000
  16232400  0.000  0.000  0.000  4068000.000  -4068000.000
  16236000  0.000  0.000  0.000  4081000.000  -4081000.000
  16239600  0.000  0.000  0.000  3949000.000  -3949000.000
  16243200  10649000.000  0.000  7024000.000  0.000  -3625000.000
  16246800  10649000.000  0.000  7250000.000  0.000  -3399000.000
  16250400  6667022.800  0.000  3082022.800  0.000  -3585000.000
  16254000  10649000.000  0.000  6979000.000  0.000  -3670000.000
  16257600  10649000.000  0.000  6680000.000  0.000  -3969000.000
  16261200  0.000  0.000  0.000  4029000.000  -4029000.000
  16264800  0.000  0.000  0.000  3959000.000  -3959000.000
  16268400  0.000  0.000  0.000  3939000.000  -3939000.000
  16272000  0.000  0.000  0.000  3935000.000  -3935000.000
  16275600  0.000  0.000  0.000  3866000.000  -3866000.000
  16279200  0.000  0.000  0.000  3827000.000  -3827000.000
  16282800  0.000  0.000  0.000  3625000.000  -3625000.000
  16286400  0.000  0.000  0.000  3245000.000  -3245000.000
  16290000  10649000.000  0.000  7527000.000  0.000  -3122000.000
  16293600  3297000.000  0.000  0.000  0.000  -3297000.000
  16297200  1542528.100  0.000  0.000  2001471.900  -3544000.000
  16300800  0.000  0.000  0.000  3587000.000  -3587000.000
  16304400  0.000  0.000  0.000  3678000.000  -3678000.000
  16308000  0.000  0.000  0.000  4073000.000  -4073000.000
  16311600  0.000  0.000  0.000  4063000.000  -4063000.000
  16315200  0.000  0.000  0.000  4043000.000  -4043000.000
  16318800  0.000  0.000  0.000  3976000.000  -3976000.000
  16322400  3953000.000  0.000  0.000  0.000  -3953000.000
  16326000  10649000.000  0.000  6687000.000  0.000  -3962000.000
  16329600  10649000.000  0.000  7008000.000  0.000  -3641000.000
  16333200  10649000.000  0.000  7161000.000  0.000  -3488000.000
  16336800  10649000.000  0.000  7395000.000  0.000  -3254000.000
  16340400  10649000.000  0.000  7442000.000  0.000  -3207000.000
  16344000  10649000.000  0.000  6967000.000  0.000  -3682000.000
  16347600  0.000  0.000  0.000  4254000.000  -4254000.000
  16351200  0.000  0.000  0.000  4313000.000  -4313000.000
  16354800  0.000  0.000  0.000  4342000.000  -4342000.000
  16358400  0.000  0.000  0.000  3579000.000  -3579000.000
  16362000  0.000  0.000  0.000  3492000.000  -3492000.000
  16365600  0.000  0.000  0.000  3511000.000  -3511000.000
  16369200  0.000  0.000  0.000  3554000.000  -3554000.000
  16372800  3477000.000  0.000  0.000  0.000  -3477000.000
  16376400  3483000.000  0.000  0.000  0.000  -3483000.000
  16380000  10649000.000  0.000  7245000.000  0.000  -3404000.000
  16383600  10649000.000  0.000  7247000.000  0.000  -3402000.000
  16387200  0.000  0.000  0.000  3346000.000  -3346000.000
  16390800  0.000  0.000  0.000  3441000.000  -3441000.000
  16394400  0.000  0.000  0.000  3457000.000  -3457000.000
  16398000  0.000  0.000  0.000  3444000.000  -3444000.000
  16401600  0.000  0.000  0.000  3455000.000  -3455000.000
  16405200  0.000  0.000  0.000  3410000.000  -3410000.000
  16408800  0.000  0.000  0.000  3428000.000  -3428000.000
  16412400  0.000  0.000  0.000  3426000.000  -3426000.000
  16416000  10649000.000  0.000  7208000.000  0.000  -3441000.000
  16419600  10649000.000  0.000  7201000.000  0.000  -3448000.000
  16423200  10649000.000  0.000  7196000.000  0.000  -3453000.000
  16426800  10649000.000  0.000  7173000.000  0.000  -3476000.000
  16430400  10649000.000  0.000  6727000.000  0.000  -3922000.000
  16434000  0.000  0.000  0.000  4006000.000  -4006000.000
  16437600  0.000  0.000  0.000  3979000.000  -3979000.000
  16441200  0.000  0.000  0.000  3940000.000  -3940000.000
  16444800  0.000  0.000  0.000  3876000.000  -3876000.000
  16448400  0.000  0.000  0.000  3743000.000  -3743000.000
  16452000  0.000  0.000  0.000  3578000.000  -3578000.000
  16455600  0.000  0.000  0.000  3514000.000  -3514000.000
  16459200  0.000  0.000  0.000  3490000.000  -3490000.000
  16462800  0.000  0.000  0.000  3568000.000  -3568000.000
  16466400  0.000  0.000  0.000  3469000.000  -3469000.000
  16470000  0.000  0.000  0.000  3383000.000  -3383000.000
  16473600  0.000  0.000  0.000  3428000.000  -3428000.000
  16477200  0.000  0.000  0.000  3488000.000  -3488000.000
  16480800  0.000  0.000  0.000  3568000.000  -3568000.000
  16484400  0.000  0.000  0.000  3530000.000  -3530000.000
  16488000  0.000  0.000  0.000  3540000.000  -3540000.000
  16491600  0.000  0.000  0.000  3544000.000  -3544000.000
  16495200  0.000  0.000  0.000  3595000.000  -3595000.000
  16498800  3614000.000  0.000  0.000  0.000  -3614000.000
  16502400  10649000.000  0.000  7008000.000  0.000  -3641000.000
  16506000  10649000.000  0.000  6945000.000  0.000  -3704000.000
  16509600  10649000.000  0.000  6917000.000  0.000  -3732000.000
  16513200  10649000.000  0.000  6876000.000  0.000  -3773000.000
  16516800  10649000.000  0.000  6496000.000  0.000  -4153000.000
  16520400  0.000  0.000  0.000  4352000.000  -4352000.000
  16524000  0.000  0.000  0.000  4816000.000  -4816000.000
  16527600  0.000  0.000  0.000  4785000.000  -4785000.000
  16531200  0.000  0.000  0.000  4778000.000  -4778000.000
  16534800  0.000  0.000  0.000  4161000.000  -4161000.000
  16538400  0.000  0.000  0.000  3877000.000  -3877000.000
  16542000  0.000  0.000  0.000  3916000.000  -3916000.000
  16545600  0.000  0.000  0.000  4011000.000  -4011000.000
  16549200  0.000  0.000  0.000  4068000.000  -4068000.000
  16552800  0.000  0.000  0.000  4072000.000  -4072000.000
  16556400  0.000  0.000  0.000  4086000.000  -4086000.000
  16560000  0.000  0.000  0.000  3848000.000  -3848000.000
  16563600  0.000  0.000  0.000  4170000.000  -4170000.000
  16567200  0.000  0.000  0.000  4651000.000  -4651000.000
  16570800  0.000  0.000  0.000  4336000.000  -4336000.000
  16574400  0.000  0.000  0.000  4116000.000  -4116000.000
  16578000  0.000  0.000  0.000  3755000.000  -3755000.000
  16581600  0.000  0.000  0.000  3882000.000  -3882000.000
  16585200  0.000  0.000  0.000  4027000.000  -4027000.000
  16588800  3408000.000  0.000  0.000  0.000  -3408000.000
  16592400  3436000.000  0.000  0.000  0.000  -3436000.000
  16596000  10649000.000  0.000  7161000.000  0.000  -3488000.000
  16599600  3686000.000  0.000  0.000  0.000  -3686000.000
  16603200  4897000.000  0.000  0.000  0.000  -4897000.000
  16606800  0.000  0.000  0.000  4357000.000  -4357000.000
  16610400  0.000  0.000  0.000  3957000.000  -3957000.000
  16614000  0.000  0.000  0.000  3575000.000  -3575000.000
  16617600  0.000  0.000  0.000  3465000.000  -3465000.000
  16621200  0.000  0.000  0.000  3465000.000  -3465000.000
  16624800  0.000  0.000  0.000  3134000.000  -3134000.000
  16628400  0.000  0.000  0.000  3092000.000  -3092000.000
  16632000  0.000  0.000  0.000  3076000.000  -3076000.000
  16635600  0.000  0.000  0.000  3034000.000  -3034000.000
  16639200  3075000.000  0.000  0.000  0.000  -3075000.000
  16642800  0.000  0.000  0.000  3082000.000  -3082000.000
  16646400  0.000  0.000  0.000  3101000.000  -3101000.000
  16650000  0.000  0.000  0.000  3211000.000  -3211000.000
  16653600  0.000  0.000  0.000  3273000.000  -3273000.000
  16657200  0.000  0.000  0.000  3617000.000  -3617000.000
  16660800  0.000  0.000  0.000  3426000.000  -3426000.000
  16664400  0.000  0.000  0.000  3083000.000  -3083000.000
  16668000  0.000  0.000  0.000  3108000.000  -3108000.000
  16671600  0.000  0.000  0.000  3103000.000  -3103000.000
  16675200  3067000.000  0.000  -0.000  0.000  -3067000.000
  16678800  3105000.000  0.000  0.000  0.000  -3105000.000
  16682400  10649000.000  0.000  7560000.000  0.000  -3089000.000
  16686000  1704008.500  0.000  0.000  1389991.500  -3094000.000
  16689600  10649000.000  0.000  7526000.000  0.000  -3123000.000
  16693200  10649000.000  0.000  7500000.000  0.000  -3149000.000
  16696800  0.000  0.000  0.000  3109000.000  -3109000.000
  16700400  0.000  0.000  0.000  3113000.000  -3113000.000
  16704000  0.000  0.000  0.000  3548000.000  -3548000.000
  16707600  0.000  0.000  0.000  3861000.000  -3861000.000
  16711200  0.000  0.000  0.000  3792000.000  -3792000.000
  16714800  0.000  0.000  0.000  3669000.000  -3669000.000
  16718400  10649000.000  0.000  7302000.000  0.000  -3347000.000
  16722000  10649000.000  0.000  7701000.000  0.000  -2948000.000
  16725600  10649000.000  0.000  7712000.000  0.000  -2937000.000
  16729200  10649000.000  0.000  7726000.000  0.000  -2923000.000
  16732800  10649000.000  0.000  7741000.000  0.000  -2908000.000
  16736400  0.000  0.000  0.000  3287000.000  -3287000.000
  16740000  0.000  0.000  0.000  2999000.000  -2999000.000
  16743600  0.000  0.000  0.000  2994000.000  -2994000.000
  16747200  0.000  0.000  0.000  3064000.000  -3064000.000
  16750800  0.000  0.000  0.000  3050000.000  -3050000.000
  16754400  0.000  0.000  0.000  3039000.000  -3039000.000
  16758000  3041000.000  0.000  0.000  0.000  -3041000.000
  16761600  10649000.000  0.000  7624000.000  0.000  -3025000.000
  16765200  10649000.000  0.000  7619000.000  0.000  -3030000.000
  16768800  10649000.000  0.000  7613000.000  0.000  -3036000.000
  16772400  10649000.000  0.000  7607000.000  0.000  -3042000.000
  16776000  10649000.000  0.000  7591000.000  0.000  -3058000.000
  16779600  10649000.000  0.000  7575000.000  0.000  -3074000.000
  16783200  10649000.000  0.000  7574000.000  0.000  -3075000.000
  16786800  10649000.000  0.000  7581000.000  0.000  -3068000.000
  16790400  0.000  0.000  0.000  3459000.000  -3459000.000
  16794000  0.000  0.000  0.000  3718000.000  -3718000.000
  16797600  0.000  0.000  0.000  3745000.000  -3745000.000
  16801200  3701000.000  0.000  0.000  0.000  -3701000.000
  16804800  10649000.000  0.000  6978000.000  0.000  -3671000.000
  16808400  10649000.000  0.000  6947000.000  0.000  -3702000.000
  16812000  10649000.000  0.000  7072000.000  0.000  -3577000.000
  16815600  10649000.000  0.000  7095000.000  0.000  -3554000.000
  16819200  10649000.000  0.000  7178000.000  0.000  -3471000.000
  16822800  0.000  0.000  0.000  3492000.000  -3492000.000
  16826400  0.000  0.000  0.000  3497000.000  -3497000.000
  16830000  0.000  0.000  0.000  3484000.000  -3484000.000
  16833600  0.000  0.000  0.000  3478000.000  -3478000.000
  16837200  0.000  0.000  0.000  3472000.000  -3472000.000
  16840800  0.000  0.000  0.000  3462000.000  -3462000.000
  16844400  0.000  0.000  0.000  3474000.000  -3474000.000
  16848000  10649000.000  0.000  7221000.000  0.000  -3428000.000
  16851600  10649000.000  0.000  7625000.000  0.000  -3024000.000
  16855200  10649000.000  0.000  7614000.000  0.000  -3035000.000
  16858800  10649000.000  0.000  7598000.000  0.000  -3051000.000
  16862400  3264000.000  0.000  0.000  0.000  -3264000.000
  16866000  0.000  0.000  0.000  4260000.000  -4260000.000
  16869600  0.000  0.000  0.000  4313000.000  -4313000.000
  16873200  0.000  0.000  0.000  4343000.000  -4343000.000
  16876800  0.000  0.000  0.000  4318000.000  -4318000.000
  16880400  0.000  0.000  0.000  4256000.000  -4256000.000
  16884000  0.000  0.000  0.000  4195000.000  -4195000.000
  16887600  0.000  0.000  0.000  3537000.000  -3537000.000
  16891200  0.000  0.000  0.000  3374000.000  -3374000.000
  16894800  0.000  0.000  0.000  3574000.000  -3574000.000
  16898400  3502000.000  0.000  0.000  0.000  -3502000.000
  16902000  8179144.300  0.000  4731144.300  0.000  -3448000.000
  16905600  3470000.000  0.000  0.000  0.000  -3470000.000
  16909200  0.000  0.000  0.000  3508000.000  -3508000.000
  16912800  0.000  0.000  0.000  3694000.000  -3694000.000
  16916400  0.000  0.000  0.000  3807000.000  -3807000.000
  16920000  0.000  0.000  0.000  3681000.000  -3681000.000
  16923600  0.000  0.000  0.000  3658000.000  -3658000.000
  16927200  4012000.000  0.000  0.000  0.000  -4012000.000
  16930800  10649000.000  0.000  7527000.000  0.000  -3122000.000
  16934400  10649000.000  0.000  7535000.000  0.000  -3114000.000
  16938000  10649000.000  0.000  7519000.000  0.000  -3130000.000
  16941600  10649000.000  0.000  7542000.000  0.000  -3107000.000
  16945200  10649000.000  0.000  7305000.000  0.000  -3344000.000
  16948800  10649000.000  0.000  6737000.000  0.000  -3912000.000
  16952400  0.000  0.000  0.000  4127000.000  -4127000.000
  16956000  0.000  0.000  0.000  4135000.000  -4135000.000
  16959600  0.000  0.000  0.000  4105000.000  -4105000.000
  16963200  0.000  0.000  0.000  3817000.000  -3817000.000
  16966800  0.000  0.000  0.000  3641000.000  -3641000.000
  16970400  0.000  0.000  0.000  3245000.000  -3245000.000
  16974000  0.000  0.000  0.000  3096000.000  -3096000.000
  16977600  0.000  0.000  0.000  3155000.000  -3155000.000
  16981200  0.000  0.000  0.000  3127000.000  -3127000.000
  16984800  0.000  0.000  0.000  3122000.000  -3122000.000
  16988400  0.000  0.000  0.000  3072000.000  -3072000.000
  16992000  0.000  0.000  0.000  3088000.000  -3088000.000
  16995600  0.000  0.000  0.000  3087000.000  -3087000.000
  16999200  0.000  0.000  0.000  2984000.000  -2984000.000
  17002800  0.000  0.000  0.000  3029000.000  -3029000.000
  17006400  0.000  0.000  0.000  3056000.000  -3056000.000
  17010000  0.000  0.000  0.000  3073000.000  -3073000.000
  17013600  0.000  0.000  0.000  3062000.000  -3062000.000
  17017200  0.000  0.000  0.000  3056000.000  -3056000.000
  17020800  3120000.000  0.000  0.000  0.000  -3120000.000
  17024400  10649000.000  0.000  7540000.000  0.000  -3109000.000
  17028000  10649000.000  0.000  7516000.000  0.000  -3133000.000
  17031600  10649000.000  0.000  7522000.000  0.000  -3127000.000
  17035200  3530000.000  0.000  0.000  0.000  -3530000.000
  17038800  0.000  0.000  0.000  3848000.000  -3848000.000
  17042400  0.000  0.000  0.000  4160000.000  -4160000.000
  17046000  0.000  0.000  0.000  4016000.000  -4016000.000
  17049600  0.000  0.000  0.000  3976000.000  -3976000.000
  17053200  0.000  0.000  0.000  3421000.000  -3421000.000
  17056800  0.000  0.000  0.000  3323000.000  -3323000.000
  17060400  0.000  0.000  0.000  3339000.000  -3339000.000
  17064000  0.000  0.000  0.000  3056000.000  -3056000.000
  17067600  0.000  0.000  0.000  3069000.000  -3069000.000
  17071200  0.000  0.000  0.000  2903000.000  -2903000.000
  17074800  0.000  0.000  0.000  2312000.000  -2312000.000
  17078400  0.000  0.000  0.000  2352000.000  -2352000.000
  17082000  0.000  0.000  0.000  2831000.000  -2831000.000
  17085600  0.000  0.000  0.000  3076000.000  -3076000.000
  17089200  0.000  0.000  0.000  3085000.000  -3085000.000
  17092800  0.000  0.000  0.000  3102000.000  -3102000.000
  17096400  0.000  0.000  0.000  3107000.000  -3107000.000
  17100000  0.000  0.000  0.000  3082000.000  -3082000.000
  17103600  3088000.000  0.000  0.000  0.000  -3088000.000
  17107200  3089000.000  0.000  0.000  0.000  -3089000.000
  17110800  10649000.000  0.000  7710000.000  0.000  -2939000.000
  17114400  10357000.000  0.000  7799000.000  0.000  -2558000.000
  17118000  10649000.000  0.000  7513000.000  0.000  -3136000.000
  17121600  10649000.000  0.000  7491000.000  0.000  -3158000.000
  17125200  0.000  0.000  0.000  3128000.000  -3128000.000
  17128800  0.000  0.000  0.000  3095000.000  -3095000.000
  17132400  0.000  0.000  0.000  3099000.000  -3099000.000
  17136000  0.000  0.000  0.000  3073000.000  -3073000.000
  17139600  0.000  0.000  0.000  3052000.000  -3052000.000
  17143200  0.000  0.000  0.000  2979000.000  -2979000.000
  17146800  0.000  0.000  0.000  3033000.000  -3033000.000
  17150400  3016000.000  0.000  0.000  0.000  -3016000.000
  17154000  10334000.000  0.000  7799000.000  0.000  -2535000.000
  17157600  2215000.000  0.000  0.000  0.000  -2215000.000
  17161200  5545694.100  0.000  3305694.100  0.000  -2240000.000
  17164800  0.000  0.000  0.000  2297000.000  -2297000.000
  17168400  0.000  0.000  0.000  2465000.000  -2465000.000
  17172000  0.000  0.000  0.000  3008000.000  -3008000.000
  17175600  0.000  0.000  0.000  2977000.000  -2977000.000
  17179200  0.000  0.000  0.000  3106000.000  -3106000.000
  17182800  0.000  0.000  0.000  3075000.000  -3075000.000
  17186400  0.000  0.000  0.000  2903000.000  -2903000.000
  17190000  10109000.000  0.000  7799000.000  0.000  -2310000.000
  17193600  9975000.000  0.000  7799000.000  0.000  -2176000.000
  17197200  10019000.000  0.000  7799000.000  0.000  -2220000.000
  17200800  10057000.000  0.000  7799000.000  0.000  -2258000.000
  17204400  10108000.000  0.000  7799000.000  0.000  -2309000.000
  17208000  10649000.000  0.000  7746000.000  0.000  -2903000.000
  17211600  0.000  0.000  0.000  3096000.000  -3096000.000
  17215200  0.000  0.000  0.000  3092000.000  -3092000.000
  17218800  0.000  0.000  0.000  3541000.000  -3541000.000
  17222400  0.000  0.000  0.000  3411000.000  -3411000.000
  17226000  0.000  0.000  0.000  2895000.000  -2895000.000
  17229600  0.000  0.000  0.000  2430000.000  -2430000.000
  17233200  0.000  0.000  0.000  2475000.000  -2475000.000
  17236800  95175.623  0.000  0.000  2388824.400  -2484000.000
  17240400  2450000.000  0.000  0.000  0.000  -2450000.000
  17244000  2460000.000  0.000  0.000  0.000  -2460000.000
  17247600  2470000.000  0.000  0.000  0.000  -2470000.000
  17251200  0.000  0.000  0.000  2473000.000  -2473000.000
  17254800  0.000  0.000  0.000  2740000.000  -2740000.000
  17258400  0.000  0.000  0.000  2962000.000  -2962000.000
  17262000  0.000  0.000  0.000  2940000.000  -2940000.000
  17265600  0.000  0.000  0.000  2939000.000  -2939000.000
  17269200  0.000  0.000  0.000  2939000.000  -2939000.000
  17272800  0.000  0.000  0.000  2925000.000  -2925000.000
  17276400  0.000  0.000  0.000  2919000.000  -2919000.000
  17280000  2911000.000  0.000  0.000  0.000  -2911000.000
  17283600  2535000.000  0.000  0.000  0.000  -2535000.000
  17287200  2452000.000  0.000  0.000  0.000  -2452000.000
  17290800  3780540.000  0.000  1306540.000  0.000  -2474000.000
  17294400  10281000.000  0.000  7799000.000  0.000  -2482000.000
  17298000  2897000.000  0.000  0.000  0.000  -2897000.000
  17301600  0.000  0.000  0.000  3070000.000  -3070000.000
  17305200  0.000  0.000  0.000  2992000.000  -2992000.000
  17308800  0.000  0.000  0.000  3015000.000  -3015000.000
  17312400  2406000.000  0.000  0.000  0.000  -2406000.000
  17316000  10159000.000  0.000  7799000.000  0.000  -2360000.000
  17319600  10276000.000  0.000  7799000.000  0.000  -2477000.000
  17323200  10527000.000  0.000  7799000.000  0.000  -2728000.000
  17326800  10585000.000  0.000  7799000.000  0.000  -2786000.000
  17330400  10583000.000  0.000  7799000.000  0.000  -2784000.000
  17334000  10594000.000  0.000  7799000.000  0.000  -2795000.000
  17337600  2875000.000  0.000  0.000  0.000  -2875000.000
  17341200  0.000  0.000  0.000  2972000.000  -2972000.000
  17344800  0.000  0.000  0.000  2330000.000  -2330000.000
  17348400  0.000  0.000  0.000  2286000.000  -2286000.000
  17352000  0.000  0.000  0.000  2365000.000  -2365000.000
  17355600  0.000  0.000  0.000  2369000.000  -2369000.000
  17359200  0.000  0.000  0.000  2965000.000  -2965000.000
  17362800  10649000.000  0.000  7590000.000  0.000  -3059000.000
  17366400  10649000.000  0.000  7648000.000  0.000  -3001000.000
  17370000  10649000.000  0.000  7557000.000  0.000  -3092000.000
  17373600  10649000.000  0.000  7777000.000  0.000  -2872000.000
  17377200  10048000.000  0.000  7799000.000  0.000  -2249000.000
  17380800  9980000.000  0.000  7799000.000  0.000  -2181000.000
  17384400  10018000.000  0.000  7799000.000  0.000  -2219000.000
  17388000  10201000.000  0.000  7799000.000  0.000  -2402000.000
  17391600  10649000.000  0.000  7794000.000  0.000  -2855000.000
  17395200  10649000.000  0.000  7667000.000  0.000  -2982000.000
  17398800  10649000.000  0.000  7679000.000  0.000  -2970000.000
  17402400  10649000.000  0.000  7615000.000  0.000  -3034000.000
  17406000  10649000.000  0.000  7762000.000  0.000  -2887000.000
  17409600  10555000.000  0.000  7799000.000  0.000  -2756000.000
  17413200  10649000.000  0.000  7653000.000  0.000  -2996000.000
  17416800  10649000.000  0.000  7755000.000  0.000  -2894000.000
  17420400  10649000.000  0.000  7754000.000  0.000  -2895000.000
  17424000  10649000.000  0.000  7702000.000  0.000  -2947000.000
  17427600  3205000.000  0.000  0.000  0.000  -3205000.000
  17431200  0.000  0.000  0.000  3072000.000  -3072000.000
  17434800  0.000  0.000  0.000  3036000.000  -3036000.000
  17438400  0.000  0.000  0.000  2995000.000  -2995000.000
  17442000  0.000  0.000  0.000  2843000.000  -2843000.000
  17445600  0.000  0.000  0.000  3175000.000  -3175000.000
  17449200  0.000  0.000  0.000  3117000.000  -3117000.000
  17452800  10649000.000  0.000  7500000.000  0.000  -3149000.000
  17456400  10649000.000  0.000  7725000.000  0.000  -2924000.000
  17460000  10649000.000  0.000  7742000.000  0.000  -2907000.000
  17463600  10649000.000  0.000  7724000.000  0.000  -2925000.000
  17467200  3254000.000  0.000  0.000  0.000  -3254000.000
  17470800  0.000  0.000  0.000  3147000.000  -3147000.000
  17474400  0.000  0.000  0.000  3075000.000  -3075000.000
  17478000  0.000  0.000  0.000  3085000.000  -3085000.000
  17481600  0.000  0.000  0.000  3059000.000  -3059000.000
  17485200  0.000  0.000  0.000  3469000.000  -3469000.000
  17488800  0.000  0.000  0.000  3522000.000  -3522000.000
  17492400  0.000  0.000  0.000  3514000.000  -3514000.000
  17496000  0.000  0.000  0.000  3515000.000  -3515000.000
  17499600  0.000  0.000  0.000  3483000.000  -3483000.000
  17503200  0.000  0.000  0.000  3435000.000  -3435000.000
  17506800  0.000  0.000  0.000  3466000.000  -3466000.000
  17510400  0.000  0.000  0.000  3462000.000  -3462000.000
  17514000  0.000  0.000  0.000  3525000.000  -3525000.000
  17517600  0.000  0.000  0.000  3258000.000  -3258000.000
  17521200  0.000  0.000  0.000  3068000.000  -3068000.000
  17524800  0.000  0.000  0.000  3089000.000  -3089000.000
  17528400  0.000  0.000  0.000  3079000.000  -3079000.000
  17532000  0.000  0.000  0.000  3067000.000  -3067000.000
  17535600  0.000  0.000  0.000  3069000.000  -3069000.000
  17539200  914741.230  0.000  0.000  1583258.800  -2498000.000
  17542800  2464000.000  0.000  0.000  0.000  -2464000.000
  17546400  10469000.000  0.000  7799000.000  0.000  -2670000.000
  17550000  10649000.000  0.000  7547000.000  0.000  -3102000.000
  17553600  3140000.000  0.000  0.000  0.000  -3140000.000
  17557200  0.000  0.000  0.000  3152000.000  -3152000.000
  17560800  0.000  0.000  0.000  3101000.000  -3101000.000
  17564400  0.000  0.000  0.000  3039000.000  -3039000.000
  17568000  0.000  0.000  0.000  3011000.000  -3011000.000
  17571600  0.000  0.000  0.000  3006000.000  -3006000.000
  17575200  0.000  0.000  0.000  2994000.000  -2994000.000
  17578800  0.000  0.000  0.000  2320000.000  -2320000.000
  17582400  0.000  0.000  0.000  2320000.000  -2320000.000
  17586000  0.000  0.000  0.000  2456000.000  -2456000.000
  17589600  0.000  0.000  0.000  2576000.000  -2576000.000
  17593200  0.000  0.000  0.000  2455000.000  -2455000.000
  17596800  0.000  0.000  0.000  2467000.000  -2467000.000
  17600400  0.000  0.000  0.000  2469000.000  -2469000.000
  17604000  0.000  0.000  0.000  2488000.000  -2488000.000
  17607600  0.000  0.000  0.000  2493000.000  -2493000.000
  17611200  0.000  0.000  0.000  2482000.000  -2482000.000
  17614800  0.000  0.000  0.000  2501000.000  -2501000.000
  17618400  0.000  0.000  0.000  2484000.000  -2484000.000
  17622000  0.000  0.000  0.000  2488000.000  -2488000.000
  17625600  0.000  0.000  0.000  2487000.000  -2487000.000
  17629200  2494000.000  0.000  0.000  0.000  -2494000.000
  17632800  2488000.000  0.000  0.000  0.000  -2488000.000
  17636400  10302000.000  0.000  7799000.000  0.000  -2503000.000
  17640000  2527000.000  0.000  0.000  0.000  -2527000.000
  17643600  0.000  0.000  0.000  3101000.000  -3101000.000
  17647200  0.000  0.000  0.000  3058000.000  -3058000.000
  17650800  0.000  0.000  0.000  2520000.000  -2520000.000
  17654400  0.000  0.000  0.000  2473000.000  -2473000.000
  17658000  0.000  0.000  0.000  2163000.000  -2163000.000
  17661600  0.000  0.000  0.000  2369000.000  -2369000.000
  17665200  0.000  0.000  0.000  2447000.000  -2447000.000
  17668800  0.000  0.000  0.000  2414000.000  -2414000.000
  17672400  0.000  0.000  0.000  2439000.000  -2439000.000
  17676000  0.000  0.000  0.000  2451000.000  -2451000.000
  17679600  0.000  0.000  0.000  2451000.000  -2451000.000
  17683200  0.000  0.000  0.000  2447000.000  -2447000.000
  17686800  0.000  0.000  0.000  2458000.000  -2458000.000
  17690400  0.000  0.000  0.000  2462000.000  -2462000.000
  17694000  0.000  0.000  0.000  2460000.000  -2460000.000
  17697600  0.000  0.000  0.000  2437000.000  -2437000.000
  17701200  0.000  0.000  0.000  2407000.000  -2407000.000
  17704800  0.000  0.000  0.000  2054000.000  -2054000.000
  17708400  0.000  0.000  0.000  1775000.000  -1775000.000
  17712000  0.000  0.000  0.000  1816000.000  -1816000.000
  17715600  1853000.000  0.000  0.000  0.000  -1853000.000
  17719200  9882000.000  0.000  7799000.000  0.000  -2083000.000
  17722800  10278000.000  0.000  7799000.000  0.000  -2479000.000
  17726400  0.000  0.000  0.000  2513000.000  -2513000.000
  17730000  0.000  0.000  0.000  2508000.000  -2508000.000
  17733600  0.000  0.000  0.000  2506000.000  -2506000.000
  17737200  0.000  0.000  0.000  2466000.000  -2466000.000
  17740800  0.000  0.000  0.000  2461000.000  -2461000.000
  17744400  0.000  0.000  0.000  2453000.000  -2453000.000
  17748000  0.000  0.000  0.000  2445000.000  -2445000.000
  17751600  0.000  0.000  0.000  2467000.000  -2467000.000
  17755200  0.000  0.000  0.000  2449000.000  -2449000.000
  17758800  0.000  0.000  0.000  2440000.000  -2440000.000
  17762400  0.000  0.000  0.000  1976000.000  -1976000.000
  17766000  0.000  0.000  0.000  1767000.000  -1767000.000
  17769600  0.000  0.000  0.000  1837000.000  -1837000.000
  17773200  0.000  0.000  0.000  2295000.000  -2295000.000
  17776800  0.000  0.000  0.000  2533000.000  -2533000.000
  17780400  0.000  0.000  0.000  2553000.000  -2553000.000
  17784000  0.000  0.000  0.000  2569000.000  -2569000.000
  17787600  0.000  0.000  0.000  2547000.000  -2547000.000
  17791200  0.000  0.000  0.000  2500000.000  -2500000.000
  17794800  2535000.000  0.000  0.000  0.000  -2535000.000
  17798400  10272000.000  0.000  7799000.000  0.000  -2473000.000
  17802000  9671000.000  0.000  7799000.000  0.000  -1872000.000
  17805600  9522000.000  0.000  7799000.000  0.000  -1723000.000
  17809200  10110000.000  0.000  7799000.000  0.000  -2311000.000
  17812800  2460000.000  0.000  0.000  0.000  -2460000.000
  17816400  0.000  0.000  0.000  2409000.000  -2409000.000
  17820000  0.000  0.000  0.000  2420000.000  -2420000.000
  17823600  0.000  0.000  0.000  2429000.000  -2429000.000
  17827200  0.000  0.000  0.000  2352000.000  -2352000.000
  17830800  0.000  0.000  0.000  2128000.000  -2128000.000
  17834400  0.000  0.000  0.000  2123000.000  -2123000.000
  17838000  0.000  0.000  0.000  2138000.000  -2138000.000
  17841600  2389000.000  0.000  0.000  0.000  -2389000.000
  17845200  2706706.200  0.000  188706.160  0.000  -2518000.000
  17848800  2487000.000  0.000  0.000  0.000  -2487000.000
  17852400  2464000.000  0.000  0.000  0.000  -2464000.000
  17856000  0.000  0.000  0.000  2451000.000  -2451000.000
  17859600  0.000  0.000  0.000  2448000.000  -2448000.000
  17863200  0.000  0.000  0.000  2495000.000  -2495000.000
  17866800  0.000  0.000  0.000  2537000.000  -2537000.000
  17870400  0.000  0.000  0.000  2551000.000  -2551000.000
  17874000  0.000  0.000  0.000  2545000.000  -2545000.000
  17877600  2473000.000  0.000  0.000  0.000  -2473000.000
  17881200  2481000.000  0.000  0.000  0.000  -2481000.000
  17884800  2196000.000  0.000  0.000  0.000  -2196000.000
  17888400  1866000.000  0.000  0.000  0.000  -1866000.000
  17892000  1862000.000  0.000  0.000  0.000  -1862000.000
  17895600  6670937.100  0.000  4540937.100  0.000  -2130000.000
  17899200  2401000.000  0.000  0.000  0.000  -2401000.000
  17902800  10204000.000  0.000  7799000.000  0.000  -2405000.000
  17906400  0.000  0.000  0.000  2464000.000  -2464000.000
  17910000  0.000  0.000  0.000  2481000.000  -2481000.000
  17913600  0.000  0.000  0.000  2473000.000  -2473000.000
  17917200  0.000  0.000  0.000  2451000.000  -2451000.000
  17920800  0.000  0.000  0.000  2425000.000  -2425000.000
  17924400  2440000.000  0.000  0.000  0.000  -2440000.000
  17928000  2452000.000  0.000  0.000  0.000  -2452000.000
  17931600  9969000.000  0.000  7799000.000  0.000  -2170000.000
  17935200  9738000.000  0.000  7799000.000  0.000  -1939000.000
  17938800  1947000.000  0.000  0.000  0.000  -1947000.000
  17942400  0.000  0.000  0.000  1961000.000  -1961000.000
  17946000  0.000  0.000  0.000  2288000.000  -2288000.000
  17949600  0.000  0.000  0.000  2536000.000  -2536000.000
  17953200  0.000  0.000  0.000  2509000.000  -2509000.000
  17956800  0.000  0.000  0.000  2520000.000  -2520000.000
  17960400  0.000  0.000  0.000  2532000.000  -2532000.000
  17964000  2424000.000  0.000  0.000  0.000  -2424000.000
  17967600  10186000.000  0.000  7799000.000  0.000  -2387000.000
  17971200  10050000.000  0.000  7799000.000  0.000  -2251000.000
  17974800  9868000.000  0.000  7799000.000  0.000  -2069000.000
  17978400  9855000.000  0.000  7799000.000  0.000  -2056000.000
  17982000  9888000.000  0.000  7799000.000  0.000  -2089000.000
  17985600  9945000.000  0.000  7799000.000  0.000  -2146000.000
  17989200  9989000.000  0.000  7799000.000  0.000  -2190000.000
  17992800  10015000.000  0.000  7799000.000  0.000  -2216000.000
  17996400  10112000.000  0.000  7799000.000  0.000  -2313000.000
  18000000  10149000.000  0.000  7799000.000  0.000  -2350000.000
  18003600  10251000.000  0.000  7799000.000  0.000  -2452000.000
  18007200  10255000.000  0.000  7799000.000  0.000  -2456000.000
  18010800  10246000.000  0.000  7799000.000  0.000  -2447000.000
  18014400  10250000.000  0.000  7799000.000  0.000  -2451000.000
  18018000  10240000.000  0.000  7799000.000  0.000  -2441000.000
  18021600  10244000.000  0.000  7799000.000  0.000  -2445000.000
  18025200  10232000.000  0.000  7799000.000  0.000  -2433000.000
  18028800  10247000.000  0.000  7799000.000  0.000  -2448000.000
  18032400  0.000  0.000  0.000  2457000.000  -2457000.000
  18036000  0.000  0.000  0.000  2464000.000  -2464000.000
  18039600  0.000  0.000  0.000  2464000.000  -2464000.000
  18043200  0.000  0.000  0.000  2138000.000  -2138000.000
  18046800  0.000  0.000  0.000  1878000.000  -1878000.000
  18050400  0.000  0.000  0.000  1884000.000  -1884000.000
  18054000  0.000  0.000  0.000  1898000.000  -1898000.000
  18057600  9698000.000  0.000  7799000.000  0.000  -1899000.000
  18061200  9706000.000  0.000  7799000.000  0.000  -1907000.000
  18064800  10121000.000  0.000  7799000.000  0.000  -2322000.000
  18068400  10325000.000  0.000  7799000.000  0.000  -2526000.000
  18072000  2529000.000  0.000  0.000  0.000  -2529000.000
  18075600  0.000  0.000  0.000  2577000.000  -2577000.000
  18079200  0.000  0.000  0.000  2532000.000  -2532000.000
  18082800  0.000  0.000  0.000  2503000.000  -2503000.000
  18086400  0.000  0.000  0.000  2524000.000  -2524000.000
  18090000  0.000  0.000  0.000  2509000.000  -2509000.000
  18093600  0.000  0.000  0.000  2512000.000  -2512000.000
  18097200  0.000  0.000  0.000  2500000.000  -2500000.000
  18100800  0.000  0.000  0.000  2457000.000  -2457000.000
  18104400  0.000  0.000  0.000  2429000.000  -2429000.000
  18108000  0.000  0.000  0.000  1971000.000  -1971000.000
  18111600  0.000  0.000  0.000  1811000.000  -1811000.000
  18115200  0.000  0.000  0.000  1877000.000  -1877000.000
  18118800  0.000  0.000  0.000  2443000.000  -2443000.000
  18122400  0.000  0.000  0.000  2488000.000  -2488000.000
  18126000  0.000  0.000  0.000  2462000.000  -2462000.000
  18129600  0.000  0.000  0.000  2487000.000  -2487000.000
  18133200  0.000  0.000  0.000  2484000.000  -2484000.000
  18136800  0.000  0.000  0.000  2464000.000  -2464000.000
  18140400  0.000  0.000  0.000  2412000.000  -2412000.000
  18144000  0.000  0.000  0.000  1873000.000  -1873000.000
  18147600  0.000  0.000  0.000  1863000.000  -1863000.000
  18151200  0.000  0.000  0.000  1872000.000  -1872000.000
  18154800  0.000  0.000  0.000  1897000.000  -1897000.000
  18158400  0.000  0.000  0.000  2476000.000  -2476000.000
  18162000  0.000  0.000  0.000  2477000.000  -2477000.000
  18165600  0.000  0.000  0.000  2488000.000  -2488000.000
  18169200  0.000  0.000  0.000  2467000.000  -2467000.000
  18172800  0.000  0.000  0.000  2464000.000  -2464000.000
  18176400  0.000  0.000  0.000  2439000.000  -2439000.000
  18180000  0.000  0.000  0.000  2468000.000  -2468000.000
  18183600  0.000  0.000  0.000  2455000.000  -2455000.000
  18187200  0.000  0.000  0.000  2452000.000  -2452000.000
  18190800  0.000  0.000  0.000  2458000.000  -2458000.000
  18194400  0.000  0.000  0.000  2467000.000  -2467000.000
  18198000  0.000  0.000  0.000  2460000.000  -2460000.000
  18201600  0.000  0.000  0.000  2454000.000  -2454000.000
  18205200  0.000  0.000  0.000  2437000.000  -2437000.000
  18208800  0.000  0.000  0.000  2441000.000  -2441000.000
  18212400  0.000  0.000  0.000  2444000.000  -2444000.000
  18216000  0.000  0.000  0.000  2449000.000  -2449000.000
  18219600  0.000  0.000  0.000  2445000.000  -2445000.000
  18223200  0.000  0.000  0.000  2432000.000  -2432000.000
  18226800  0.000  0.000  0.000  2411000.000  -2411000.000
  18230400  2413000.000  0.000  0.000  0.000  -2413000.000
  18234000  10225000.000  0.000  7799000.000  0.000  -2426000.000
  18237600  10231000.000  0.000  7799000.000  0.000  -2432000.000
  18241200  10220000.000  0.000  7799000.000  0.000  -2421000.000
  18244800  2461000.000  0.000  0.000  0.000  -2461000.000
  18248400  0.000  0.000  0.000  2486000.000  -2486000.000
  18252000  0.000  0.000  0.000  2475000.000  -2475000.000
  18255600  0.000  0.000  0.000  2473000.000  -2473000.000
  18259200  0.000  0.000  0.000  2460000.000  -2460000.000
  18262800  0.000  0.000  0.000  2462000.000  -2462000.000
  18266400  0.000  0.000  0.000  2470000.000  -2470000.000
  18270000  0.000  0.000  0.000  2468000.000  -2468000.000
  18273600  0.000  0.000  0.000  2505000.000  -2505000.000
  18277200  0.000  0.000  0.000  2497000.000  -2497000.000
  18280800  0.000  0.000  0.000  2472000.000  -2472000.000
  18284400  0.000  0.000  0.000  2498000.000  -2498000.000
  18288000  0.000  0.000  0.000  2566000.000  -2566000.000
  18291600  0.000  0.000  0.000  1903000.000  -1903000.000
  18295200  0.000  0.000  0.000  3058000.000  -3058000.000
  18298800  0.000  0.000  0.000  3368000.000  -3368000.000
  18302400  0.000  0.000  0.000  3794000.000  -3794000.000
  18306000  0.000  0.000  0.000  3005000.000  -3005000.000
  18309600  0.000  0.000  0.000  2783000.000  -2783000.000
  18313200  0.000  0.000  0.000  2341000.000  -2341000.000
  18316800  10020000.000  0.000  7799000.000  0.000  -2221000.000
  18320400  10055000.000  0.000  7799000.000  0.000  -2256000.000
  18324000  10126000.000  0.000  7799000.000  0.000  -2327000.000
  18327600  10208000.000  0.000  7799000.000  0.000  -2409000.000
  18331200  10430000.000  0.000  7799000.000  0.000  -2631000.000
  18334800  0.000  0.000  0.000  3211000.000  -3211000.000
  18338400  0.000  0.000  0.000  3146000.000  -3146000.000
  18342000  0.000  0.000  0.000  3098000.000  -3098000.000
  18345600  0.000  0.000  0.000  3071000.000  -3071000.000
  18349200  0.000  0.000  0.000  3054000.000  -3054000.000
  18352800  0.000  0.000  0.000  2433000.000  -2433000.000
  18356400  0.000  0.000  0.000  2433000.000  -2433000.000
  18360000  0.000  0.000  0.000  2408000.000  -2408000.000
  18363600  2410000.000  0.000  0.000  0.000  -2410000.000
  18367200  0.000  0.000  0.000  2414000.000  -2414000.000
  18370800  0.000  0.000  0.000  2454000.000  -2454000.000
  18374400  0.000  0.000  0.000  2444000.000  -2444000.000
  18378000  0.000  0.000  0.000  2451000.000  -2451000.000
  18381600  0.000  0.000  0.000  2465000.000  -2465000.000
  18385200  0.000  0.000  0.000  2497000.000  -2497000.000
  18388800  0.000  0.000  0.000  2481000.000  -2481000.000
  18392400  0.000  0.000  0.000  2491000.000  -2491000.000
  18396000  0.000  0.000  0.000  2487000.000  -2487000.000
  18399600  2469000.000  0.000  0.000  0.000  -2469000.000
  18403200  10269000.000  0.000  7799000.000  0.000  -2470000.000
  18406800  10315000.000  0.000  7799000.000  0.000  -2516000.000
  18410400  10337000.000  0.000  7799000.000  0.000  -2538000.000
  18414000  10351000.000  0.000  7799000.000  0.000  -2552000.000
  18417600  0.000  0.000  0.000  2572000.000  -2572000.000
  18421200  0.000  0.000  0.000  2596000.000  -2596000.000
  18424800  0.000  0.000  0.000  3399000.000  -3399000.000
  18428400  0.000  0.000  0.000  3040000.000  -3040000.000
  18432000  0.000  0.000  0.000  2971000.000  -2971000.000
  18435600  0.000  0.000  0.000  2614000.000  -2614000.000
  18439200  0.000  0.000  0.000  2532000.000  -2532000.000
  18442800  0.000  0.000  0.000  2481000.000  -2481000.000
  18446400  0.000  0.000  0.000  2448000.000  -2448000.000
  18450000  2432000.000  0.000  0.000  0.000  -2432000.000
  18453600  2429000.000  0.000  0.000  0.000  -2429000.000
  18457200  0.000  0.000  0.000  2467000.000  -2467000.000
  18460800  0.000  0.000  0.000  2479000.000  -2479000.000
  18464400  0.000  0.000  0.000  2495000.000  -2495000.000
  18468000  0.000  0.000  0.000  2801000.000  -2801000.000
  18471600  0.000  0.000  0.000  2974000.000  -2974000.000
  18475200  0.000  0.000  0.000  2786000.000  -2786000.000
  18478800  0.000  0.000  0.000  2540000.000  -2540000.000
  18482400  1565626.700  0.000  0.000  982373.280  -2548000.000
  18486000  2553000.000  0.000  0.000  0.000  -2553000.000
  18489600  2508000.000  0.000  0.000  0.000  -2508000.000
  18493200  5102137.700  0.000  2570137.700  0.000  -2532000.000
  18496800  2543000.000  0.000  0.000  0.000  -2543000.000
  18500400  0.000  0.000  0.000  2565000.000  -2565000.000
  18504000  3100000.000  0.000  0.000  0.000  -3100000.000
  18507600  4027358.200  0.000  914358.240  0.000  -3113000.000
  18511200  10649000.000  0.000  7581000.000  0.000  -3068000.000
  18514800  0.000  0.000  0.000  3020000.000  -3020000.000
  18518400  0.000  0.000  0.000  2977000.000  -2977000.000
  18522000  0.000  0.000  0.000  2481000.000  -2481000.000
  18525600  2452000.000  0.000  0.000  0.000  -2452000.000
  18529200  2445000.000  0.000  0.000  0.000  -2445000.000
  18532800  10251000.000  0.000  7799000.000  0.000  -2452000.000
  18536400  10242000.000  0.000  7799000.000  0.000  -2443000.000
  18540000  10260000.000  0.000  7799000.000  0.000  -2461000.000
  18543600  10249000.000  0.000  7799000.000  0.000  -2450000.000
  18547200  2464000.000  0.000  0.000  0.000  -2464000.000
  18550800  0.000  0.000  0.000  2477000.000  -2477000.000
  18554400  0.000  0.000  0.000  2493000.000  -2493000.000
  18558000  0.000  0.000  0.000  2498000.000  -2498000.000
  18561600  0.000  0.000  0.000  2491000.000  -2491000.000
  18565200  0.000  0.000  0.000  2490000.000  -2490000.000
  18568800  0.000  0.000  0.000  2481000.000  -2481000.000
  18572400  0.000  0.000  0.000  2469000.000  -2469000.000
  18576000  0.000  0.000  0.000  2491000.000  -2491000.000
  18579600  0.000  0.000  0.000  2498000.000  -2498000.000
  18583200  0.000  0.000  0.000  2479000.000  -2479000.000
  18586800  0.000  0.000  0.000  2896000.000  -2896000.000
  18590400  10649000.000  0.000  7595000.000  0.000  -3054000.000
  18594000  0.000  0.000  0.000  3198000.000  -3198000.000
  18597600  10649000.000  0.000  7570000.000  0.000  -3079000.000
  18601200  10649000.000  0.000  7579000.000  0.000  -3070000.000
  18604800  10649000.000  0.000  7589000.000  0.000  -3060000.000
  18608400  10649000.000  0.000  7577000.000  0.000  -3072000.000
  18612000  10649000.000  0.000  7731000.000  0.000  -2918000.000
  18615600  10249000.000  0.000  7799000.000  0.000  -2450000.000
  18619200  10267000.000  0.000  7799000.000  0.000  -2468000.000
  18622800  10267000.000  0.000  7799000.000  0.000  -2468000.000
  18626400  10247000.000  0.000  7799000.000  0.000  -2448000.000
  18630000  10263000.000  0.000  7799000.000  0.000  -2464000.000
  18633600  10283000.000  0.000  7799000.000  0.000  -2484000.000
  18637200  0.000  0.000  0.000  2489000.000  -2489000.000
  18640800  0.000  0.000  0.000  2502000.000  -2502000.000
  18644400  0.000  0.000  0.000  3119000.000  -3119000.000
  18648000  0.000  0.000  0.000  3067000.000  -3067000.000
  18651600  0.000  0.000  0.000  3069000.000  -3069000.000
  18655200  0.000  0.000  0.000  2585000.000  -2585000.000
  18658800  0.000  0.000  0.000  2458000.000  -2458000.000
  18662400  2471000.000  0.000  0.000  0.000  -2471000.000
  18666000  2484000.000  0.000  0.000  0.000  -2484000.000
  18669600  10283000.000  0.000  7799000.000  0.000  -2484000.000
  18673200  1420671.400  0.000  0.000  1514328.600  -2935000.000
  18676800  0.000  0.000  0.000  3126000.000  -3126000.000
  18680400  0.000  0.000  0.000  3114000.000  -3114000.000
  18684000  0.000  0.000  0.000  3100000.000  -3100000.000
  18687600  0.000  0.000  0.000  2499000.000  -2499000.000
  18691200  0.000  0.000  0.000  2153000.000  -2153000.000
  18694800  0.000  0.000  0.000  2103000.000  -2103000.000
  18698400  0.000  0.000  0.000  1804000.000  -1804000.000
  18702000  0.000  0.000  0.000  344000.000  -344000.000
  18705600  0.000  0.000  0.000  1495000.000  -1495000.000
  18709200  0.000  0.000  0.000  2469000.000  -2469000.000
  18712800  0.000  0.000  0.000  2445000.000  -2445000.000
  18716400  0.000  0.000  0.000  2458000.000  -2458000.000
  18720000  0.000  0.000  0.000  2497000.000  -2497000.000
  18723600  0.000  0.000  0.000  2473000.000  -2473000.000
  18727200  0.000  0.000  0.000  2467000.000  -2467000.000
  18730800  0.000  0.000  0.000  2484000.000  -2484000.000
  18734400  0.000  0.000  0.000  2474000.000  -2474000.000
  18738000  0.000  0.000  0.000  2465000.000  -2465000.000
  18741600  0.000  0.000  0.000  2462000.000  -2462000.000
  18745200  0.000  0.000  0.000  2448000.000  -2448000.000
  18748800  0.000  0.000  0.000  2456000.000  -2456000.000
  18752400  10268000.000  0.000  7799000.000  0.000  -2469000.000
  18756000  10273000.000  0.000  7799000.000  0.000  -2474000.000
  18759600  10277000.000  0.000  7799000.000  0.000  -2478000.000
  18763200  0.000  0.000  0.000  3015000.000  -3015000.000
  18766800  0.000  0.000  0.000  3076000.000  -3076000.000
  18770400  0.000  0.000  0.000  3074000.000  -3074000.000
  18774000  0.000  0.000  0.000  3138000.000  -3138000.000
  18777600  0.000  0.000  0.000  3090000.000  -3090000.000
  18781200  0.000  0.000  0.000  2550000.000  -2550000.000
  18784800  0.000  0.000  0.000  2473000.000  -2473000.000
  18788400  0.000  0.000  0.000  2473000.000  -2473000.000
  18792000  0.000  0.000  0.000  2494000.000  -2494000.000
  18795600  0.000  0.000  0.000  2467000.000  -2467000.000
  18799200  0.000  0.000  0.000  2465000.000  -2465000.000
  18802800  0.000  0.000  0.000  2512000.000  -2512000.000
  18806400  0.000  0.000  0.000  2491000.000  -2491000.000
  18810000  0.000  0.000  0.000  2500000.000  -2500000.000
  18813600  0.000  0.000  0.000  2513000.000  -2513000.000
  18817200  0.000  0.000  0.000  2501000.000  -2501000.000
  18820800  0.000  0.000  0.000  2500000.000  -2500000.000
  18824400  0.000  0.000  0.000  2498000.000  -2498000.000
  18828000  0.000  0.000  0.000  2499000.000  -2499000.000
  18831600  10178839.000  0.000  7680838.500  0.000  -2498000.000
  18835200  10303000.000  0.000  7799000.000  0.000  -2504000.000
  18838800  10311000.000  0.000  7799000.000  0.000  -2512000.000
  18842400  10302000.000  0.000  7799000.000  0.000  -2503000.000
  18846000  10325000.000  0.000  7799000.000  0.000  -2526000.000
  18849600  10649000.000  0.000  7646000.000  0.000  -3003000.000
  18853200  0.000  0.000  0.000  3056000.000  -3056000.000
  18856800  0.000  0.000  0.000  3035000.000  -3035000.000
  18860400  0.000  0.000  0.000  3021000.000  -3021000.000
  18864000  0.000  0.000  0.000  2995000.000  -2995000.000
  18867600  0.000  0.000  0.000  2997000.000  -2997000.000
  18871200  0.000  0.000  0.000  3026000.000  -3026000.000
  18874800  0.000  0.000  0.000  2631000.000  -2631000.000
  18878400  0.000  0.000  0.000  2429000.000  -2429000.000
  18882000  0.000  0.000  0.000  2436000.000  -2436000.000
  18885600  0.000  0.000  0.000  2399000.000  -2399000.000
  18889200  0.000  0.000  0.000  2348000.000  -2348000.000
  18892800  0.000  0.000  0.000  2419000.000  -2419000.000
  18896400  0.000  0.000  0.000  2421000.000  -2421000.000
  18900000  0.000  0.000  0.000  2706000.000  -2706000.000
  18903600  0.000  0.000  0.000  3052000.000  -3052000.000
  18907200  0.000  0.000  0.000  2553000.000  -2553000.000
  18910800  0.000  0.000  0.000  2480000.000  -2480000.000
  18914400  2493000.000  0.000  0.000  0.000  -2493000.000
  18918000  2487000.000  0.000  0.000  0.000  -2487000.000
  18921600  10289000.000  0.000  7799000.000  0.000  -2490000.000
  18925200  10277000.000  0.000  7799000.000  0.000  -2478000.000
  18928800  10247000.000  0.000  7799000.000  0.000  -2448000.000
  18932400  10649000.000  0.000  7697000.000  0.000  -2952000.000
  18936000  10649000.000  0.000  7562000.000  0.000  -3087000.000
  18939600  0.000  0.000  0.000  3059000.000  -3059000.000
  18943200  0.000  0.000  0.000  3026000.000  -3026000.000
  18946800  0.000  0.000  0.000  3007000.000  -3007000.000
  18950400  0.000  0.000  0.000  2999000.000  -2999000.000
  18954000  2547713.100  0.000  8713.126  0.000  -2539000.000
  18957600  10193000.000  0.000  7799000.000  0.000  -2394000.000
  18961200  10218000.000  0.000  7799000.000  0.000  -2419000.000
  18964800  10210000.000  0.000  7799000.000  0.000  -2411000.000
  18968400  10187000.000  0.000  7799000.000  0.000  -2388000.000
  18972000  10225000.000  0.000  7799000.000  0.000  -2426000.000
  18975600  10452000.000  0.000  7799000.000  0.000  -2653000.000
  18979200  0.000  0.000  0.000  3071000.000  -3071000.000
  18982800  0.000  0.000  0.000  3000000.000  -3000000.000
  18986400  0.000  0.000  0.000  3072000.000  -3072000.000
  18990000  0.000  0.000  0.000  2788000.000  -2788000.000
  18993600  0.000  0.000  0.000  2537000.000  -2537000.000
  18997200  0.000  0.000  0.000  2546000.000  -2546000.000
  19000800  0.000  0.000  0.000  2560000.000  -2560000.000
  19004400  0.000  0.000  0.000  2592000.000  -2592000.000
  19008000  0.000  0.000  0.000  3141000.000  -3141000.000
  19011600  0.000  0.000  0.000  3169000.000  -3169000.000
  19015200  0.000  0.000  0.000  3131000.000  -3131000.000
  19018800  10649000.000  0.000  7509000.000  0.000  -3140000.000
  19022400  0.000  0.000  0.000  3178000.000  -3178000.000
  19026000  0.000  0.000  0.000  3165000.000  -3165000.000
  19029600  0.000  0.000  0.000  3165000.000  -3165000.000
  19033200  0.000  0.000  0.000  2924000.000  -2924000.000
  19036800  0.000  0.000  0.000  2428000.000  -2428000.000
  19040400  0.000  0.000  0.000  2419000.000  -2419000.000
  19044000  0.000  0.000  0.000  2420000.000  -2420000.000
  19047600  0.000  0.000  0.000  2427000.000  -2427000.000
  19051200  0.000  0.000  0.000  2656000.000  -2656000.000
  19054800  0.000  0.000  0.000  3060000.000  -3060000.000
  19058400  0.000  0.000  0.000  3000000.000  -3000000.000
  19062000  0.000  0.000  0.000  2447000.000  -2447000.000
  19065600  0.000  0.000  0.000  2434000.000  -2434000.000
  19069200  0.000  0.000  0.000  2846000.000  -2846000.000
  19072800  0.000  0.000  0.000  3042000.000  -3042000.000
  19076400  0.000  0.000  0.000  3003000.000  -3003000.000
  19080000  0.000  0.000  0.000  3030000.000  -3030000.000
  19083600  2547000.000  0.000  0.000  0.000  -2547000.000
  19087200  4818422.400  0.000  2422422.400  0.000  -2396000.000
  19090800  0.000  0.000  0.000  2420000.000  -2420000.000
  19094400  2402000.000  0.000  0.000  0.000  -2402000.000
  19098000  2414000.000  0.000  0.000  0.000  -2414000.000
  19101600  2425000.000  0.000  0.000  0.000  -2425000.000
  19105200  2420000.000  0.000  0.000  0.000  -2420000.000
  19108800  10252000.000  0.000  7799000.000  0.000  -2453000.000
  19112400  10617000.000  0.000  7799000.000  0.000  -2818000.000
  19116000  0.000  0.000  0.000  3031000.000  -3031000.000
  19119600  0.000  0.000  0.000  3014000.000  -3014000.000
  19123200  0.000  0.000  0.000  3005000.000  -3005000.000
  19126800  10649000.000  0.000  7658000.000  0.000  -2991000.000
  19130400  10649000.000  0.000  7649000.000  0.000  -3000000.000
  19134000  10649000.000  0.000  7663000.000  0.000  -2986000.000
  19137600  10510000.000  0.000  7799000.000  0.000  -2711000.000
  19141200  10238000.000  0.000  7799000.000  0.000  -2439000.000
  19144800  10217000.000  0.000  7799000.000  0.000  -2418000.000
  19148400  10227000.000  0.000  7799000.000  0.000  -2428000.000
  19152000  10243000.000  0.000  7799000.000  0.000  -2444000.000
  19155600  10630000.000  0.000  7799000.000  0.000  -2831000.000
  19159200  0.000  0.000  0.000  2756000.000  -2756000.000
  19162800  0.000  0.000  0.000  2750000.000  -2750000.000
  19166400  0.000  0.000  0.000  2769000.000  -2769000.000
  19170000  0.000  0.000  0.000  2747000.000  -2747000.000
  19173600  0.000  0.000  0.000  2746000.000  -2746000.000
  19177200  5579656.300  0.000  2849656.300  0.000  -2730000.000
  19180800  10218000.000  0.000  7799000.000  0.000  -2419000.000
  19184400  10221000.000  0.000  7799000.000  0.000  -2422000.000
  19188000  10218000.000  0.000  7799000.000  0.000  -2419000.000
  19191600  10225000.000  0.000  7799000.000  0.000  -2426000.000
  19195200  10482000.000  0.000  7799000.000  0.000  -2683000.000
  19198800  10578000.000  0.000  7799000.000  0.000  -2779000.000
  19202400  10556000.000  0.000  7799000.000  0.000  -2757000.000
  19206000  10569000.000  0.000  7799000.000  0.000  -2770000.000
  19209600  10582000.000  0.000  7799000.000  0.000  -2783000.000
  19213200  10602000.000  0.000  7799000.000  0.000  -2803000.000
  19216800  10649000.000  0.000  7775000.000  0.000  -2874000.000
  19220400  10649000.000  0.000  7749000.000  0.000  -2900000.000
  19224000  10649000.000  0.000  7682000.000  0.000  -2967000.000
  19227600  10649000.000  0.000  7739000.000  0.000  -2910000.000
  19231200  10605000.000  0.000  7799000.000  0.000  -2806000.000
  19234800  10565000.000  0.000  7799000.000  0.000  -2766000.000
  19238400  3114176.000  0.000  187176.000  0.000  -2927000.000
  19242000  0.000  0.000  0.000  3010000.000  -3010000.000
  19245600  0.000  0.000  0.000  2995000.000  -2995000.000
  19249200  0.000  0.000  0.000  3014000.000  -3014000.000
  19252800  0.000  0.000  0.000  2578000.000  -2578000.000
  19256400  0.000  0.000  0.000  2407000.000  -2407000.000
  19260000  0.000  0.000  0.000  2420000.000  -2420000.000
  19263600  0.000  0.000  0.000  2422000.000  -2422000.000
  19267200  0.000  0.000  0.000  2420000.000  -2420000.000
  19270800  2428000.000  0.000  0.000  0.000  -2428000.000
  19274400  10236000.000  0.000  7799000.000  0.000  -2437000.000
  19278000  2809000.000  0.000  0.000  0.000  -2809000.000
  19281600  0.000  0.000  0.000  3123000.000  -3123000.000
  19285200  0.000  0.000  0.000  3074000.000  -3074000.000
  19288800  0.000  0.000  0.000  3067000.000  -3067000.000
  19292400  0.000  0.000  0.000  3040000.000  -3040000.000
  19296000  0.000  0.000  0.000  3026000.000  -3026000.000
  19299600  0.000  0.000  0.000  3058000.000  -3058000.000
  19303200  0.000  0.000  0.000  2720000.000  -2720000.000
  19306800  0.000  0.000  0.000  2422000.000  -2422000.000
  19310400  0.000  0.000  0.000  2441000.000  -2441000.000
  19314000  0.000  0.000  0.000  2438000.000  -2438000.000
  19317600  0.000  0.000  0.000  2435000.000  -2435000.000
  19321200  0.000  0.000  0.000  2738000.000  -2738000.000
  19324800  0.000  0.000  0.000  3047000.000  -3047000.000
  19328400  0.000  0.000  0.000  3034000.000  -3034000.000
  19332000  0.000  0.000  0.000  3080000.000  -3080000.000
  19335600  0.000  0.000  0.000  3071000.000  -3071000.000
  19339200  0.000  0.000  0.000  3052000.000  -3052000.000
  19342800  0.000  0.000  0.000  2966000.000  -2966000.000
  19346400  0.000  0.000  0.000  2439000.000  -2439000.000
  19350000  0.000  0.000  0.000  2435000.000  -2435000.000
  19353600  0.000  0.000  0.000  2471000.000  -2471000.000
  19357200  0.000  0.000  0.000  2484000.000  -2484000.000
  19360800  0.000  0.000  0.000  2461000.000  -2461000.000
  19364400  0.000  0.000  0.000  2991000.000  -2991000.000
  19368000  0.000  0.000  0.000  3126000.000  -3126000.000
  19371600  0.000  0.000  0.000  3467000.000  -3467000.000
  19375200  0.000  0.000  0.000  3600000.000  -3600000.000
  19378800  0.000  0.000  0.000  3576000.000  -3576000.000
  19382400  0.000  0.000  0.000  3541000.000  -3541000.000
  19386000  0.000  0.000  0.000  3285000.000  -3285000.000
  19389600  0.000  0.000  0.000  3111000.000  -3111000.000
  19393200  0.000  0.000  0.000  2990000.000  -2990000.000
  19396800  0.000  0.000  0.000  2441000.000  -2441000.000
  19400400  2388000.000  0.000  0.000  0.000  -2388000.000
  19404000  2872000.000  0.000  0.000  0.000  -2872000.000
  19407600  0.000  0.000  0.000  3035000.000  -3035000.000
  19411200  0.000  0.000  0.000  3051000.000  -3051000.000
  19414800  0.000  0.000  0.000  3093000.000  -3093000.000
  19418400  0.000  0.000  0.000  3074000.000  -3074000.000
  19422000  0.000  0.000  0.000  3084000.000  -3084000.000
  19425600  0.000  0.000  0.000  3097000.000  -3097000.000
  19429200  0.000  0.000  0.000  3093000.000  -3093000.000
  19432800  0.000  0.000  0.000  3097000.000  -3097000.000
  19436400  0.000  0.000  0.000  3081000.000  -3081000.000
  19440000  0.000  0.000  0.000  3093000.000  -3093000.000
  19443600  10649000.000  0.000  7559000.000  0.000  -3090000.000
  19447200  10649000.000  0.000  7561000.000  0.000  -3088000.000
  19450800  3500000.000  0.000  0.000  0.000  -3500000.000
  19454400  0.000  0.000  0.000  3624000.000  -3624000.000
  19458000  0.000  0.000  0.000  3657000.000  -3657000.000
  19461600  0.000  0.000  0.000  3576000.000  -3576000.000
  19465200  0.000  0.000  0.000  3480000.000  -3480000.000
  19468800  0.000  0.000  0.000  3467000.000  -3467000.000
  19472400  0.000  0.000  0.000  3139000.000  -3139000.000
  19476000  0.000  0.000  0.000  3081000.000  -3081000.000
  19479600  0.000  0.000  0.000  3050000.000  -3050000.000
  19483200  3811184.400  0.000  768184.370  0.000  -3043000.000
  19486800  0.000  0.000  0.000  2683000.000  -2683000.000
  19490400  0.000  0.000  0.000  2368000.000  -2368000.000
  19494000  0.000  0.000  0.000  2393000.000  -2393000.000
  19497600  0.000  0.000  0.000  2450000.000  -2450000.000
  19501200  0.000  0.000  0.000  3130000.000  -3130000.000
  19504800  0.000  0.000  0.000  3020000.000  -3020000.000
  19508400  0.000  0.000  0.000  3018000.000  -3018000.000
  19512000  0.000  0.000  0.000  3018000.000  -3018000.000
  19515600  0.000  0.000  0.000  3003000.000  -3003000.000
  19519200  0.000  0.000  0.000  3013000.000  -3013000.000
  19522800  2992000.000  0.000  0.000  0.000  -2992000.000
  19526400  10649000.000  0.000  7665000.000  0.000  -2984000.000
  19530000  10649000.000  0.000  7655000.000  0.000  -2994000.000
  19533600  10649000.000  0.000  7658000.000  0.000  -2991000.000
  19537200  10649000.000  0.000  7655000.000  0.000  -2994000.000
  19540800  10649000.000  0.000  7628000.000  0.000  -3021000.000
  19544400  10649000.000  0.000  7178000.000  0.000  -3471000.000
  19548000  0.000  0.000  0.000  3720000.000  -3720000.000
  19551600  0.000  0.000  0.000  3688000.000  -3688000.000
  19555200  0.000  0.000  0.000  3678000.000  -3678000.000
  19558800  0.000  0.000  0.000  3474000.000  -3474000.000
  19562400  0.000  0.000  0.000  3460000.000  -3460000.000
  19566000  0.000  0.000  0.000  3458000.000  -3458000.000
  19569600  9089270.800  0.000  5640270.800  0.000  -3449000.000
  19573200  10649000.000  0.000  7462000.000  0.000  -3187000.000
  19576800  10649000.000  0.000  7601000.000  0.000  -3048000.000
  19580400  10649000.000  0.000  7603000.000  0.000  -3046000.000
  19584000  0.000  0.000  0.000  3046000.000  -3046000.000
  19587600  0.000  0.000  0.000  3050000.000  -3050000.000
  19591200  0.000  0.000  0.000  3242000.000  -3242000.000
  19594800  0.000  0.000  0.000  3480000.000  -3480000.000
  19598400  0.000  0.000  0.000  3467000.000  -3467000.000
  19602000  0.000  0.000  0.000  3461000.000  -3461000.000
  19605600  0.000  0.000  0.000  3406000.000  -3406000.000
  19609200  0.000  0.000  0.000  3017000.000  -3017000.000
  19612800  10649000.000  0.000  7603000.000  0.000  -3046000.000
  19616400  10649000.000  0.000  7596000.000  0.000  -3053000.000
  19620000  10649000.000  0.000  7586000.000  0.000  -3063000.000
  19623600  10649000.000  0.000  7578000.000  0.000  -3071000.000
  19627200  3224000.000  0.000  0.000  0.000  -3224000.000
  19630800  0.000  0.000  0.000  3592000.000  -3592000.000
  19634400  0.000  0.000  0.000  3812000.000  -3812000.000
  19638000  0.000  0.000  0.000  4533000.000  -4533000.000
  19641600  0.000  0.000  0.000  3616000.000  -3616000.000
  19645200  0.000  0.000  0.000  3614000.000  -3614000.000
  19648800  0.000  0.000  0.000  3332000.000  -3332000.000
  19652400  0.000  0.000  0.000  3173000.000  -3173000.000
  19656000  0.000  0.000  0.000  3039000.000  -3039000.000
  19659600  2966000.000  0.000  0.000  0.000  -2966000.000
  19663200  0.000  0.000  0.000  2439000.000  -2439000.000
  19666800  0.000  0.000  0.000  2457000.000  -2457000.000
  19670400  0.000  0.000  0.000  2970000.000  -2970000.000
  19674000  0.000  0.000  0.000  3053000.000  -3053000.000
  19677600  0.000  0.000  0.000  3069000.000  -3069000.000
  19681200  0.000  0.000  0.000  3082000.000  -3082000.000
  19684800  0.000  0.000  0.000  3065000.000  -3065000.000
  19688400  0.000  0.000  0.000  3058000.000  -3058000.000
  19692000  0.000  0.000  0.000  3068000.000  -3068000.000
  19695600  3052000.000  0.000  0.000  0.000  -3052000.000
  19699200  10649000.000  0.000  7631000.000  0.000  -3018000.000
  19702800  10649000.000  0.000  7744000.000  0.000  -2905000.000
  19706400  10591000.000  0.000  7799000.000  0.000  -2792000.000
  19710000  10573000.000  0.000  7799000.000  0.000  -2774000.000
  19713600  10634000.000  0.000  7799000.000  0.000  -2835000.000
  19717200  10649000.000  0.000  7585000.000  0.000  -3064000.000
  19720800  10649000.000  0.000  7581000.000  0.000  -3068000.000
  19724400  10649000.000  0.000  7217000.000  0.000  -3432000.000
  19728000  10649000.000  0.000  7081000.000  0.000  -3568000.000
  19731600  10649000.000  0.000  7010000.000  0.000  -3639000.000
  19735200  10649000.000  0.000  6985000.000  0.000  -3664000.000
  19738800  10649000.000  0.000  7009000.000  0.000  -3640000.000
  19742400  10649000.000  0.000  7009000.000  0.000  -3640000.000
  19746000  10649000.000  0.000  7241000.000  0.000  -3408000.000
  19749600  10649000.000  0.000  7567000.000  0.000  -3082000.000
  19753200  10649000.000  0.000  7621000.000  0.000  -3028000.000
  19756800  0.000  0.000  0.000  3035000.000  -3035000.000
  19760400  0.000  0.000  0.000  3015000.000  -3015000.000
  19764000  0.000  0.000  0.000  3034000.000  -3034000.000
  19767600  0.000  0.000  0.000  3031000.000  -3031000.000
  19771200  0.000  0.000  0.000  3042000.000  -3042000.000
  19774800  0.000  0.000  0.000  3029000.000  -3029000.000
  19778400  0.000  0.000  0.000  3032000.000  -3032000.000
  19782000  0.000  0.000  0.000  2997000.000  -2997000.000
  19785600  2412000.000  0.000  0.000  0.000  -2412000.000
  19789200  0.000  0.000  0.000  2563000.000  -2563000.000
  19792800  0.000  0.000  0.000  3103000.000  -3103000.000
  19796400  0.000  0.000  0.000  3034000.000  -3034000.000
  19800000  10649000.000  0.000  7591000.000  0.000  -3058000.000
  19803600  10649000.000  0.000  7597000.000  0.000  -3052000.000
  19807200  0.000  0.000  0.000  3060000.000  -3060000.000
  19810800  0.000  0.000  0.000  3048000.000  -3048000.000
  19814400  0.000  0.000  0.000  3396000.000  -3396000.000
  19818000  3474000.000  0.000  0.000  0.000  -3474000.000
  19821600  10649000.000  0.000  7136000.000  0.000  -3513000.000
  19825200  10649000.000  0.000  7121000.000  0.000  -3528000.000
  19828800  10649000.000  0.000  7117000.000  0.000  -3532000.000
  19832400  10649000.000  0.000  7114000.000  0.000  -3535000.000
  19836000  10649000.000  0.000  7116000.000  0.000  -3533000.000
  19839600  10649000.000  0.000  7140000.000  0.000  -3509000.000
  19843200  10649000.000  0.000  7126000.000  0.000  -3523000.000
  19846800  0.000  0.000  0.000  3474000.000  -3474000.000
  19850400  0.000  0.000  0.000  3230000.000  -3230000.000
  19854000  0.000  0.000  0.000  3209000.000  -3209000.000
  19857600  0.000  0.000  0.000  3209000.000  -3209000.000
  19861200  0.000  0.000  0.000  3204000.000  -3204000.000
  19864800  0.000  0.000  0.000  3207000.000  -3207000.000
  19868400  10649000.000  0.000  7451000.000  0.000  -3198000.000
  19872000  10649000.000  0.000  7442000.000  0.000  -3207000.000
  19875600  10649000.000  0.000  7440000.000  0.000  -3209000.000
  19879200  10649000.000  0.000  7301000.000  0.000  -3348000.000
  19882800  10649000.000  0.000  7068000.000  0.000  -3581000.000
  19886400  0.000  0.000  0.000  3716000.000  -3716000.000
  19890000  0.000  0.000  0.000  3731000.000  -3731000.000
  19893600  0.000  0.000  0.000  3927000.000  -3927000.000
  19897200  0.000  0.000  0.000  3991000.000  -3991000.000
  19900800  0.000  0.000  0.000  3999000.000  -3999000.000
  19904400  0.000  0.000  0.000  3696000.000  -3696000.000
  19908000  0.000  0.000  0.000  3318000.000  -3318000.000
  19911600  3056000.000  0.000  0.000  0.000  -3056000.000
  19915200  10649000.000  0.000  7584000.000  0.000  -3065000.000
  19918800  10649000.000  0.000  7555000.000  0.000  -3094000.000
  19922400  10649000.000  0.000  7577000.000  0.000  -3072000.000
  19926000  10649000.000  0.000  7566000.000  0.000  -3083000.000
  19929600  0.000  0.000  0.000  3096000.000  -3096000.000
  19933200  0.000  0.000  0.000  3436000.000  -3436000.000
  19936800  0.000  0.000  0.000  3526000.000  -3526000.000
  19940400  0.000  0.000  0.000  3385000.000  -3385000.000
  19944000  0.000  0.000  0.000  3305000.000  -3305000.000
  19947600  0.000  0.000  0.000  3287000.000  -3287000.000
  19951200  0.000  0.000  0.000  3285000.000  -3285000.000
  19954800  0.000  0.000  0.000  3260000.000  -3260000.000
  19958400  7326989.200  0.000  4191989.200  0.000  -3135000.000
  19962000  10649000.000  0.000  7559000.000  0.000  -3090000.000
  19965600  10649000.000  0.000  7544000.000  0.000  -3105000.000
  19969200  3128000.000  0.000  0.000  0.000  -3128000.000
  19972800  0.000  0.000  0.000  3432000.000  -3432000.000
  19976400  0.000  0.000  0.000  3887000.000  -3887000.000
  19980000  0.000  0.000  0.000  4027000.000  -4027000.000
  19983600  0.000  0.000  0.000  3855000.000  -3855000.000
  19987200  0.000  0.000  0.000  3751000.000  -3751000.000
  19990800  0.000  0.000  0.000  3449000.000  -3449000.000
  19994400  0.000  0.000  0.000  3334000.000  -3334000.000
  19998000  0.000  0.000  0.000  3444000.000  -3444000.000
  20001600  0.000  0.000  0.000  3355000.000  -3355000.000
  20005200  0.000  0.000  0.000  3077000.000  -3077000.000
  20008800  0.000  0.000  0.000  3084000.000  -3084000.000
  20012400  0.000  0.000  0.000  3093000.000  -3093000.000
  20016000  0.000  0.000  0.000  3101000.000  -3101000.000
  20019600  0.000  0.000  0.000  3432000.000  -3432000.000
  20023200  0.000  0.000  0.000  3473000.000  -3473000.000
  20026800  0.000  0.000  0.000  3435000.000  -3435000.000
  20030400  0.000  0.000  0.000  3511000.000  -3511000.000
  20034000  0.000  0.000  0.000  3246000.000  -3246000.000
  20037600  0.000  0.000  0.000  3229000.000  -3229000.000
  20041200  0.000  0.000  0.000  3223000.000  -3223000.000
  20044800  0.000  0.000  0.000  3240000.000  -3240000.000
  20048400  0.000  0.000  0.000  3240000.000  -3240000.000
  20052000  3260000.000  0.000  0.000  0.000  -3260000.000
  20055600  0.000  0.000  0.000  3272000.000  -3272000.000
  20059200  0.000  0.000  0.000  3677000.000  -3677000.000
  20062800  0.000  0.000  0.000  3920000.000  -3920000.000
  20066400  0.000  0.000  0.000  3868000.000  -3868000.000
  20070000  0.000  0.000  0.000  3667000.000  -3667000.000
  20073600  0.000  0.000  0.000  3293000.000  -3293000.000
  20077200  0.000  0.000  0.000  3238000.000  -3238000.000
  20080800  0.000  0.000  0.000  3195000.000  -3195000.000
  20084400  0.000  0.000  0.000  3131000.000  -3131000.000
  20088000  0.000  0.000  0.000  2721000.000  -2721000.000
  20091600  0.000  0.000  0.000  2531000.000  -2531000.000
  20095200  0.000  0.000  0.000  2542000.000  -2542000.000
  20098800  0.000  0.000  0.000  3012000.000  -3012000.000
  20102400  0.000  0.000  0.000  3106000.000  -3106000.000
  20106000  0.000  0.000  0.000  3123000.000  -3123000.000
  20109600  0.000  0.000  0.000  3364000.000  -3364000.000
  20113200  0.000  0.000  0.000  3444000.000  -3444000.000
  20116800  0.000  0.000  0.000  3438000.000  -3438000.000
  20120400  0.000  0.000  0.000  3386000.000  -3386000.000
  20124000  0.000  0.000  0.000  3423000.000  -3423000.000
  20127600  0.000  0.000  0.000  3386000.000  -3386000.000
  20131200  3136000.000  0.000  0.000  0.000  -3136000.000
  20134800  10649000.000  0.000  7538000.000  0.000  -3111000.000
  20138400  10649000.000  0.000  7561000.000  0.000  -3088000.000
  20142000  10649000.000  0.000  7547000.000  0.000  -3102000.000
  20145600  10649000.000  0.000  7089000.000  0.000  -3560000.000
  20149200  0.000  0.000  0.000  3671000.000  -3671000.000
  20152800  0.000  0.000  0.000  3631000.000  -3631000.000
  20156400  0.000  0.000  0.000  3605000.000  -3605000.000
  20160000  0.000  0.000  0.000  3190000.000  -3190000.000
  20163600  0.000  0.000  0.000  3077000.000  -3077000.000
  20167200  0.000  0.000  0.000  3046000.000  -3046000.000
  20170800  0.000  0.000  0.000  2609000.000  -2609000.000
  20174400  10262000.000  0.000  7799000.000  0.000  -2463000.000
  20178000  2465000.000  0.000  0.000  0.000  -2465000.000
  20181600  10276000.000  0.000  7799000.000  0.000  -2477000.000
  20185200  1887547.700  0.000  0.000  585452.260  -2473000.000
  20188800  0.000  0.000  0.000  2889000.000  -2889000.000
  20192400  0.000  0.000  0.000  3123000.000  -3123000.000
  20196000  0.000  0.000  0.000  3113000.000  -3113000.000
  20199600  0.000  0.000  0.000  3135000.000  -3135000.000
  20203200  0.000  0.000  0.000  3110000.000  -3110000.000
  20206800  0.000  0.000  0.000  3099000.000  -3099000.000
  20210400  0.000  0.000  0.000  3125000.000  -3125000.000
  20214000  10649000.000  0.000  7586000.000  0.000  -3063000.000
  20217600  10303000.000  0.000  7799000.000  0.000  -2504000.000
  20221200  10301000.000  0.000  7799000.000  0.000  -2502000.000
  20224800  10308000.000  0.000  7799000.000  0.000  -2509000.000
  20228400  10649000.000  0.000  7464000.000  0.000  -3185000.000
  20232000  0.000  0.000  0.000  3314000.000  -3314000.000
  20235600  0.000  0.000  0.000  3360000.000  -3360000.000
  20239200  0.000  0.000  0.000  3278000.000  -3278000.000
  20242800  0.000  0.000  0.000  3273000.000  -3273000.000
  20246400  0.000  0.000  0.000  3088000.000  -3088000.000
  20250000  0.000  0.000  0.000  3106000.000  -3106000.000
  20253600  0.000  0.000  0.000  2769000.000  -2769000.000
  20257200  0.000  0.000  0.000  2968000.000  -2968000.000
  20260800  6833490.800  0.000  3693490.800  0.000  -3140000.000
  20264400  10410000.000  0.000  7799000.000  0.000  -2611000.000
  20268000  2490000.000  0.000  0.000  0.000  -2490000.000
  20271600  0.000  0.000  0.000  2485000.000  -2485000.000
  20275200  0.000  0.000  0.000  2886000.000  -2886000.000
  20278800  0.000  0.000  0.000  3091000.000  -3091000.000
  20282400  0.000  0.000  0.000  3092000.000  -3092000.000
  20286000  0.000  0.000  0.000  2702000.000  -2702000.000
  20289600  0.000  0.000  0.000  2520000.000  -2520000.000
  20293200  0.000  0.000  0.000  2509000.000  -2509000.000
  20296800  0.000  0.000  0.000  2515000.000  -2515000.000
  20300400  0.000  0.000  0.000  2518000.000  -2518000.000
  20304000  2499000.000  0.000  0.000  0.000  -2499000.000
  20307600  2501000.000  0.000  0.000  0.000  -2501000.000
  20311200  2506000.000  0.000  0.000  0.000  -2506000.000
  20314800  10649000.000  0.000  7654000.000  0.000  -2995000.000
  20318400  10649000.000  0.000  7497000.000  0.000  -3152000.000
  20322000  0.000  0.000  0.000  3140000.000  -3140000.000
  20325600  0.000  0.000  0.000  3130000.000  -3130000.000
  20329200  0.000  0.000  0.000  3121000.000  -3121000.000
  20332800  0.000  0.000  0.000  3100000.000  -3100000.000
  20336400  10295000.000  0.000  7799000.000  0.000  -2496000.000
  20340000  10298000.000  0.000  7799000.000  0.000  -2499000.000
  20343600  10297000.000  0.000  7799000.000  0.000  -2498000.000
  20347200  10273000.000  0.000  7799000.000  0.000  -2474000.000
  20350800  10248000.000  0.000  7799000.000  0.000  -2449000.000
  20354400  10252000.000  0.000  7799000.000  0.000  -2453000.000
  20358000  10256000.000  0.000  7799000.000  0.000  -2457000.000
  20361600  0.000  0.000  0.000  2467000.000  -2467000.000
  20365200  0.000  0.000  0.000  2454000.000  -2454000.000
  20368800  0.000  0.000  0.000  2491000.000  -2491000.000
  20372400  0.000  0.000  0.000  2495000.000  -2495000.000
  20376000  0.000  0.000  0.000  2488000.000  -2488000.000
  20379600  0.000  0.000  0.000  2474000.000  -2474000.000
  20383200  2466000.000  0.000  0.000  0.000  -2466000.000
  20386800  10223000.000  0.000  7799000.000  0.000  -2424000.000
  20390400  10246000.000  0.000  7799000.000  0.000  -2447000.000
  20394000  10253000.000  0.000  7799000.000  0.000  -2454000.000
  20397600  10274000.000  0.000  7799000.000  0.000  -2475000.000
  20401200  10649000.000  0.000  7628000.000  0.000  -3021000.000
  20404800  10649000.000  0.000  7525000.000  0.000  -3124000.000
  20408400  10649000.000  0.000  7539000.000  0.000  -3110000.000
  20412000  10529000.000  0.000  7799000.000  0.000  -2730000.000
  20415600  10358000.000  0.000  7799000.000  0.000  -2559000.000
  20419200  10365000.000  0.000  7799000.000  0.000  -2566000.000
  20422800  10321000.000  0.000  7799000.000  0.000  -2522000.000
  20426400  10346000.000  0.000  7799000.000  0.000  -2547000.000
  20430000  10345000.000  0.000  7799000.000  0.000  -2546000.000
  20433600  10345000.000  0.000  7799000.000  0.000  -2546000.000
  20437200  10289000.000  0.000  7799000.000  0.000  -2490000.000
  20440800  10271000.000  0.000  7799000.000  0.000  -2472000.000
  20444400  10285000.000  0.000  7799000.000  0.000  -2486000.000
  20448000  10293000.000  0.000  7799000.000  0.000  -2494000.000
  20451600  0.000  0.000  0.000  2508000.000  -2508000.000
  20455200  0.000  0.000  0.000  2500000.000  -2500000.000
  20458800  0.000  0.000  0.000  2510000.000  -2510000.000
  20462400  0.000  0.000  0.000  2512000.000  -2512000.000
  20466000  0.000  0.000  0.000  2504000.000  -2504000.000
  20469600  0.000  0.000  0.000  2501000.000  -2501000.000
  20473200  0.000  0.000  0.000  2495000.000  -2495000.000
  20476800  2482000.000  0.000  0.000  0.000  -2482000.000
  20480400  10294000.000  0.000  7799000.000  0.000  -2495000.000
  20484000  10293000.000  0.000  7799000.000  0.000  -2494000.000
  20487600  9361482.600  0.000  6857482.600  0.000  -2504000.000
  20491200  0.000  0.000  0.000  2535000.000  -2535000.000
  20494800  0.000  0.000  0.000  2516000.000  -2516000.000
  20498400  0.000  0.000  0.000  2454000.000  -2454000.000
  20502000  0.000  0.000  0.000  2448000.000  -2448000.000
  20505600  0.000  0.000  0.000  2496000.000  -2496000.000
  20509200  0.000  0.000  0.000  2478000.000  -2478000.000
  20512800  0.000  0.000  0.000  2482000.000  -2482000.000
  20516400  0.000  0.000  0.000  2471000.000  -2471000.000
  20520000  0.000  0.000  0.000  2529000.000  -2529000.000
  20523600  0.000  0.000  0.000  2444000.000  -2444000.000
  20527200  0.000  0.000  0.000  2465000.000  -2465000.000
  20530800  0.000  0.000  0.000  2467000.000  -2467000.000
  20534400  0.000  0.000  0.000  2482000.000  -2482000.000
  20538000  0.000  0.000  0.000  2493000.000  -2493000.000
  20541600  0.000  0.000  0.000  2512000.000  -2512000.000
  20545200  0.000  0.000  0.000  2491000.000  -2491000.000
  20548800  0.000  0.000  0.000  2447000.000  -2447000.000
  20552400  0.000  0.000  0.000  2443000.000  -2443000.000
  20556000  0.000  0.000  0.000  2455000.000  -2455000.000
  20559600  0.000  0.000  0.000  2475000.000  -2475000.000
  20563200  0.000  0.000  0.000  2495000.000  -2495000.000
  20566800  0.000  0.000  0.000  2489000.000  -2489000.000
  20570400  0.000  0.000  0.000  2501000.000  -2501000.000
  20574000  0.000  0.000  0.000  2518000.000  -2518000.000
  20577600  0.000  0.000  0.000  2555000.000  -2555000.000
  20581200  0.000  0.000  0.000  2553000.000  -2553000.000
  20584800  0.000  0.000  0.000  2508000.000  -2508000.000
  20588400  0.000  0.000  0.000  2498000.000  -2498000.000
  20592000  0.000  0.000  0.000  2172000.000  -2172000.000
  20595600  0.000  0.000  0.000  1876000.000  -1876000.000
  20599200  0.000  0.000  0.000  1842000.000  -1842000.000
  20602800  0.000  0.000  0.000  1841000.000  -1841000.000
  20606400  0.000  0.000  0.000  2051000.000  -2051000.000
  20610000  0.000  0.000  0.000  2428000.000  -2428000.000
  20613600  0.000  0.000  0.000  2474000.000  -2474000.000
  20617200  0.000  0.000  0.000  2494000.000  -2494000.000
  20620800  0.000  0.000  0.000  2488000.000  -2488000.000
  20624400  0.000  0.000  0.000  2498000.000  -2498000.000
  20628000  0.000  0.000  0.000  2508000.000  -2508000.000
  20631600  0.000  0.000  0.000  2490000.000  -2490000.000
  20635200  0.000  0.000  0.000  2484000.000  -2484000.000
  20638800  0.000  0.000  0.000  2425000.000  -2425000.000
  20642400  0.000  0.000  0.000  2433000.000  -2433000.000
  20646000  0.000  0.000  0.000  2379000.000  -2379000.000
  20649600  0.000  0.000  0.000  2342000.000  -2342000.000
  20653200  2372000.000  0.000  0.000  0.000  -2372000.000
  20656800  2434000.000  0.000  0.000  0.000  -2434000.000
  20660400  0.000  0.000  0.000  2500000.000  -2500000.000
  20664000  0.000  0.000  0.000  2527000.000  -2527000.000
  20667600  0.000  0.000  0.000  2550000.000  -2550000.000
  20671200  0.000  0.000  0.000  2494000.000  -2494000.000
  20674800  0.000  0.000  0.000  2427000.000  -2427000.000
  20678400  0.000  0.000  0.000  1841000.000  -1841000.000
  20682000  0.000  0.000  0.000  1825000.000  -1825000.000
  20685600  0.000  0.000  0.000  1831000.000  -1831000.000
  20689200  0.000  0.000  0.000  1895000.000  -1895000.000
  20692800  0.000  0.000  0.000  2091000.000  -2091000.000
  20696400  0.000  0.000  0.000  2706000.000  -2706000.000
  20700000  0.000  0.000  0.000  2389000.000  -2389000.000
  20703600  0.000  0.000  0.000  2384000.000  -2384000.000
  20707200  0.000  0.000  0.000  2478000.000  -2478000.000
  20710800  0.000  0.000  0.000  2453000.000  -2453000.000
  20714400  0.000  0.000  0.000  2467000.000  -2467000.000
  20718000  0.000  0.000  0.000  2483000.000  -2483000.000
  20721600  0.000  0.000  0.000  2473000.000  -2473000.000
  20725200  0.000  0.000  0.000  2460000.000  -2460000.000
  20728800  0.000  0.000  0.000  2384000.000  -2384000.000
  20732400  0.000  0.000  0.000  1865000.000  -1865000.000
  20736000  1894000.000  0.000  0.000  0.000  -1894000.000
  20739600  9697000.000  0.000  7799000.000  0.000  -1898000.000
  20743200  9709000.000  0.000  7799000.000  0.000  -1910000.000
  20746800  10173000.000  0.000  7799000.000  0.000  -2374000.000
  20750400  10276000.000  0.000  7799000.000  0.000  -2477000.000
  20754000  0.000  0.000  0.000  2510000.000  -2510000.000
  20757600  0.000  0.000  0.000  2492000.000  -2492000.000
  20761200  0.000  0.000  0.000  2553000.000  -2553000.000
  20764800  0.000  0.000  0.000  2553000.000  -2553000.000
  20768400  0.000  0.000  0.000  2534000.000  -2534000.000
  20772000  0.000  0.000  0.000  2540000.000  -2540000.000
  20775600  0.000  0.000  0.000  2238000.000  -2238000.000
  20779200  0.000  0.000  0.000  3110000.000  -3110000.000
  20782800  0.000  0.000  0.000  2827000.000  -2827000.000
  20786400  0.000  0.000  0.000  2824000.000  -2824000.000
  20790000  0.000  0.000  0.000  2813000.000  -2813000.000
  20793600  0.000  0.000  0.000  2884000.000  -2884000.000
  20797200  0.000  0.000  0.000  2894000.000  -2894000.000
  20800800  0.000  0.000  0.000  2820000.000  -2820000.000
  20804400  0.000  0.000  0.000  2846000.000  -2846000.000
  20808000  0.000  0.000  0.000  2879000.000  -2879000.000
  20811600  0.000  0.000  0.000  2873000.000  -2873000.000
  20815200  0.000  0.000  0.000  2839000.000  -2839000.000
  20818800  2798000.000  0.000  0.000  0.000  -2798000.000
  20822400  10627000.000  0.000  7799000.000  0.000  -2828000.000
  20826000  10642000.000  0.000  7799000.000  0.000  -2843000.000
  20829600  10607000.000  0.000  7799000.000  0.000  -2808000.000
  20833200  10032000.000  0.000  7799000.000  0.000  -2233000.000
  20836800  0.000  0.000  0.000  2352000.000  -2352000.000
  20840400  0.000  0.000  0.000  2862000.000  -2862000.000
  20844000  0.000  0.000  0.000  2838000.000  -2838000.000
  20847600  0.000  0.000  0.000  2778000.000  -2778000.000
  20851200  0.000  0.000  0.000  2749000.000  -2749000.000
  20854800  0.000  0.000  0.000  2736000.000  -2736000.000
  20858400  0.000  0.000  0.000  2746000.000  -2746000.000
  20862000  2749000.000  0.000  0.000  0.000  -2749000.000
  20865600  7957660.100  0.000  5219660.100  0.000  -2738000.000
  20869200  10540000.000  0.000  7799000.000  0.000  -2741000.000
  20872800  2742000.000  0.000  0.000  0.000  -2742000.000
  20876400  0.000  0.000  0.000  2750000.000  -2750000.000
  20880000  0.000  0.000  0.000  2764000.000  -2764000.000
  20883600  0.000  0.000  0.000  2759000.000  -2759000.000
  20887200  0.000  0.000  0.000  2766000.000  -2766000.000
  20890800  0.000  0.000  0.000  2768000.000  -2768000.000
  20894400  0.000  0.000  0.000  2771000.000  -2771000.000
  20898000  0.000  0.000  0.000  2770000.000  -2770000.000
  20901600  0.000  0.000  0.000  2714000.000  -2714000.000
  20905200  0.000  0.000  0.000  2694000.000  -2694000.000
  20908800  2675000.000  0.000  0.000  0.000  -2675000.000
  20912400  4261925.300  0.000  1527925.300  0.000  -2734000.000
  20916000  2776000.000  0.000  0.000  0.000  -2776000.000
  20919600  10576000.000  0.000  7799000.000  0.000  -2777000.000
  20923200  2788000.000  0.000  0.000  0.000  -2788000.000
  20926800  2730000.000  0.000  0.000  0.000  -2730000.000
  20930400  0.000  0.000  0.000  2725000.000  -2725000.000
  20934000  0.000  0.000  0.000  3208000.000  -3208000.000
  20937600  0.000  0.000  0.000  3353000.000  -3353000.000
  20941200  3339000.000  0.000  0.000  0.000  -3339000.000
  20944800  2999000.000  0.000  0.000  0.000  -2999000.000
  20948400  2713000.000  0.000  0.000  0.000  -2713000.000
  20952000  9418641.700  0.000  6678641.700  0.000  -2740000.000
  20955600  10513000.000  0.000  7799000.000  0.000  -2714000.000
  20959200  10518000.000  0.000  7799000.000  0.000  -2719000.000
  20962800  0.000  0.000  0.000  2700000.000  -2700000.000
  20966400  0.000  0.000  0.000  2729000.000  -2729000.000
  20970000  0.000  0.000  0.000  2766000.000  -2766000.000
  20973600  0.000  0.000  0.000  2787000.000  -2787000.000
  20977200  0.000  0.000  0.000  2810000.000  -2810000.000
  20980800  0.000  0.000  0.000  2797000.000  -2797000.000
  20984400  0.000  0.000  0.000  2807000.000  -2807000.000
  20988000  0.000  0.000  0.000  2759000.000  -2759000.000
  20991600  10605000.000  0.000  7799000.000  0.000  -2806000.000
  20995200  10314000.000  0.000  7799000.000  0.000  -2515000.000
  20998800  9958000.000  0.000  7799000.000  0.000  -2159000.000
  21002400  9941000.000  0.000  7799000.000  0.000  -2142000.000
  21006000  9943000.000  0.000  7799000.000  0.000  -2144000.000
  21009600  10500000.000  0.000  7799000.000  0.000  -2701000.000
  21013200  10574000.000  0.000  7799000.000  0.000  -2775000.000
  21016800  10560000.000  0.000  7799000.000  0.000  -2761000.000
  21020400  10528000.000  0.000  7799000.000  0.000  -2729000.000
  21024000  0.000  0.000  0.000  2720000.000  -2720000.000
  21027600  0.000  0.000  0.000  2782000.000  -2782000.000
  21031200  0.000  0.000  0.000  2713000.000  -2713000.000
  21034800  0.000  0.000  0.000  2704000.000  -2704000.000
  21038400  0.000  0.000  0.000  2693000.000  -2693000.000
  21042000  2703000.000  0.000  0.000  0.000  -2703000.000
  21045600  6850371.600  0.000  4133371.600  0.000  -2717000.000
  21049200  10649000.000  0.000  7466000.000  0.000  -3183000.000
  21052800  0.000  0.000  0.000  3380000.000  -3380000.000
  21056400  0.000  0.000  0.000  3354000.000  -3354000.000
  21060000  0.000  0.000  0.000  3416000.000  -3416000.000
  21063600  0.000  0.000  0.000  3433000.000  -3433000.000
  21067200  0.000  0.000  0.000  3433000.000  -3433000.000
  21070800  0.000  0.000  0.000  3429000.000  -3429000.000
  21074400  0.000  0.000  0.000  2814000.000  -2814000.000
  21078000  0.000  0.000  0.000  2724000.000  -2724000.000
  21081600  10535000.000  0.000  7799000.000  0.000  -2736000.000
  21085200  10548000.000  0.000  7799000.000  0.000  -2749000.000
  21088800  10649000.000  0.000  7285000.000  0.000  -3364000.000
  21092400  10649000.000  0.000  7279000.000  0.000  -3370000.000
  21096000  10649000.000  0.000  7141000.000  0.000  -3508000.000
  21099600  0.000  0.000  0.000  3972000.000  -3972000.000
  21103200  0.000  0.000  0.000  3974000.000  -3974000.000
  21106800  0.000  0.000  0.000  3626000.000  -3626000.000
  21110400  0.000  0.000  0.000  3484000.000  -3484000.000
  21114000  0.000  0.000  0.000  3060000.000  -3060000.000
  21117600  0.000  0.000  0.000  3108000.000  -3108000.000
  21121200  0.000  0.000  0.000  3047000.000  -3047000.000
  21124800  0.000  0.000  0.000  3039000.000  -3039000.000
  21128400  0.000  0.000  0.000  2840000.000  -2840000.000
  21132000  0.000  0.000  0.000  2462000.000  -2462000.000
  21135600  0.000  0.000  0.000  2514000.000  -2514000.000
  21139200  0.000  0.000  0.000  2451000.000  -2451000.000
  21142800  0.000  0.000  0.000  2667000.000  -2667000.000
  21146400  0.000  0.000  0.000  2846000.000  -2846000.000
  21150000  0.000  0.000  0.000  2856000.000  -2856000.000
  21153600  0.000  0.000  0.000  2827000.000  -2827000.000
  21157200  0.000  0.000  0.000  3044000.000  -3044000.000
  21160800  0.000  0.000  0.000  3029000.000  -3029000.000
  21164400  0.000  0.000  0.000  3005000.000  -3005000.000
  21168000  10649000.000  0.000  7629000.000  0.000  -3020000.000
  21171600  10649000.000  0.000  7788000.000  0.000  -2861000.000
  21175200  10308000.000  0.000  7799000.000  0.000  -2509000.000
  21178800  10301000.000  0.000  7799000.000  0.000  -2502000.000
  21182400  10649000.000  0.000  7432000.000  0.000  -3217000.000
  21186000  0.000  0.000  0.000  3593000.000  -3593000.000
  21189600  0.000  0.000  0.000  3598000.000  -3598000.000
  21193200  0.000  0.000  0.000  3568000.000  -3568000.000
  21196800  0.000  0.000  0.000  3756000.000  -3756000.000
  21200400  0.000  0.000  0.000  3238000.000  -3238000.000
  21204000  0.000  0.000  0.000  3088000.000  -3088000.000
  21207600  2707000.000  0.000  0.000  0.000  -2707000.000
  21211200  0.000  0.000  0.000  2768000.000  -2768000.000
  21214800  0.000  0.000  0.000  3077000.000  -3077000.000
  21218400  0.000  0.000  0.000  2618000.000  -2618000.000
  21222000  0.000  0.000  0.000  2443000.000  -2443000.000
  21225600  0.000  0.000  0.000  2490000.000  -2490000.000
  21229200  0.000  0.000  0.000  3148000.000  -3148000.000
  21232800  0.000  0.000  0.000  3516000.000  -3516000.000
  21236400  0.000  0.000  0.000  3522000.000  -3522000.000
  21240000  0.000  0.000  0.000  3314000.000  -3314000.000
  21243600  0.000  0.000  0.000  3093000.000  -3093000.000
  21247200  0.000  0.000  0.000  3081000.000  -3081000.000
  21250800  0.000  0.000  0.000  3021000.000  -3021000.000
  21254400  2602000.000  0.000  0.000  0.000  -2602000.000
  21258000  10234000.000  0.000  7799000.000  0.000  -2435000.000
  21261600  10236000.000  0.000  7799000.000  0.000  -2437000.000
  21265200  10297000.000  0.000  7799000.000  0.000  -2498000.000
  21268800  9782696.300  0.000  6883696.300  0.000  -2899000.000
  21272400  0.000  0.000  0.000  3086000.000  -3086000.000
  21276000  0.000  0.000  0.000  3458000.000  -3458000.000
  21279600  0.000  0.000  0.000  3590000.000  -3590000.000
  21283200  0.000  0.000  0.000  3509000.000  -3509000.000
  21286800  0.000  0.000  0.000  3215000.000  -3215000.000
  21290400  0.000  0.000  0.000  3019000.000  -3019000.000
  21294000  10649000.000  0.000  7663000.000  0.000  -2986000.000
  21297600  10649000.000  0.000  7666000.000  0.000  -2983000.000
  21301200  10649000.000  0.000  7656000.000  0.000  -2993000.000
  21304800  10649000.000  0.000  7665000.000  0.000  -2984000.000
  21308400  10649000.000  0.000  7621000.000  0.000  -3028000.000
  21312000  0.000  0.000  0.000  3046000.000  -3046000.000
  21315600  0.000  0.000  0.000  3310000.000  -3310000.000
  21319200  0.000  0.000  0.000  3396000.000  -3396000.000
  21322800  0.000  0.000  0.000  3364000.000  -3364000.000
  21326400  0.000  0.000  0.000  3415000.000  -3415000.000
  21330000  0.000  0.000  0.000  3377000.000  -3377000.000
  21333600  3359000.000  0.000  0.000  0.000  -3359000.000
  21337200  10649000.000  0.000  7308000.000  0.000  -3341000.000
  21340800  10649000.000  0.000  7491000.000  0.000  -3158000.000
  21344400  10649000.000  0.000  7601000.000  0.000  -3048000.000
  21348000  10649000.000  0.000  7581000.000  0.000  -3068000.000
  21351600  10649000.000  0.000  7608000.000  0.000  -3041000.000
  21355200  10649000.000  0.000  7171000.000  0.000  -3478000.000
  21358800  0.000  0.000  0.000  3906000.000  -3906000.000
  21362400  0.000  0.000  0.000  3837000.000  -3837000.000
  21366000  0.000  0.000  0.000  3852000.000  -3852000.000
  21369600  0.000  0.000  0.000  3828000.000  -3828000.000
  21373200  0.000  0.000  0.000  3834000.000  -3834000.000
  21376800  10649000.000  0.000  6860000.000  0.000  -3789000.000
  21380400  10649000.000  0.000  7015000.000  0.000  -3634000.000
  21384000  10649000.000  0.000  7182000.000  0.000  -3467000.000
  21387600  10649000.000  0.000  7151000.000  0.000  -3498000.000
  21391200  10649000.000  0.000  7225000.000  0.000  -3424000.000
  21394800  10649000.000  0.000  7185000.000  0.000  -3464000.000
  21398400  0.000  0.000  0.000  3463000.000  -3463000.000
  21402000  0.000  0.000  0.000  3589000.000  -3589000.000
  21405600  0.000  0.000  0.000  4183000.000  -4183000.000
  21409200  0.000  0.000  0.000  4324000.000  -4324000.000
  21412800  0.000  0.000  0.000  4220000.000  -4220000.000
  21416400  0.000  0.000  0.000  4270000.000  -4270000.000
  21420000  4040000.000  0.000  0.000  0.000  -4040000.000
  21423600  10649000.000  0.000  6794000.000  0.000  -3855000.000
  21427200  10649000.000  0.000  7021000.000  0.000  -3628000.000
  21430800  10649000.000  0.000  7177000.000  0.000  -3472000.000
  21434400  10649000.000  0.000  7290000.000  0.000  -3359000.000
  21438000  10649000.000  0.000  6989000.000  0.000  -3660000.000
  21441600  10649000.000  0.000  6504000.000  0.000  -4145000.000
  21445200  0.000  0.000  0.000  4349000.000  -4349000.000
  21448800  0.000  0.000  0.000  4271000.000  -4271000.000
  21452400  0.000  0.000  0.000  4271000.000  -4271000.000
  21456000  0.000  0.000  0.000  4264000.000  -4264000.000
  21459600  0.000  0.000  0.000  4245000.000  -4245000.000
  21463200  0.000  0.000  0.000  4267000.000  -4267000.000
  21466800  10649000.000  0.000  6410000.000  0.000  -4239000.000
  21470400  10649000.000  0.000  6400000.000  0.000  -4249000.000
  21474000  10649000.000  0.000  6572000.000  0.000  -4077000.000
  21477600  10649000.000  0.000  6738000.000  0.000  -3911000.000
  21481200  10649000.000  0.000  6678000.000  0.000  -3971000.000
  21484800  0.000  0.000  0.000  4223000.000  -4223000.000
  21488400  0.000  0.000  0.000  4701000.000  -4701000.000
  21492000  0.000  0.000  0.000  5007000.000  -5007000.000
  21495600  0.000  0.000  0.000  4949000.000  -4949000.000
  21499200  0.000  0.000  0.000  5185000.000  -5185000.000
  21502800  0.000  0.000  0.000  4402000.000  -4402000.000
  21506400  0.000  0.000  0.000  3843000.000  -3843000.000
  21510000  3848000.000  0.000  0.000  0.000  -3848000.000
  21513600  10649000.000  0.000  6767000.000  0.000  -3882000.000
  21517200  10649000.000  0.000  6746000.000  0.000  -3903000.000
  21520800  10649000.000  0.000  6742000.000  0.000  -3907000.000
  21524400  10649000.000  0.000  6724000.000  0.000  -3925000.000
  21528000  10649000.000  0.000  6441000.000  0.000  -4208000.000
  21531600  4383000.000  0.000  0.000  0.000  -4383000.000
  21535200  0.000  0.000  0.000  4356000.000  -4356000.000
  21538800  0.000  0.000  0.000  4317000.000  -4317000.000
  21542400  0.000  0.000  0.000  4305000.000  -4305000.000
  21546000  0.000  0.000  0.000  4297000.000  -4297000.000
  21549600  0.000  0.000  0.000  4265000.000  -4265000.000
  21553200  0.000  0.000  0.000  4121000.000  -4121000.000
  21556800  0.000  0.000  0.000  3937000.000  -3937000.000
  21560400  0.000  0.000  0.000  3554000.000  -3554000.000
  21564000  0.000  0.000  0.000  3734000.000  -3734000.000
  21567600  0.000  0.000  0.000  3492000.000  -3492000.000
  21571200  0.000  0.000  0.000  3491000.000  -3491000.000
  21574800  0.000  0.000  0.000  3489000.000  -3489000.000
  21578400  0.000  0.000  0.000  3528000.000  -3528000.000
  21582000  0.000  0.000  0.000  3707000.000  -3707000.000
  21585600  0.000  0.000  0.000  3844000.000  -3844000.000
  21589200  0.000  0.000  0.000  3812000.000  -3812000.000
  21592800  0.000  0.000  0.000  3778000.000  -3778000.000
  21596400  0.000  0.000  0.000  3756000.000  -3756000.000
  21600000  10649000.000  0.000  6881000.000  0.000  -3768000.000
  21603600  10649000.000  0.000  6809000.000  0.000  -3840000.000
  21607200  10649000.000  0.000  6702000.000  0.000  -3947000.000
  21610800  10649000.000  0.000  6437000.000  0.000  -4212000.000
  21614400  10649000.000  0.000  6186000.000  0.000  -4463000.000
  21618000  10649000.000  0.000  5877000.000  0.000  -4772000.000
  21621600  5286000.000  0.000  0.000  0.000  -5286000.000
  21625200  0.000  0.000  0.000  5022000.000  -5022000.000
  21628800  0.000  0.000  0.000  4355000.000  -4355000.000
  21632400  0.000  0.000  0.000  4047000.000  -4047000.000
  21636000  0.000  0.000  0.000  3607000.000  -3607000.000
  21639600  0.000  0.000  0.000  3543000.000  -3543000.000
  21643200  10649000.000  0.000  7137000.000  0.000  -3512000.000
  21646800  10649000.000  0.000  7114000.000  0.000  -3535000.000
  21650400  10649000.000  0.000  7183000.000  0.000  -3466000.000
  21654000  0.000  0.000  0.000  3476000.000  -3476000.000
  21657600  0.000  0.000  0.000  3476000.000  -3476000.000
  21661200  0.000  0.000  0.000  3547000.000  -3547000.000
  21664800  0.000  0.000  0.000  3902000.000  -3902000.000
  21668400  0.000  0.000  0.000  4138000.000  -4138000.000
  21672000  0.000  0.000  0.000  4268000.000  -4268000.000
  21675600  0.000  0.000  0.000  4250000.000  -4250000.000
  21679200  0.000  0.000  0.000  4190000.000  -4190000.000
  21682800  0.000  0.000  0.000  4084000.000  -4084000.000
  21686400  3941000.000  0.000  0.000  0.000  -3941000.000
  21690000  10649000.000  0.000  6861000.000  0.000  -3788000.000
  21693600  10649000.000  0.000  6853000.000  0.000  -3796000.000
  21697200  10649000.000  0.000  6828000.000  0.000  -3821000.000
  21700800  4174000.000  0.000  0.000  0.000  -4174000.000
  21704400  0.000  0.000  0.000  4341000.000  -4341000.000
  21708000  0.000  0.000  0.000  4582000.000  -4582000.000
  21711600  0.000  0.000  0.000  4832000.000  -4832000.000
  21715200  0.000  0.000  0.000  4676000.000  -4676000.000
  21718800  0.000  0.000  0.000  4253000.000  -4253000.000
  21722400  0.000  0.000  0.000  3822000.000  -3822000.000
  21726000  0.000  0.000  0.000  3395000.000  -3395000.000
  21729600  0.000  0.000  0.000  3413000.000  -3413000.000
  21733200  0.000  0.000  0.000  3412000.000  -3412000.000
  21736800  0.000  0.000  0.000  3423000.000  -3423000.000
  21740400  0.000  0.000  0.000  3555000.000  -3555000.000
  21744000  0.000  0.000  0.000  3985000.000  -3985000.000
  21747600  0.000  0.000  0.000  4354000.000  -4354000.000
  21751200  0.000  0.000  0.000  4333000.000  -4333000.000
  21754800  0.000  0.000  0.000  4336000.000  -4336000.000
  21758400  0.000  0.000  0.000  4301000.000  -4301000.000
  21762000  0.000  0.000  0.000  3724000.000  -3724000.000
  21765600  3546000.000  0.000  0.000  0.000  -3546000.000
  21769200  3554000.000  0.000  0.000  0.000  -3554000.000
  21772800  3532000.000  0.000  0.000  0.000  -3532000.000
  21776400  10649000.000  0.000  7076000.000  0.000  -3573000.000
  21780000  10649000.000  0.000  7021000.000  0.000  -3628000.000
  21783600  10649000.000  0.000  6246000.000  0.000  -4403000.000
  21787200  10649000.000  0.000  5767000.000  0.000  -4882000.000
  21790800  0.000  0.000  0.000  4850000.000  -4850000.000
  21794400  0.000  0.000  0.000  4854000.000  -4854000.000
  21798000  0.000  0.000  0.000  4463000.000  -4463000.000
  21801600  0.000  0.000  0.000  4320000.000  -4320000.000
  21805200  0.000  0.000  0.000  4320000.000  -4320000.000
  21808800  4317169.200  0.000  242169.200  0.000  -4075000.000
  21812400  10649000.000  0.000  7113000.000  0.000  -3536000.000
  21816000  10649000.000  0.000  6970000.000  0.000  -3679000.000
  21819600  10649000.000  0.000  6781000.000  0.000  -3868000.000
  21823200  10649000.000  0.000  6316000.000  0.000  -4333000.000
  21826800  0.000  0.000  0.000  4340000.000  -4340000.000
  21830400  0.000  0.000  0.000  4347000.000  -4347000.000
  21834000  0.000  0.000  0.000  4372000.000  -4372000.000
  21837600  0.000  0.000  0.000  4368000.000  -4368000.000
  21841200  0.000  0.000  0.000  4349000.000  -4349000.000
  21844800  0.000  0.000  0.000  4341000.000  -4341000.000
  21848400  0.000  0.000  0.000  4303000.000  -4303000.000
  21852000  3798000.000  0.000  0.000  0.000  -3798000.000
  21855600  10649000.000  0.000  7054000.000  0.000  -3595000.000
  21859200  10649000.000  0.000  7042000.000  0.000  -3607000.000
  21862800  10649000.000  0.000  7025000.000  0.000  -3624000.000
  21866400  10649000.000  0.000  6844000.000  0.000  -3805000.000
  21870000  10649000.000  0.000  6209000.000  0.000  -4440000.000
  21873600  10649000.000  0.000  5633000.000  0.000  -5016000.000
  21877200  0.000  0.000  0.000  5480000.000  -5480000.000
  21880800  0.000  0.000  0.000  5511000.000  -5511000.000
  21884400  0.000  0.000  0.000  4966000.000  -4966000.000
  21888000  0.000  0.000  0.000  4602000.000  -4602000.000
  21891600  0.000  0.000  0.000  4353000.000  -4353000.000
  21895200  0.000  0.000  0.000  4095000.000  -4095000.000
  21898800  10649000.000  0.000  6998000.000  0.000  -3651000.000
  21902400  10649000.000  0.000  6970000.000  0.000  -3679000.000
  21906000  10649000.000  0.000  6275000.000  0.000  -4374000.000
  21909600  10649000.000  0.000  6240000.000  0.000  -4409000.000
  21913200  10649000.000  0.000  6215000.000  0.000  -4434000.000
  21916800  2364606.500  0.000  0.000  2170393.500  -4535000.000
  21920400  0.000  0.000  0.000  5137000.000  -5137000.000
  21924000  0.000  0.000  0.000  5454000.000  -5454000.000
  21927600  0.000  0.000  0.000  4930000.000  -4930000.000
  21931200  0.000  0.000  0.000  4894000.000  -4894000.000
  21934800  4428000.000  0.000  0.000  0.000  -4428000.000
  21938400  10649000.000  0.000  6666000.000  0.000  -3983000.000
  21942000  10649000.000  0.000  7097000.000  0.000  -3552000.000
  21945600  10649000.000  0.000  7030000.000  0.000  -3619000.000
  21949200  10649000.000  0.000  7019000.000  0.000  -3630000.000
  21952800  10649000.000  0.000  6933000.000  0.000  -3716000.000
  21956400  10649000.000  0.000  6407000.000  0.000  -4242000.000
  21960000  10649000.000  0.000  5936000.000  0.000  -4713000.000
  21963600  0.000  0.000  0.000  5207000.000  -5207000.000
  21967200  0.000  0.000  0.000  5380000.000  -5380000.000
  21970800  0.000  0.000  0.000  5124000.000  -5124000.000
  21974400  0.000  0.000  0.000  4541000.000  -4541000.000
  21978000  0.000  0.000  0.000  3767000.000  -3767000.000
  21981600  0.000  0.000  0.000  3514000.000  -3514000.000
  21985200  0.000  0.000  0.000  3554000.000  -3554000.000
  21988800  0.000  0.000  0.000  3594000.000  -3594000.000
  21992400  10649000.000  0.000  6734000.000  0.000  -3915000.000
  21996000  10649000.000  0.000  6313000.000  0.000  -4336000.000
  21999600  10649000.000  0.000  6300000.000  0.000  -4349000.000
  22003200  0.000  0.000  0.000  4391000.000  -4391000.000
  22006800  0.000  0.000  0.000  4428000.000  -4428000.000
  22010400  0.000  0.000  0.000  3775000.000  -3775000.000
  22014000  0.000  0.000  0.000  3614000.000  -3614000.000
  22017600  0.000  0.000  0.000  3946000.000  -3946000.000
  22021200  0.000  0.000  0.000  3336000.000  -3336000.000
  22024800  10649000.000  0.000  7717000.000  0.000  -2932000.000
  22028400  10649000.000  0.000  7164000.000  0.000  -3485000.000
  22032000  10649000.000  0.000  7362000.000  0.000  -3287000.000
  22035600  10649000.000  0.000  7166000.000  0.000  -3483000.000
  22039200  10649000.000  0.000  7085000.000  0.000  -3564000.000
  22042800  10649000.000  0.000  7249000.000  0.000  -3400000.000
  22046400  10649000.000  0.000  7002000.000  0.000  -3647000.000
  22050000  0.000  0.000  0.000  4113000.000  -4113000.000
  22053600  0.000  0.000  0.000  4165000.000  -4165000.000
  22057200  0.000  0.000  0.000  4133000.000  -4133000.000
  22060800  0.000  0.000  0.000  3967000.000  -3967000.000
  22064400  0.000  0.000  0.000  3782000.000  -3782000.000
  22068000  0.000  0.000  0.000  4243000.000  -4243000.000
  22071600  0.000  0.000  0.000  3535000.000  -3535000.000
  22075200  0.000  0.000  0.000  4271000.000  -4271000.000
  22078800  0.000  0.000  0.000  4280000.000  -4280000.000
  22082400  0.000  0.000  0.000  4308000.000  -4308000.000
  22086000  0.000  0.000  0.000  4218000.000  -4218000.000
  22089600  0.000  0.000  0.000  4199000.000  -4199000.000
  22093200  0.000  0.000  0.000  3901000.000  -3901000.000
  22096800  0.000  0.000  0.000  3941000.000  -3941000.000
  22100400  0.000  0.000  0.000  4031000.000  -4031000.000
  22104000  0.000  0.000  0.000  3895000.000  -3895000.000
  22107600  0.000  0.000  0.000  4059000.000  -4059000.000
  22111200  0.000  0.000  0.000  4071000.000  -4071000.000
  22114800  0.000  0.000  0.000  4059000.000  -4059000.000
  22118400  4054000.000  0.000  0.000  0.000  -4054000.000
  22122000  4082000.000  0.000  0.000  0.000  -4082000.000
  22125600  10649000.000  0.000  6560000.000  0.000  -4089000.000
  22129200  10649000.000  0.000  6556000.000  0.000  -4093000.000
  22132800  10649000.000  0.000  6409000.000  0.000  -4240000.000
  22136400  3644036.700  0.000  0.000  993963.270  -4638000.000
  22140000  0.000  0.000  0.000  5069000.000  -5069000.000
  22143600  0.000  0.000  0.000  5189000.000  -5189000.000
  22147200  0.000  0.000  0.000  4430000.000  -4430000.000
  22150800  0.000  0.000  0.000  3760000.000  -3760000.000
  22154400  3401000.000  0.000  0.000  0.000  -3401000.000
  22158000  9031003.600  0.000  5603003.600  0.000  -3428000.000
  22161600  10649000.000  0.000  6608000.000  0.000  -4041000.000
  22165200  10649000.000  0.000  6617000.000  0.000  -4032000.000
  22168800  10649000.000  0.000  6595000.000  0.000  -4054000.000
  22172400  10649000.000  0.000  6609000.000  0.000  -4040000.000
  22176000  0.000  0.000  0.000  4065000.000  -4065000.000
  22179600  0.000  0.000  0.000  4005000.000  -4005000.000
  22183200  0.000  0.000  0.000  4186000.000  -4186000.000
  22186800  0.000  0.000  0.000  3266000.000  -3266000.000
  22190400  0.000  0.000  0.000  4048000.000  -4048000.000
  22194000  0.000  0.000  0.000  4197000.000  -4197000.000
  22197600  0.000  0.000  0.000  4074000.000  -4074000.000
  22201200  0.000  0.000  0.000  3985000.000  -3985000.000
  22204800  10649000.000  0.000  6904000.000  0.000  -3745000.000
  22208400  10649000.000  0.000  6949000.000  0.000  -3700000.000
  22212000  10649000.000  0.000  6965000.000  0.000  -3684000.000
  22215600  10649000.000  0.000  6590000.000  0.000  -4059000.000
  22219200  10649000.000  0.000  6343000.000  0.000  -4306000.000
  22222800  10649000.000  0.000  6350000.000  0.000  -4299000.000
  22226400  10649000.000  0.000  6343000.000  0.000  -4306000.000
  22230000  10649000.000  0.000  6770000.000  0.000  -3879000.000
  22233600  10649000.000  0.000  6789000.000  0.000  -3860000.000
  22237200  10649000.000  0.000  6661000.000  0.000  -3988000.000
  22240800  10649000.000  0.000  6813000.000  0.000  -3836000.000
  22244400  10649000.000  0.000  6500000.000  0.000  -4149000.000
  22248000  10649000.000  0.000  6098000.000  0.000  -4551000.000
  22251600  10649000.000  0.000  5974000.000  0.000  -4675000.000
  22255200  10649000.000  0.000  6318000.000  0.000  -4331000.000
  22258800  10649000.000  0.000  6264000.000  0.000  -4385000.000
  22262400  4446000.000  0.000  0.000  0.000  -4446000.000
  22266000  0.000  0.000  0.000  4451000.000  -4451000.000
  22269600  0.000  0.000  0.000  4450000.000  -4450000.000
  22273200  0.000  0.000  0.000  4437000.000  -4437000.000
  22276800  0.000  0.000  0.000  4408000.000  -4408000.000
  22280400  0.000  0.000  0.000  4402000.000  -4402000.000
  22284000  0.000  0.000  0.000  4382000.000  -4382000.000
  22287600  10649000.000  0.000  6250000.000  0.000  -4399000.000
  22291200  4392000.000  0.000  0.000  0.000  -4392000.000
  22294800  10649000.000  0.000  6239000.000  0.000  -4410000.000
  22298400  10649000.000  0.000  6073000.000  0.000  -4576000.000
  22302000  10649000.000  0.000  5922000.000  0.000  -4727000.000
  22305600  4782000.000  0.000  0.000  0.000  -4782000.000
  22309200  0.000  0.000  0.000  4810000.000  -4810000.000
  22312800  0.000  0.000  0.000  4760000.000  -4760000.000
  22316400  0.000  0.000  0.000  4816000.000  -4816000.000
  22320000  0.000  0.000  0.000  4763000.000  -4763000.000
  22323600  0.000  0.000  0.000  4563000.000  -4563000.000
  22327200  0.000  0.000  0.000  4417000.000  -4417000.000
  22330800  0.000  0.000  0.000  4357000.000  -4357000.000
  22334400  0.000  0.000  0.000  4362000.000  -4362000.000
  22338000  0.000  0.000  0.000  4349000.000  -4349000.000
  22341600  0.000  0.000  0.000  4351000.000  -4351000.000
  22345200  0.000  0.000  0.000  4372000.000  -4372000.000
  22348800  0.000  0.000  0.000  4391000.000  -4391000.000
  22352400  0.000  0.000  0.000  4389000.000  -4389000.000
  22356000  0.000  0.000  0.000  4467000.000  -4467000.000
  22359600  0.000  0.000  0.000  4894000.000  -4894000.000
  22363200  0.000  0.000  0.000  4892000.000  -4892000.000
  22366800  0.000  0.000  0.000  4714000.000  -4714000.000
  22370400  0.000  0.000  0.000  4613000.000  -4613000.000
  22374000  0.000  0.000  0.000  4560000.000  -4560000.000
  22377600  10649000.000  0.000  6844000.000  0.000  -3805000.000
  22381200  10649000.000  0.000  6834000.000  0.000  -3815000.000
  22384800  10649000.000  0.000  6835000.000  0.000  -3814000.000
  22388400  10649000.000  0.000  6318000.000  0.000  -4331000.000
  22392000  10649000.000  0.000  5495000.000  0.000  -5154000.000
  22395600  0.000  0.000  0.000  5659000.000  -5659000.000
  22399200  0.000  0.000  0.000  5740000.000  -5740000.000
  22402800  0.000  0.000  0.000  5439000.000  -5439000.000
  22406400  0.000  0.000  0.000  5039000.000  -5039000.000
  22410000  0.000  0.000  0.000  4896000.000  -4896000.000
  22413600  10649000.000  0.000  5581000.000  0.000  -5068000.000
  22417200  10649000.000  0.000  5606000.000  0.000  -5043000.000
  22420800  10649000.000  0.000  5696000.000  0.000  -4953000.000
  22424400  10649000.000  0.000  5619000.000  0.000  -5030000.000
  22428000  10649000.000  0.000  5656000.000  0.000  -4993000.000
  22431600  10649000.000  0.000  5619000.000  0.000  -5030000.000
  22435200  10649000.000  0.000  5571000.000  0.000  -5078000.000
  22438800  5897000.000  0.000  0.000  0.000  -5897000.000
  22442400  0.000  0.000  0.000  6334000.000  -6334000.000
  22446000  0.000  0.000  0.000  6289000.000  -6289000.000
  22449600  0.000  0.000  0.000  5883000.000  -5883000.000
  22453200  10649000.000  0.000  5600000.000  0.000  -5049000.000
  22456800  10649000.000  0.000  6048000.000  0.000  -4601000.000
  22460400  10649000.000  0.000  6509000.000  0.000  -4140000.000
  22464000  10649000.000  0.000  6603000.000  0.000  -4046000.000
  22467600  10649000.000  0.000  6248000.000  0.000  -4401000.000
  22471200  10649000.000  0.000  5758000.000  0.000  -4891000.000
  22474800  10649000.000  0.000  5703000.000  0.000  -4946000.000
  22478400  10649000.000  0.000  5216000.000  0.000  -5433000.000
  22482000  0.000  0.000  0.000  5833000.000  -5833000.000
  22485600  0.000  0.000  0.000  5870000.000  -5870000.000
  22489200  0.000  0.000  0.000  6347000.000  -6347000.000
  22492800  0.000  0.000  0.000  5991000.000  -5991000.000
  22496400  10649000.000  0.000  5096000.000  0.000  -5553000.000
  22500000  10649000.000  0.000  5999000.000  0.000  -4650000.000
  22503600  10649000.000  0.000  5902000.000  0.000  -4747000.000
  22507200  10649000.000  0.000  5575000.000  0.000  -5074000.000
  22510800  10649000.000  0.000  5583000.000  0.000  -5066000.000
  22514400  10649000.000  0.000  5209000.000  0.000  -5440000.000
  22518000  10649000.000  0.000  5025000.000  0.000  -5624000.000
  22521600  0.000  0.000  0.000  5589000.000  -5589000.000
  22525200  0.000  0.000  0.000  5647000.000  -5647000.000
  22528800  0.000  0.000  0.000  6017000.000  -6017000.000
  22532400  0.000  0.000  0.000  5804000.000  -5804000.000
  22536000  0.000  0.000  0.000  5652000.000  -5652000.000
  22539600  0.000  0.000  0.000  5155000.000  -5155000.000
  22543200  0.000  0.000  0.000  5068000.000  -5068000.000
  22546800  10649000.000  0.000  5581000.000  0.000  -5068000.000
  22550400  10649000.000  0.000  5555000.000  0.000  -5094000.000
  22554000  10649000.000  0.000  5556000.000  0.000  -5093000.000
  22557600  10649000.000  0.000  5535000.000  0.000  -5114000.000
  22561200  10649000.000  0.000  5526000.000  0.000  -5123000.000
  22564800  10649000.000  0.000  5454000.000  0.000  -5195000.000
  22568400  0.000  0.000  0.000  6094000.000  -6094000.000
  22572000  0.000  0.000  0.000  6700000.000  -6700000.000
  22575600  0.000  0.000  0.000  6247000.000  -6247000.000
  22579200  0.000  0.000  0.000  5526000.000  -5526000.000
  22582800  0.000  0.000  0.000  5132000.000  -5132000.000
  22586400  0.000  0.000  0.000  5133000.000  -5133000.000
  22590000  0.000  0.000  0.000  4926000.000  -4926000.000
  22593600  4726000.000  0.000  0.000  0.000  -4726000.000
  22597200  10649000.000  0.000  6023000.000  0.000  -4626000.000
  22600800  4603000.000  0.000  0.000  0.000  -4603000.000
  22604400  0.000  0.000  0.000  4606000.000  -4606000.000
  22608000  0.000  0.000  0.000  4658000.000  -4658000.000
  22611600  0.000  0.000  0.000  5087000.000  -5087000.000
  22615200  0.000  0.000  0.000  5802000.000  -5802000.000
  22618800  0.000  0.000  0.000  5774000.000  -5774000.000
  22622400  0.000  0.000  0.000  5755000.000  -5755000.000
  22626000  0.000  0.000  0.000  5741000.000  -5741000.000
  22629600  0.000  0.000  0.000  5187000.000  -5187000.000
  22633200  0.000  0.000  0.000  5054000.000  -5054000.000
  22636800  10649000.000  0.000  5596000.000  0.000  -5053000.000
  22640400  10649000.000  0.000  5604000.000  0.000  -5045000.000
  22644000  10649000.000  0.000  5611000.000  0.000  -5038000.000
  22647600  10649000.000  0.000  5594000.000  0.000  -5055000.000
  22651200  5154000.000  0.000  0.000  0.000  -5154000.000
  22654800  0.000  0.000  0.000  5763000.000  -5763000.000
  22658400  0.000  0.000  0.000  5743000.000  -5743000.000
  22662000  0.000  0.000  0.000  5729000.000  -5729000.000
  22665600  0.000  0.000  0.000  5421000.000  -5421000.000
  22669200  0.000  0.000  0.000  5021000.000  -5021000.000
  22672800  0.000  0.000  0.000  4204000.000  -4204000.000
  22676400  8028334.200  0.000  3566334.200  0.000  -4462000.000
  22680000  10649000.000  0.000  6283000.000  0.000  -4366000.000
  22683600  10649000.000  0.000  6683000.000  0.000  -3966000.000
  22687200  10649000.000  0.000  6778000.000  0.000  -3871000.000
  22690800  10649000.000  0.000  6368000.000  0.000  -4281000.000
  22694400  0.000  0.000  0.000  4629000.000  -4629000.000
  22698000  0.000  0.000  0.000  5077000.000  -5077000.000
  22701600  0.000  0.000  0.000  5034000.000  -5034000.000
  22705200  0.000  0.000  0.000  5014000.000  -5014000.000
  22708800  0.000  0.000  0.000  4984000.000  -4984000.000
  22712400  0.000  0.000  0.000  4947000.000  -4947000.000
  22716000  4955000.000  0.000  0.000  0.000  -4955000.000
  22719600  4919000.000  0.000  0.000  0.000  -4919000.000
  22723200  10649000.000  0.000  6250000.000  0.000  -4399000.000
  22726800  10649000.000  0.000  6274000.000  0.000  -4375000.000
  22730400  10649000.000  0.000  6285000.000  0.000  -4364000.000
  22734000  10649000.000  0.000  6275000.000  0.000  -4374000.000
  22737600  4384000.000  0.000  0.000  0.000  -4384000.000
  22741200  0.000  0.000  0.000  4683000.000  -4683000.000
  22744800  0.000  0.000  0.000  5069000.000  -5069000.000
  22748400  0.000  0.000  0.000  5344000.000  -5344000.000
  22752000  0.000  0.000  0.000  4990000.000  -4990000.000
  22755600  10649000.000  0.000  5812000.000  0.000  -4837000.000
  22759200  10649000.000  0.000  6035000.000  0.000  -4614000.000
  22762800  10649000.000  0.000  6291000.000  0.000  -4358000.000
  22766400  10649000.000  0.000  6576000.000  0.000  -4073000.000
  22770000  10649000.000  0.000  6900000.000  0.000  -3749000.000
  22773600  10649000.000  0.000  6908000.000  0.000  -3741000.000
  22777200  10649000.000  0.000  6891000.000  0.000  -3758000.000
  22780800  0.000  0.000  0.000  3762000.000  -3762000.000
  22784400  0.000  0.000  0.000  4089000.000  -4089000.000
  22788000  0.000  0.000  0.000  3978000.000  -3978000.000
  22791600  0.000  0.000  0.000  3835000.000  -3835000.000
  22795200  0.000  0.000  0.000  3832000.000  -3832000.000
  22798800  4761892.300  0.000  858892.270  0.000  -3903000.000
  22802400  10649000.000  0.000  6976000.000  0.000  -3673000.000
  22806000  10649000.000  0.000  6652000.000  0.000  -3997000.000
  22809600  10649000.000  0.000  6411000.000  0.000  -4238000.000
  22813200  10649000.000  0.000  6429000.000  0.000  -4220000.000
  22816800  10649000.000  0.000  6429000.000  0.000  -4220000.000
  22820400  10649000.000  0.000  6408000.000  0.000  -4241000.000
  22824000  10649000.000  0.000  6378000.000  0.000  -4271000.000
  22827600  10649000.000  0.000  6055000.000  0.000  -4594000.000
  22831200  10649000.000  0.000  5783000.000  0.000  -4866000.000
  22834800  10649000.000  0.000  6107000.000  0.000  -4542000.000
  22838400  10649000.000  0.000  6284000.000  0.000  -4365000.000
  22842000  10649000.000  0.000  6772000.000  0.000  -3877000.000
  22845600  10649000.000  0.000  7031000.000  0.000  -3618000.000
  22849200  10649000.000  0.000  7052000.000  0.000  -3597000.000
  22852800  10649000.000  0.000  7081000.000  0.000  -3568000.000
  22856400  10649000.000  0.000  7309000.000  0.000  -3340000.000
  22860000  10649000.000  0.000  7289000.000  0.000  -3360000.000
  22863600  10649000.000  0.000  7272000.000  0.000  -3377000.000
  22867200  0.000  0.000  0.000  3627000.000  -3627000.000
  22870800  0.000  0.000  0.000  4177000.000  -4177000.000
  22874400  0.000  0.000  0.000  4394000.000  -4394000.000
  22878000  0.000  0.000  0.000  4373000.000  -4373000.000
  22881600  4363000.000  0.000  0.000  0.000  -4363000.000
  22885200  10649000.000  0.000  7085000.000  0.000  -3564000.000
  22888800  10649000.000  0.000  7406000.000  0.000  -3243000.000
  22892400  10649000.000  0.000  7211000.000  0.000  -3438000.000
  22896000  10649000.000  0.000  6990000.000  0.000  -3659000.000
  22899600  10649000.000  0.000  6984000.000  0.000  -3665000.000
  22903200  10649000.000  0.000  7041000.000  0.000  -3608000.000
  22906800  10649000.000  0.000  7061000.000  0.000  -3588000.000
  22910400  10649000.000  0.000  6521000.000  0.000  -4128000.000
  22914000  0.000  0.000  0.000  4421000.000  -4421000.000
  22917600  0.000  0.000  0.000  4404000.000  -4404000.000
  22921200  0.000  0.000  0.000  4408000.000  -4408000.000
  22924800  0.000  0.000  0.000  4361000.000  -4361000.000
  22928400  0.000  0.000  0.000  4052000.000  -4052000.000
  22932000  0.000  0.000  0.000  3756000.000  -3756000.000
  22935600  0.000  0.000  0.000  3706000.000  -3706000.000
  22939200  0.000  0.000  0.000  3742000.000  -3742000.000
  22942800  0.000  0.000  0.000  3554000.000  -3554000.000
  22946400  0.000  0.000  0.000  3640000.000  -3640000.000
  22950000  0.000  0.000  0.000  3932000.000  -3932000.000
  22953600  0.000  0.000  0.000  4418000.000  -4418000.000
  22957200  0.000  0.000  0.000  4423000.000  -4423000.000
  22960800  0.000  0.000  0.000  4408000.000  -4408000.000
  22964400  0.000  0.000  0.000  4367000.000  -4367000.000
  22968000  0.000  0.000  0.000  3960000.000  -3960000.000
  22971600  0.000  0.000  0.000  3098000.000  -3098000.000
  22975200  3025000.000  0.000  0.000  0.000  -3025000.000
  22978800  0.000  0.000  0.000  3442000.000  -3442000.000
  22982400  3485000.000  0.000  0.000  0.000  -3485000.000
  22986000  10649000.000  0.000  7141000.000  0.000  -3508000.000
  22989600  3534000.000  0.000  0.000  0.000  -3534000.000
  22993200  0.000  0.000  0.000  3573000.000  -3573000.000
  22996800  0.000  0.000  0.000  4125000.000  -4125000.000
  23000400  0.000  0.000  0.000  4390000.000  -4390000.000
  23004000  0.000  0.000  0.000  4348000.000  -4348000.000
  23007600  0.000  0.000  0.000  4409000.000  -4409000.000
  23011200  0.000  0.000  0.000  4378000.000  -4378000.000
  23014800  0.000  0.000  0.000  4004000.000  -4004000.000
  23018400  0.000  0.000  0.000  3647000.000  -3647000.000
  23022000  0.000  0.000  0.000  3586000.000  -3586000.000
  23025600  0.000  0.000  0.000  3599000.000  -3599000.000
  23029200  0.000  0.000  0.000  3510000.000  -3510000.000
  23032800  0.000  0.000  0.000  3474000.000  -3474000.000
  23036400  0.000  0.000  0.000  3434000.000  -3434000.000
  23040000  0.000  0.000  0.000  3454000.000  -3454000.000
  23043600  0.000  0.000  0.000  3632000.000  -3632000.000
  23047200  0.000  0.000  0.000  4245000.000  -4245000.000
  23050800  0.000  0.000  0.000  4356000.000  -4356000.000
  23054400  0.000  0.000  0.000  4351000.000  -4351000.000
  23058000  0.000  0.000  0.000  3638000.000  -3638000.000
  23061600  10649000.000  0.000  7234000.000  0.000  -3415000.000
  23065200  10649000.000  0.000  7234000.000  0.000  -3415000.000
  23068800  10649000.000  0.000  7233000.000  0.000  -3416000.000
  23072400  10649000.000  0.000  7219000.000  0.000  -3430000.000
  23076000  10649000.000  0.000  7217000.000  0.000  -3432000.000
  23079600  10649000.000  0.000  7204000.000  0.000  -3445000.000
  23083200  5435020.900  0.000  1390020.900  0.000  -4045000.000
  23086800  0.000  0.000  0.000  4432000.000  -4432000.000
  23090400  0.000  0.000  0.000  4362000.000  -4362000.000
  23094000  0.000  0.000  0.000  4457000.000  -4457000.000
  23097600  0.000  0.000  0.000  4361000.000  -4361000.000
  23101200  0.000  0.000  0.000  4332000.000  -4332000.000
  23104800  0.000  0.000  0.000  4289000.000  -4289000.000
  23108400  0.000  0.000  0.000  4344000.000  -4344000.000
  23112000  0.000  0.000  0.000  4353000.000  -4353000.000
  23115600  0.000  0.000  0.000  4308000.000  -4308000.000
  23119200  0.000  0.000  0.000  4289000.000  -4289000.000
  23122800  0.000  0.000  0.000  4334000.000  -4334000.000
  23126400  0.000  0.000  0.000  4352000.000  -4352000.000
  23130000  0.000  0.000  0.000  4368000.000  -4368000.000
  23133600  0.000  0.000  0.000  4372000.000  -4372000.000
  23137200  0.000  0.000  0.000  4293000.000  -4293000.000
  23140800  0.000  0.000  0.000  4278000.000  -4278000.000
  23144400  0.000  0.000  0.000  3931000.000  -3931000.000
  23148000  10649000.000  0.000  6920000.000  0.000  -3729000.000
  23151600  10649000.000  0.000  7059000.000  0.000  -3590000.000
  23155200  10649000.000  0.000  7125000.000  0.000  -3524000.000
  23158800  10649000.000  0.000  7114000.000  0.000  -3535000.000
  23162400  10649000.000  0.000  7155000.000  0.000  -3494000.000
  23166000  10649000.000  0.000  7137000.000  0.000  -3512000.000
  23169600  10649000.000  0.000  6525000.000  0.000  -4124000.000
  23173200  0.000  0.000  0.000  4419000.000  -4419000.000
  23176800  0.000  0.000  0.000  4421000.000  -4421000.000
  23180400  0.000  0.000  0.000  5122000.000  -5122000.000
  23184000  0.000  0.000  0.000  4555000.000  -4555000.000
  23187600  0.000  0.000  0.000  3811000.000  -3811000.000
  23191200  0.000  0.000  0.000  3540000.000  -3540000.000
  23194800  0.000  0.000  0.000  3559000.000  -3559000.000
  23198400  0.000  0.000  0.000  3568000.000  -3568000.000
  23202000  0.000  0.000  0.000  3578000.000  -3578000.000
  23205600  0.000  0.000  0.000  3866000.000  -3866000.000
  23209200  0.000  0.000  0.000  4031000.000  -4031000.000
  23212800  0.000  0.000  0.000  4163000.000  -4163000.000
  23216400  0.000  0.000  0.000  4341000.000  -4341000.000
  23220000  0.000  0.000  0.000  4331000.000  -4331000.000
  23223600  0.000  0.000  0.000  4261000.000  -4261000.000
  23227200  4252000.000  0.000  0.000  0.000  -4252000.000
  23230800  10649000.000  0.000  6430000.000  0.000  -4219000.000
  23234400  10649000.000  0.000  6424000.000  0.000  -4225000.000
  23238000  10649000.000  0.000  6475000.000  0.000  -4174000.000
  23241600  10649000.000  0.000  7031000.000  0.000  -3618000.000
  23245200  10649000.000  0.000  7066000.000  0.000  -3583000.000
  23248800  10649000.000  0.000  7078000.000  0.000  -3571000.000
  23252400  10649000.000  0.000  7035000.000  0.000  -3614000.000
  23256000  10649000.000  0.000  6503000.000  0.000  -4146000.000
  23259600  0.000  0.000  0.000  4392000.000  -4392000.000
  23263200  0.000  0.000  0.000  4353000.000  -4353000.000
  23266800  0.000  0.000  0.000  4304000.000  -4304000.000
  23270400  0.000  0.000  0.000  4319000.000  -4319000.000
  23274000  0.000  0.000  0.000  4291000.000  -4291000.000
  23277600  0.000  0.000  0.000  4286000.000  -4286000.000
  23281200  0.000  0.000  0.000  4285000.000  -4285000.000
  23284800  0.000  0.000  0.000  4276000.000  -4276000.000
  23288400  3931000.000  0.000  0.000  0.000  -3931000.000
  23292000  9442790.900  0.000  5915790.900  0.000  -3527000.000
  23295600  0.000  0.000  0.000  3739000.000  -3739000.000
  23299200  0.000  0.000  0.000  3874000.000  -3874000.000
  23302800  0.000  0.000  0.000  4158000.000  -4158000.000
  23306400  0.000  0.000  0.000  4383000.000  -4383000.000
  23310000  0.000  0.000  0.000  4337000.000  -4337000.000
  23313600  0.000  0.000  0.000  4339000.000  -4339000.000
  23317200  4321000.000  0.000  0.000  0.000  -4321000.000
  23320800  4332000.000  0.000  0.000  0.000  -4332000.000
  23324400  4288000.000  0.000  0.000  0.000  -4288000.000
  23328000  6208842.100  0.000  2009842.100  0.000  -4199000.000
  23331600  10649000.000  0.000  6901000.000  0.000  -3748000.000
  23335200  10649000.000  0.000  6936000.000  0.000  -3713000.000
  23338800  10649000.000  0.000  6926000.000  0.000  -3723000.000
  23342400  10649000.000  0.000  6870000.000  0.000  -3779000.000
  23346000  0.000  0.000  0.000  3782000.000  -3782000.000
  23349600  0.000  0.000  0.000  4245000.000  -4245000.000
  23353200  0.000  0.000  0.000  4331000.000  -4331000.000
  23356800  0.000  0.000  0.000  4485000.000  -4485000.000
  23360400  0.000  0.000  0.000  4869000.000  -4869000.000
  23364000  0.000  0.000  0.000  4949000.000  -4949000.000
  23367600  10649000.000  0.000  5869000.000  0.000  -4780000.000
  23371200  10649000.000  0.000  6069000.000  0.000  -4580000.000
  23374800  10649000.000  0.000  6403000.000  0.000  -4246000.000
  23378400  10649000.000  0.000  6351000.000  0.000  -4298000.000
  23382000  10649000.000  0.000  6303000.000  0.000  -4346000.000
  23385600  0.000  0.000  0.000  4385000.000  -4385000.000
  23389200  0.000  0.000  0.000  4365000.000  -4365000.000
  23392800  0.000  0.000  0.000  4831000.000  -4831000.000
  23396400  0.000  0.000  0.000  4835000.000  -4835000.000
  23400000  0.000  0.000  0.000  4577000.000  -4577000.000
  23403600  10649000.000  0.000  6364000.000  0.000  -4285000.000
  23407200  10649000.000  0.000  6393000.000  0.000  -4256000.000
  23410800  10649000.000  0.000  6392000.000  0.000  -4257000.000
  23414400  10649000.000  0.000  6355000.000  0.000  -4294000.000
  23418000  10649000.000  0.000  6287000.000  0.000  -4362000.000
  23421600  10649000.000  0.000  6352000.000  0.000  -4297000.000
  23425200  10649000.000  0.000  6375000.000  0.000  -4274000.000
  23428800  10649000.000  0.000  6325000.000  0.000  -4324000.000
  23432400  10649000.000  0.000  6309000.000  0.000  -4340000.000
  23436000  10649000.000  0.000  6294000.000  0.000  -4355000.000
  23439600  10649000.000  0.000  6258000.000  0.000  -4391000.000
  23443200  10649000.000  0.000  5490000.000  0.000  -5159000.000
  23446800  10649000.000  0.000  5409000.000  0.000  -5240000.000
  23450400  10649000.000  0.000  5403000.000  0.000  -5246000.000
  23454000  10649000.000  0.000  5390000.000  0.000  -5259000.000
  23457600  10649000.000  0.000  5355000.000  0.000  -5294000.000
  23461200  10649000.000  0.000  5094000.000  0.000  -5555000.000
  23464800  10649000.000  0.000  5390000.000  0.000  -5259000.000
  23468400  10649000.000  0.000  5401000.000  0.000  -5248000.000
  23472000  10649000.000  0.000  5346000.000  0.000  -5303000.000
  23475600  10649000.000  0.000  5255000.000  0.000  -5394000.000
  23479200  0.000  0.000  0.000  5118000.000  -5118000.000
  23482800  10649000.000  0.000  5550000.000  0.000  -5099000.000
  23486400  10649000.000  0.000  5271000.000  0.000  -5378000.000
  23490000  10649000.000  0.000  5717000.000  0.000  -4932000.000
  23493600  10649000.000  0.000  5368000.000  0.000  -5281000.000
  23497200  10649000.000  0.000  5995000.000  0.000  -4654000.000
  23500800  10649000.000  0.000  6666000.000  0.000  -3983000.000
  23504400  10649000.000  0.000  7072000.000  0.000  -3577000.000
  23508000  10649000.000  0.000  7118000.000  0.000  -3531000.000
  23511600  10649000.000  0.000  6713000.000  0.000  -3936000.000
  23515200  10649000.000  0.000  6127000.000  0.000  -4522000.000
  23518800  0.000  0.000  0.000  5880000.000  -5880000.000
  23522400  0.000  0.000  0.000  6493000.000  -6493000.000
  23526000  0.000  0.000  0.000  6041000.000  -6041000.000
  23529600  0.000  0.000  0.000  5278000.000  -5278000.000
  23533200  0.000  0.000  0.000  5235000.000  -5235000.000
  23536800  10649000.000  0.000  5994000.000  0.000  -4655000.000
  23540400  10649000.000  0.000  6089000.000  0.000  -4560000.000
  23544000  10649000.000  0.000  6127000.000  0.000  -4522000.000
  23547600  10649000.000  0.000  6115000.000  0.000  -4534000.000
  23551200  10649000.000  0.000  5798000.000  0.000  -4851000.000
  23554800  5858220.200  0.000  710220.250  0.000  -5148000.000
  23558400  0.000  0.000  0.000  5821000.000  -5821000.000
  23562000  0.000  0.000  0.000  5985000.000  -5985000.000
  23565600  0.000  0.000  0.000  4830000.000  -4830000.000
  23569200  0.000  0.000  0.000  5068000.000  -5068000.000
  23572800  0.000  0.000  0.000  4832000.000  -4832000.000
  23576400  0.000  0.000  0.000  5021000.000  -5021000.000
  23580000  4670716.800  0.000  0.000  320283.240  -4991000.000
  23583600  10649000.000  0.000  5738000.000  0.000  -4911000.000
  23587200  10649000.000  0.000  5772000.000  0.000  -4877000.000
  23590800  10649000.000  0.000  5805000.000  0.000  -4844000.000
  23594400  10649000.000  0.000  5851000.000  0.000  -4798000.000
  23598000  10649000.000  0.000  5164000.000  0.000  -5485000.000
  23601600  10649000.000  0.000  5748000.000  0.000  -4901000.000
  23605200  0.000  0.000  0.000  6094000.000  -6094000.000
  23608800  0.000  0.000  0.000  6500000.000  -6500000.000
  23612400  0.000  0.000  0.000  6472000.000  -6472000.000
  23616000  0.000  0.000  0.000  6454000.000  -6454000.000
  23619600  0.000  0.000  0.000  6418000.000  -6418000.000
  23623200  0.000  0.000  0.000  6008000.000  -6008000.000
  23626800  0.000  0.000  0.000  6202000.000  -6202000.000
  23630400  971119.430  0.000  0.000  5344880.600  -6316000.000
  23634000  10649000.000  0.000  4723000.000  0.000  -5926000.000
  23637600  10649000.000  0.000  5110000.000  0.000  -5539000.000
  23641200  0.000  0.000  0.000  6597000.000  -6597000.000
  23644800  0.000  0.000  0.000  6496000.000  -6496000.000
  23648400  0.000  0.000  0.000  6554000.000  -6554000.000
  23652000  0.000  0.000  0.000  6875000.000  -6875000.000
  23655600  0.000  0.000  0.000  6593000.000  -6593000.000
  23659200  0.000  0.000  0.000  5937000.000  -5937000.000
  23662800  0.000  0.000  0.000  5301000.000  -5301000.000
  23666400  10649000.000  0.000  6336000.000  0.000  -4313000.000
  23670000  10649000.000  0.000  5504000.000  0.000  -5145000.000
  23673600  10649000.000  0.000  4017000.000  0.000  -6632000.000
  23677200  10649000.000  0.000  3061000.000  0.000  -7588000.000
  23680800  10649000.000  0.000  2917000.000  0.000  -7732000.000
  23684400  10649000.000  0.000  2927000.000  0.000  -7722000.000
  23688000  10649000.000  0.000  2858000.000  0.000  -7791000.000
  23691600  12000.000  0.000  0.000  7799000.000  -7811000.000
  23695200  -0.000  0.000  0.000  7799000.000  -7799000.000
  23698800  0.000  0.000  0.000  7425000.000  -7425000.000
  23702400  0.000  0.000  0.000  6677000.000  -6677000.000
  23706000  0.000  0.000  0.000  5874000.000  -5874000.000
  23709600  0.000  0.000  0.000  5180000.000  -5180000.000
  23713200  10649000.000  0.000  5407000.000  0.000  -5242000.000
  23716800  10649000.000  0.000  5030000.000  0.000  -5619000.000
  23720400  10649000.000  0.000  5016000.000  0.000  -5633000.000
  23724000  10649000.000  0.000  4276000.000  0.000  -6373000.000
  23727600  10649000.000  0.000  4133000.000  0.000  -6516000.000
  23731200  10649000.000  0.000  4057000.000  0.000  -6592000.000
  23734800  0.000  0.000  0.000  7063000.000  -7063000.000
  23738400  0.000  0.000  0.000  7591000.000  -7591000.000
  23742000  0.000  0.000  0.000  7600000.000  -7600000.000
  23745600  10649000.000  0.000  3217000.000  0.000  -7432000.000
  23749200  10649000.000  0.000  3935000.000  0.000  -6714000.000
  23752800  10649000.000  0.000  4722000.000  0.000  -5927000.000
  23756400  10649000.000  0.000  5042000.000  0.000  -5607000.000
  23760000  10649000.000  0.000  5017000.000  0.000  -5632000.000
  23763600  10649000.000  0.000  5018000.000  0.000  -5631000.000
  23767200  10649000.000  0.000  4460000.000  0.000  -6189000.000
  23770800  10649000.000  0.000  4317000.000  0.000  -6332000.000
  23774400  10649000.000  0.000  4167000.000  0.000  -6482000.000
  23778000  10649000.000  0.000  3590000.000  0.000  -7059000.000
  23781600  7554000.000  0.000  0.000  0.000  -7554000.000
  23785200  0.000  0.000  0.000  7607000.000  -7607000.000
  23788800  143000.000  0.000  0.000  7799000.000  -7942000.000
  23792400  200000.000  0.000  0.000  7799000.000  -7999000.000
  23796000  0.000  0.000  0.000  7360000.000  -7360000.000
  23799600  6639000.000  0.000  0.000  0.000  -6639000.000
  23803200  10649000.000  0.000  3908000.000  0.000  -6741000.000
  23806800  10649000.000  0.000  4384000.000  0.000  -6265000.000
  23810400  10649000.000  0.000  4295000.000  0.000  -6354000.000
  23814000  10649000.000  0.000  4001000.000  0.000  -6648000.000
  23817600  0.000  0.000  0.000  7430000.000  -7430000.000
  23821200  702000.000  0.000  0.000  7799000.000  -8501000.000
  23824800  0.000  0.000  0.000  7214000.000  -7214000.000
  23828400  0.000  0.000  0.000  6873000.000  -6873000.000
  23832000  0.000  0.000  0.000  6652000.000  -6652000.000
  23835600  0.000  0.000  0.000  6665000.000  -6665000.000
  23839200  10649000.000  0.000  4164000.000  0.000  -6485000.000
  23842800  10649000.000  0.000  4532000.000  0.000  -6117000.000
  23846400  10649000.000  0.000  4698000.000  0.000  -5951000.000
  23850000  10649000.000  0.000  4719000.000  0.000  -5930000.000
  23853600  10649000.000  0.000  4269000.000  0.000  -6380000.000
  23857200  10649000.000  0.000  3805000.000  0.000  -6844000.000
  23860800  10649000.000  0.000  2760000.000  0.000  -7889000.000
  23864400  10649000.000  0.000  2100000.000  0.000  -8549000.000
  23868000  311000.000  0.000  0.000  7799000.000  -8110000.000
  23871600  191000.000  0.000  0.000  7799000.000  -7990000.000
  23875200  0.000  0.000  0.000  7509000.000  -7509000.000
  23878800  0.000  0.000  0.000  7302000.000  -7302000.000
  23882400  0.000  0.000  0.000  7325000.000  -7325000.000
  23886000  0.000  0.000  0.000  7295000.000  -7295000.000
  23889600  0.000  0.000  0.000  7256000.000  -7256000.000
  23893200  0.000  0.000  0.000  7292000.000  -7292000.000
  23896800  0.000  0.000  0.000  7274000.000  -7274000.000
  23900400  0.000  0.000  0.000  7275000.000  -7275000.000
  23904000  0.000  0.000  0.000  7323000.000  -7323000.000
  23907600  0.000  0.000  0.000  7380000.000  -7380000.000
  23911200  0.000  653000.000  0.000  7799000.000  -8452000.000
  23914800  527000.000  0.000  0.000  7799000.000  -8326000.000
  23918400  7816000.000  0.000  0.000  0.000  -7816000.000
  23922000  10649000.000  0.000  3828000.000  0.000  -6821000.000
  23925600  10649000.000  0.000  4512000.000  0.000  -6137000.000
  23929200  10649000.000  0.000  4625000.000  0.000  -6024000.000
  23932800  10649000.000  0.000  4735000.000  0.000  -5914000.000
  23936400  10649000.000  0.000  4676000.000  0.000  -5973000.000
  23940000  10649000.000  0.000  4287000.000  0.000  -6362000.000
  23943600  10649000.000  0.000  3438000.000  0.000  -7211000.000
  23947200  10649000.000  0.000  3408000.000  0.000  -7241000.000
  23950800  10649000.000  0.000  3020000.000  0.000  -7629000.000
  23954400  10649000.000  0.000  2731000.000  0.000  -7918000.000
  23958000  10649000.000  0.000  2694000.000  0.000  -7955000.000
  23961600  888000.000  0.000  0.000  7799000.000  -8687000.000
  23965200  679000.000  0.000  0.000  7799000.000  -8478000.000
  23968800  10649000.000  0.000  2768000.000  0.000  -7881000.000
  23972400  10649000.000  0.000  3113000.000  0.000  -7536000.000
  23976000  10649000.000  0.000  3431000.000  0.000  -7218000.000
  23979600  10649000.000  0.000  3439000.000  0.000  -7210000.000
  23983200  10649000.000  0.000  3422000.000  0.000  -7227000.000
  23986800  10649000.000  0.000  3409000.000  0.000  -7240000.000
  23990400  0.000  0.000  0.000  7574000.000  -7574000.000
  23994000  111000.000  0.000  0.000  7799000.000  -7910000.000
  23997600  1109000.000  0.000  0.000  7799000.000  -8908000.000
  24001200  1165000.000  0.000  0.000  7799000.000  -8964000.000
  24004800  437000.000  0.000  0.000  7799000.000  -8236000.000
  24008400  834089.450  0.000  0.000  6502910.500  -7337000.000
  24012000  10649000.000  0.000  4443000.000  0.000  -6206000.000
  24015600  10649000.000  0.000  4508000.000  0.000  -6141000.000
  24019200  10649000.000  0.000  4469000.000  0.000  -6180000.000
  24022800  10649000.000  0.000  4197000.000  0.000  -6452000.000
  24026400  10649000.000  0.000  3633000.000  0.000  -7016000.000
  24030000  10649000.000  0.000  3325000.000  0.000  -7324000.000
  24033600  10649000.000  0.000  3298000.000  0.000  -7351000.000
  24037200  10649000.000  0.000  3150000.000  0.000  -7499000.000
  24040800  10649000.000  0.000  2656000.000  0.000  -7993000.000
  24044400  10649000.000  0.000  2536000.000  0.000  -8113000.000
  24048000  10649000.000  0.000  2578000.000  0.000  -8071000.000
  24051600  10649000.000  0.000  2743000.000  0.000  -7906000.000
  24055200  10649000.000  0.000  2833000.000  0.000  -7816000.000
  24058800  10649000.000  0.000  2878000.000  0.000  -7771000.000
  24062400  10649000.000  0.000  2881000.000  0.000  -7768000.000
  24066000  10649000.000  0.000  3185000.000  0.000  -7464000.000
  24069600  10649000.000  0.000  3696000.000  0.000  -6953000.000
  24073200  10649000.000  0.000  3765000.000  0.000  -6884000.000
  24076800  10649000.000  0.000  3798000.000  0.000  -6851000.000
  24080400  6705000.000  0.000  0.000  0.000  -6705000.000
  24084000  0.000  0.000  0.000  6595000.000  -6595000.000
  24087600  3055183.600  0.000  0.000  2289816.400  -5345000.000
  24091200  10649000.000  0.000  6102000.000  0.000  -4547000.000
  24094800  10649000.000  0.000  6273000.000  0.000  -4376000.000
  24098400  10649000.000  0.000  5791000.000  0.000  -4858000.000
  24102000  10649000.000  0.000  5538000.000  0.000  -5111000.000
  24105600  10649000.000  0.000  5597000.000  0.000  -5052000.000
  24109200  10649000.000  0.000  5606000.000  0.000  -5043000.000
  24112800  10649000.000  0.000  4827000.000  0.000  -5822000.000
  24116400  10649000.000  0.000  4346000.000  0.000  -6303000.000
  24120000  10649000.000  0.000  3923000.000  0.000  -6726000.000
  24123600  0.000  0.000  0.000  6946000.000  -6946000.000
  24127200  0.000  0.000  0.000  7130000.000  -7130000.000
  24130800  0.000  0.000  0.000  7240000.000  -7240000.000
  24134400  0.000  0.000  0.000  6643000.000  -6643000.000
  24138000  0.000  0.000  0.000  5679000.000  -5679000.000
  24141600  0.000  0.000  0.000  5537000.000  -5537000.000
  24145200  0.000  0.000  0.000  5532000.000  -5532000.000
  24148800  0.000  0.000  0.000  5545000.000  -5545000.000
  24152400  0.000  0.000  0.000  5780000.000  -5780000.000
  24156000  0.000  0.000  0.000  5673000.000  -5673000.000
  24159600  0.000  0.000  0.000  5900000.000  -5900000.000
  24163200  0.000  0.000  0.000  6198000.000  -6198000.000
  24166800  0.000  0.000  0.000  6524000.000  -6524000.000
  24170400  0.000  0.000  0.000  7182000.000  -7182000.000
  24174000  0.000  0.000  0.000  7392000.000  -7392000.000
  24177600  0.000  0.000  0.000  6429000.000  -6429000.000
  24181200  5783000.000  0.000  0.000  0.000  -5783000.000
  24184800  10649000.000  0.000  4509000.000  0.000  -6140000.000
  24188400  10649000.000  0.000  4409000.000  0.000  -6240000.000
  24192000  10649000.000  0.000  4232000.000  0.000  -6417000.000
  24195600  10649000.000  0.000  4131000.000  0.000  -6518000.000
  24199200  10649000.000  0.000  3825000.000  0.000  -6824000.000
  24202800  10649000.000  0.000  2989000.000  0.000  -7660000.000
  24206400  10649000.000  0.000  2791000.000  0.000  -7858000.000
  24210000  10649000.000  0.000  2302000.000  0.000  -8347000.000
  24213600  864000.000  0.000  0.000  7799000.000  -8663000.000
  24217200  0.000  0.000  0.000  7442000.000  -7442000.000
  24220800  0.000  0.000  0.000  7300000.000  -7300000.000
  24224400  1250267.600  0.000  0.000  6460732.400  -7711000.000
  24228000  5704000.000  0.000  0.000  0.000  -5704000.000
  24231600  5960000.000  0.000  0.000  0.000  -5960000.000
  24235200  6208000.000  0.000  0.000  0.000  -6208000.000
  24238800  10649000.000  0.000  4801000.000  0.000  -5848000.000
  24242400  10649000.000  0.000  6865000.000  0.000  -3784000.000
  24246000  10649000.000  0.000  6620000.000  0.000  -4029000.000
  24249600  0.000  0.000  0.000  4818000.000  -4818000.000
  24253200  0.000  0.000  0.000  6260000.000  -6260000.000
  24256800  0.000  0.000  0.000  6626000.000  -6626000.000
  24260400  5895851.500  0.000  0.000  526148.480  -6422000.000
  24264000  10649000.000  0.000  4655000.000  0.000  -5994000.000
  24267600  10649000.000  0.000  5008000.000  0.000  -5641000.000
  24271200  10649000.000  0.000  4960000.000  0.000  -5689000.000
  24274800  10649000.000  0.000  6019000.000  0.000  -4630000.000
  24278400  10649000.000  0.000  6247000.000  0.000  -4402000.000
  24282000  10649000.000  0.000  6211000.000  0.000  -4438000.000
  24285600  10649000.000  0.000  5484000.000  0.000  -5165000.000
  24289200  10649000.000  0.000  4909000.000  0.000  -5740000.000
  24292800  10649000.000  0.000  4655000.000  0.000  -5994000.000
  24296400  10649000.000  0.000  4102000.000  0.000  -6547000.000
  24300000  0.000  0.000  0.000  7096000.000  -7096000.000
  24303600  0.000  0.000  0.000  6980000.000  -6980000.000
  24307200  0.000  0.000  0.000  7363000.000  -7363000.000
  24310800  0.000  0.000  0.000  7137000.000  -7137000.000
  24314400  0.000  0.000  0.000  7076000.000  -7076000.000
  24318000  7359185.000  0.000  259185.000  0.000  -7100000.000
  24321600  10649000.000  0.000  3587000.000  0.000  -7062000.000
  24325200  10649000.000  0.000  3579000.000  0.000  -7070000.000
  24328800  10649000.000  0.000  3499000.000  0.000  -7150000.000
  24332400  10649000.000  0.000  3599000.000  0.000  -7050000.000
  24336000  0.000  0.000  0.000  7116000.000  -7116000.000
  24339600  194000.000  0.000  0.000  7799000.000  -7993000.000
  24343200  568000.000  0.000  0.000  7799000.000  -8367000.000
  24346800  327000.000  0.000  0.000  7799000.000  -8126000.000
  24350400  7352000.000  0.000  0.000  0.000  -7352000.000
  24354000  6545000.000  0.000  0.000  0.000  -6545000.000
  24357600  10649000.000  0.000  4147000.000  0.000  -6502000.000
  24361200  10649000.000  0.000  5013000.000  0.000  -5636000.000
  24364800  10649000.000  0.000  4996000.000  0.000  -5653000.000
  24368400  10649000.000  0.000  4534000.000  0.000  -6115000.000
  24372000  10649000.000  0.000  4199000.000  0.000  -6450000.000
  24375600  10649000.000  0.000  3698000.000  0.000  -6951000.000
  24379200  10649000.000  0.000  3163000.000  0.000  -7486000.000
  24382800  7208980.300  0.000  0.000  880019.720  -8089000.000
  24386400  19000.000  0.000  0.000  7799000.000  -7818000.000
  24390000  32000.000  0.000  0.000  7799000.000  -7831000.000
  24393600  -0.000  0.000  0.000  7795000.000  -7795000.000
  24397200  10649000.000  0.000  2966000.000  0.000  -7683000.000
  24400800  10649000.000  0.000  3841000.000  0.000  -6808000.000
  24404400  10649000.000  0.000  3903000.000  0.000  -6746000.000
  24408000  10649000.000  0.000  3843000.000  0.000  -6806000.000
  24411600  10649000.000  0.000  3187000.000  0.000  -7462000.000
  24415200  10649000.000  0.000  3570000.000  0.000  -7079000.000
  24418800  10649000.000  0.000  4216000.000  0.000  -6433000.000
  24422400  0.000  0.000  0.000  7364000.000  -7364000.000
  24426000  -0.000  0.000  0.000  7795000.000  -7795000.000
  24429600  0.000  0.000  0.000  7761000.000  -7761000.000
  24433200  0.000  0.000  0.000  7707000.000  -7707000.000
  24436800  10649000.000  0.000  2955000.000  0.000  -7694000.000
  24440400  10649000.000  0.000  3858000.000  0.000  -6791000.000
  24444000  10649000.000  0.000  4835000.000  0.000  -5814000.000
  24447600  10649000.000  0.000  5422000.000  0.000  -5227000.000
  24451200  10649000.000  0.000  5596000.000  0.000  -5053000.000
  24454800  10649000.000  0.000  5577000.000  0.000  -5072000.000
  24458400  10649000.000  0.000  5269000.000  0.000  -5380000.000
  24462000  10649000.000  0.000  5039000.000  0.000  -5610000.000
  24465600  10649000.000  0.000  3593000.000  0.000  -7056000.000
  24469200  10649000.000  0.000  2919000.000  0.000  -7730000.000
  24472800  113000.000  0.000  0.000  7799000.000  -7912000.000
  24476400  90000.000  0.000  0.000  7799000.000  -7889000.000
  24480000  0.000  0.000  0.000  6898000.000  -6898000.000
  24483600  0.000  0.000  0.000  6507000.000  -6507000.000
  24487200  6139000.000  0.000  0.000  0.000  -6139000.000
  24490800  10649000.000  0.000  4097000.000  0.000  -6552000.000
  24494400  10649000.000  0.000  3908000.000  0.000  -6741000.000
  24498000  10649000.000  0.000  3527000.000  0.000  -7122000.000
  24501600  10649000.000  0.000  3345000.000  0.000  -7304000.000
  24505200  10649000.000  0.000  3245000.000  0.000  -7404000.000
  24508800  7381000.000  0.000  0.000  0.000  -7381000.000
  24512400  0.000  0.000  0.000  7389000.000  -7389000.000
  24516000  0.000  0.000  0.000  7332000.000  -7332000.000
  24519600  0.000  0.000  0.000  7361000.000  -7361000.000
  24523200  10649000.000  0.000  3933000.000  0.000  -6716000.000
  24526800  10649000.000  0.000  4446000.000  0.000  -6203000.000
  24530400  10649000.000  0.000  5378000.000  0.000  -5271000.000
  24534000  10649000.000  0.000  5009000.000  0.000  -5640000.000
  24537600  10649000.000  0.000  4775000.000  0.000  -5874000.000
  24541200  10649000.000  0.000  4924000.000  0.000  -5725000.000
  24544800  10649000.000  0.000  4930000.000  0.000  -5719000.000
  24548400  10649000.000  0.000  4928000.000  0.000  -5721000.000
  24552000  10649000.000  0.000  4583000.000  0.000  -6066000.000
  24555600  10649000.000  0.000  4557000.000  0.000  -6092000.000
  24559200  10649000.000  0.000  4351000.000  0.000  -6298000.000
  24562800  10649000.000  0.000  3804000.000  0.000  -6845000.000
  24566400  10649000.000  0.000  3435000.000  0.000  -7214000.000
  24570000  10649000.000  0.000  3917000.000  0.000  -6732000.000
  24573600  10649000.000  0.000  4083000.000  0.000  -6566000.000
  24577200  10649000.000  0.000  4085000.000  0.000  -6564000.000
  24580800  10649000.000  0.000  4059000.000  0.000  -6590000.000
  24584400  10649000.000  0.000  4106000.000  0.000  -6543000.000
  24588000  10649000.000  0.000  4080000.000  0.000  -6569000.000
  24591600  10649000.000  0.000  4096000.000  0.000  -6553000.000
  24595200  0.000  0.000  0.000  6570000.000  -6570000.000
  24598800  0.000  0.000  0.000  6572000.000  -6572000.000
  24602400  0.000  0.000  0.000  6821000.000  -6821000.000
  24606000  0.000  0.000  0.000  6604000.000  -6604000.000
  24609600  0.000  0.000  0.000  6041000.000  -6041000.000
  24613200  0.000  0.000  0.000  6387000.000  -6387000.000
  24616800  6640000.000  0.000  0.000  0.000  -6640000.000
  24620400  8162358.100  0.000  2044358.100  0.000  -6118000.000
  24624000  10649000.000  0.000  5891000.000  0.000  -4758000.000
  24627600  10649000.000  0.000  5869000.000  0.000  -4780000.000
  24631200  10649000.000  0.000  5676000.000  0.000  -4973000.000
  24634800  10649000.000  0.000  4991000.000  0.000  -5658000.000
  24638400  10649000.000  0.000  4890000.000  0.000  -5759000.000
  24642000  10649000.000  0.000  4284000.000  0.000  -6365000.000
  24645600  10649000.000  0.000  3579000.000  0.000  -7070000.000
  24649200  10649000.000  0.000  3525000.000  0.000  -7124000.000
  24652800  10649000.000  0.000  3506000.000  0.000  -7143000.000
  24656400  10649000.000  0.000  4752000.000  0.000  -5897000.000
  24660000  10649000.000  0.000  3396000.000  0.000  -7253000.000
  24663600  10649000.000  0.000  3529000.000  0.000  -7120000.000
  24667200  10649000.000  0.000  3912000.000  0.000  -6737000.000
  24670800  10649000.000  0.000  3337000.000  0.000  -7312000.000
  24674400  10649000.000  0.000  2885000.000  0.000  -7764000.000
  24678000  10649000.000  0.000  3109000.000  0.000  -7540000.000
  24681600  10649000.000  0.000  3399000.000  0.000  -7250000.000
  24685200  10649000.000  0.000  3726000.000  0.000  -6923000.000
  24688800  10649000.000  0.000  4263000.000  0.000  -6386000.000
  24692400  10649000.000  0.000  4977000.000  0.000  -5672000.000
  24696000  10649000.000  0.000  5517000.000  0.000  -5132000.000
  24699600  10649000.000  0.000  5590000.000  0.000  -5059000.000
  24703200  10649000.000  0.000  5575000.000  0.000  -5074000.000
  24706800  10649000.000  0.000  5585000.000  0.000  -5064000.000
  24710400  10649000.000  0.000  5405000.000  0.000  -5244000.000
  24714000  10649000.000  0.000  5323000.000  0.000  -5326000.000
  24717600  10649000.000  0.000  4761000.000  0.000  -5888000.000
  24721200  10649000.000  0.000  4576000.000  0.000  -6073000.000
  24724800  10649000.000  0.000  4507000.000  0.000  -6142000.000
  24728400  6807176.000  0.000  187176.000  0.000  -6620000.000
  24732000  0.000  0.000  0.000  6727000.000  -6727000.000
  24735600  0.000  0.000  0.000  7349000.000  -7349000.000
  24739200  0.000  0.000  0.000  7308000.000  -7308000.000
  24742800  0.000  0.000  0.000  6675000.000  -6675000.000
  24746400  0.000  0.000  0.000  6302000.000  -6302000.000
  24750000  0.000  0.000  0.000  6105000.000  -6105000.000
  24753600  0.000  0.000  0.000  5254000.000  -5254000.000
  24757200  0.000  0.000  0.000  4860000.000  -4860000.000
  24760800  0.000  0.000  0.000  5524000.000  -5524000.000
  24764400  0.000  0.000  0.000  6161000.000  -6161000.000
  24768000  0.000  0.000  0.000  6562000.000  -6562000.000
  24771600  0.000  0.000  0.000  6768000.000  -6768000.000
  24775200  0.000  0.000  0.000  6694000.000  -6694000.000
  24778800  0.000  0.000  0.000  6721000.000  -6721000.000
  24782400  10649000.000  0.000  4289000.000  0.000  -6360000.000
  24786000  10649000.000  0.000  4646000.000  0.000  -6003000.000
  24789600  10649000.000  0.000  4684000.000  0.000  -5965000.000
  24793200  10649000.000  0.000  5302000.000  0.000  -5347000.000
  24796800  10649000.000  0.000  5882000.000  0.000  -4767000.000
  24800400  10649000.000  0.000  5851000.000  0.000  -4798000.000
  24804000  10649000.000  0.000  5467000.000  0.000  -5182000.000
  24807600  10649000.000  0.000  5163000.000  0.000  -5486000.000
  24811200  10649000.000  0.000  4903000.000  0.000  -5746000.000
  24814800  0.000  0.000  0.000  6612000.000  -6612000.000
  24818400  0.000  0.000  0.000  7267000.000  -7267000.000
  24822000  0.000  0.000  0.000  6716000.000  -6716000.000
  24825600  0.000  0.000  0.000  6657000.000  -6657000.000
  24829200  0.000  0.000  0.000  6579000.000  -6579000.000
  24832800  0.000  0.000  0.000  5724000.000  -5724000.000
  24836400  0.000  0.000  0.000  4888000.000  -4888000.000
  24840000  0.000  0.000  0.000  4718000.000  -4718000.000
  24843600  0.000  0.000  0.000  4545000.000  -4545000.000
  24847200  0.000  0.000  0.000  4481000.000  -4481000.000
  24850800  0.000  0.000  0.000  4690000.000  -4690000.000
  24854400  0.000  0.000  0.000  4900000.000  -4900000.000
  24858000  0.000  0.000  0.000  5607000.000  -5607000.000
  24861600  0.000  0.000  0.000  6078000.000  -6078000.000
  24865200  0.000  0.000  0.000  6061000.000  -6061000.000
  24868800  0.000  0.000  0.000  6027000.000  -6027000.000
  24872400  0.000  0.000  0.000  6015000.000  -6015000.000
  24876000  10649000.000  0.000  4653000.000  0.000  -5996000.000
  24879600  10649000.000  0.000  5836000.000  0.000  -4813000.000
  24883200  10649000.000  0.000  6115000.000  0.000  -4534000.000
  24886800  10649000.000  0.000  6455000.000  0.000  -4194000.000
  24890400  10649000.000  0.000  6618000.000  0.000  -4031000.000
  24894000  10649000.000  0.000  6452000.000  0.000  -4197000.000
  24897600  10649000.000  0.000  5897000.000  0.000  -4752000.000
  24901200  5456000.000  0.000  0.000  0.000  -5456000.000
  24904800  0.000  0.000  0.000  5863000.000  -5863000.000
  24908400  0.000  0.000  0.000  5963000.000  -5963000.000
  24912000  0.000  0.000  0.000  5938000.000  -5938000.000
  24915600  0.000  0.000  0.000  5926000.000  -5926000.000
  24919200  0.000  0.000  0.000  5936000.000  -5936000.000
  24922800  10649000.000  0.000  4714000.000  0.000  -5935000.000
  24926400  10649000.000  0.000  4681000.000  0.000  -5968000.000
  24930000  10649000.000  0.000  4714000.000  0.000  -5935000.000
  24933600  10649000.000  0.000  4742000.000  0.000  -5907000.000
  24937200  10649000.000  0.000  4727000.000  0.000  -5922000.000
  24940800  0.000  0.000  0.000  5967000.000  -5967000.000
  24944400  0.000  0.000  0.000  6469000.000  -6469000.000
  24948000  0.000  0.000  0.000  6772000.000  -6772000.000
  24951600  0.000  0.000  0.000  6431000.000  -6431000.000
  24955200  10649000.000  0.000  4392000.000  0.000  -6257000.000
  24958800  10649000.000  0.000  5270000.000  0.000  -5379000.000
  24962400  10649000.000  0.000  6074000.000  0.000  -4575000.000
  24966000  10649000.000  0.000  6100000.000  0.000  -4549000.000
  24969600  10649000.000  0.000  5897000.000  0.000  -4752000.000
  24973200  10649000.000  0.000  5374000.000  0.000  -5275000.000
  24976800  10649000.000  0.000  5253000.000  0.000  -5396000.000
  24980400  10649000.000  0.000  5266000.000  0.000  -5383000.000
  24984000  10649000.000  0.000  4635000.000  0.000  -6014000.000
  24987600  3416715.400  0.000  0.000  2773284.600  -6190000.000
  24991200  0.000  0.000  0.000  6679000.000  -6679000.000
  24994800  0.000  0.000  0.000  6771000.000  -6771000.000
  24998400  0.000  0.000  0.000  6748000.000  -6748000.000
  25002000  0.000  0.000  0.000  6235000.000  -6235000.000
  25005600  0.000  0.000  0.000  6016000.000  -6016000.000
  25009200  0.000  0.000  0.000  5991000.000  -5991000.000
  25012800  0.000  0.000  0.000  5467000.000  -5467000.000
  25016400  0.000  0.000  0.000  5209000.000  -5209000.000
  25020000  0.000  0.000  0.000  5773000.000  -5773000.000
  25023600  0.000  0.000  0.000  5909000.000  -5909000.000
  25027200  0.000  0.000  0.000  6116000.000  -6116000.000
  25030800  0.000  0.000  0.000  6813000.000  -6813000.000
  25034400  0.000  0.000  0.000  7562000.000  -7562000.000
  25038000  0.000  0.000  0.000  6936000.000  -6936000.000
  25041600  0.000  0.000  0.000  6786000.000  -6786000.000
  25045200  6571000.000  0.000  0.000  0.000  -6571000.000
  25048800  10649000.000  0.000  4584000.000  0.000  -6065000.000
  25052400  10649000.000  0.000  5138000.000  0.000  -5511000.000
  25056000  10649000.000  0.000  6033000.000  0.000  -4616000.000
  25059600  10649000.000  0.000  5771000.000  0.000  -4878000.000
  25063200  10649000.000  0.000  6082000.000  0.000  -4567000.000
  25066800  10649000.000  0.000  6006000.000  0.000  -4643000.000
  25070400  10649000.000  0.000  5264000.000  0.000  -5385000.000
  25074000  6037864.100  0.000  0.000  711135.890  -6749000.000
  25077600  0.000  0.000  0.000  6957000.000  -6957000.000
  25081200  0.000  0.000  0.000  6926000.000  -6926000.000
  25084800  0.000  0.000  0.000  6922000.000  -6922000.000
  25088400  0.000  0.000  0.000  6787000.000  -6787000.000
  25092000  0.000  0.000  0.000  6005000.000  -6005000.000
  25095600  10649000.000  0.000  4548000.000  0.000  -6101000.000
  25099200  10649000.000  0.000  4293000.000  0.000  -6356000.000
  25102800  10649000.000  0.000  4461000.000  0.000  -6188000.000
  25106400  10649000.000  0.000  4450000.000  0.000  -6199000.000
  25110000  10649000.000  0.000  4410000.000  0.000  -6239000.000
  25113600  10649000.000  0.000  4050000.000  0.000  -6599000.000
  25117200  0.000  0.000  0.000  7535000.000  -7535000.000
  25120800  0.000  0.000  0.000  7550000.000  -7550000.000
  25124400  10649000.000  0.000  3343000.000  0.000  -7306000.000
  25128000  10649000.000  0.000  3435000.000  0.000  -7214000.000
  25131600  10649000.000  0.000  4728000.000  0.000  -5921000.000
  25135200  10649000.000  0.000  5090000.000  0.000  -5559000.000
  25138800  10649000.000  0.000  5066000.000  0.000  -5583000.000
  25142400  10649000.000  0.000  5081000.000  0.000  -5568000.000
  25146000  10649000.000  0.000  5045000.000  0.000  -5604000.000
  25149600  10649000.000  0.000  5013000.000  0.000  -5636000.000
  25153200  10649000.000  0.000  4516000.000  0.000  -6133000.000
  25156800  10649000.000  0.000  4096000.000  0.000  -6553000.000
  25160400  10649000.000  0.000  3842000.000  0.000  -6807000.000
  25164000  10649000.000  0.000  2955000.000  0.000  -7694000.000
  25167600  10649000.000  0.000  2590000.000  0.000  -8059000.000
  25171200  10649000.000  0.000  2593000.000  0.000  -8056000.000
  25174800  10649000.000  0.000  3189000.000  0.000  -7460000.000
  25178400  10649000.000  0.000  4044000.000  0.000  -6605000.000
  25182000  10649000.000  0.000  4554000.000  0.000  -6095000.000
  25185600  10649000.000  0.000  4512000.000  0.000  -6137000.000
  25189200  10649000.000  0.000  4525000.000  0.000  -6124000.000
  25192800  10649000.000  0.000  3998000.000  0.000  -6651000.000
  25196400  10649000.000  0.000  3340000.000  0.000  -7309000.000
  25200000  10649000.000  0.000  3463000.000  0.000  -7186000.000
  25203600  0.000  0.000  0.000  7230000.000  -7230000.000
  25207200  0.000  0.000  0.000  7062000.000  -7062000.000
  25210800  10649000.000  0.000  3726000.000  0.000  -6923000.000
  25214400  10649000.000  0.000  4042000.000  0.000  -6607000.000
  25218000  10649000.000  0.000  4359000.000  0.000  -6290000.000
  25221600  10649000.000  0.000  4354000.000  0.000  -6295000.000
  25225200  10649000.000  0.000  4351000.000  0.000  -6298000.000
  25228800  10649000.000  0.000  4542000.000  0.000  -6107000.000
  25232400  10649000.000  0.000  4576000.000  0.000  -6073000.000
  25236000  10649000.000  0.000  4593000.000  0.000  -6056000.000
  25239600  10649000.000  0.000  4563000.000  0.000  -6086000.000
  25243200  10649000.000  0.000  4546000.000  0.000  -6103000.000
  25246800  10649000.000  0.000  3876000.000  0.000  -6773000.000
  25250400  10649000.000  0.000  3028000.000  0.000  -7621000.000
  25254000  10649000.000  0.000  3012000.000  0.000  -7637000.000
  25257600  10649000.000  0.000  3053000.000  0.000  -7596000.000
  25261200  10649000.000  0.000  3471000.000  0.000  -7178000.000
  25264800  10649000.000  0.000  4033000.000  0.000  -6616000.000
  25268400  10649000.000  0.000  3927000.000  0.000  -6722000.000
  25272000  10649000.000  0.000  3614000.000  0.000  -7035000.000
  25275600  10649000.000  0.000  3552000.000  0.000  -7097000.000
  25279200  10649000.000  0.000  3529000.000  0.000  -7120000.000
  25282800  10649000.000  0.000  3265000.000  0.000  -7384000.000
  25286400  7397000.000  0.000  0.000  0.000  -7397000.000
  25290000  0.000  0.000  0.000  7421000.000  -7421000.000
  25293600  0.000  0.000  0.000  7393000.000  -7393000.000
  25297200  0.000  0.000  0.000  7372000.000  -7372000.000
  25300800  10649000.000  0.000  3326000.000  0.000  -7323000.000
  25304400  10649000.000  0.000  4271000.000  0.000  -6378000.000
  25308000  10649000.000  0.000  4803000.000  0.000  -5846000.000
  25311600  10649000.000  0.000  4855000.000  0.000  -5794000.000
  25315200  10649000.000  0.000  4880000.000  0.000  -5769000.000
  25318800  10649000.000  0.000  4937000.000  0.000  -5712000.000
  25322400  10649000.000  0.000  4930000.000  0.000  -5719000.000
  25326000  10649000.000  0.000  4922000.000  0.000  -5727000.000
  25329600  10649000.000  0.000  3878000.000  0.000  -6771000.000
  25333200  10649000.000  0.000  3022000.000  0.000  -7627000.000
  25336800  0.000  0.000  0.000  7608000.000  -7608000.000
  25340400  0.000  0.000  0.000  7608000.000  -7608000.000
  25344000  0.000  0.000  0.000  7591000.000  -7591000.000
  25347600  0.000  0.000  0.000  7580000.000  -7580000.000
  25351200  0.000  0.000  0.000  7545000.000  -7545000.000
  25354800  0.000  0.000  0.000  7527000.000  -7527000.000
  25358400  0.000  0.000  0.000  7513000.000  -7513000.000
  25362000  0.000  0.000  0.000  7543000.000  -7543000.000
  25365600  0.000  0.000  0.000  7455000.000  -7455000.000
  25369200  0.000  0.000  0.000  7418000.000  -7418000.000
  25372800  0.000  0.000  0.000  7535000.000  -7535000.000
  25376400  0.000  0.000  0.000  7541000.000  -7541000.000
  25380000  0.000  0.000  0.000  7513000.000  -7513000.000
  25383600  0.000  0.000  0.000  7489000.000  -7489000.000
  25387200  0.000  0.000  0.000  7367000.000  -7367000.000
  25390800  6503000.000  0.000  0.000  0.000  -6503000.000
  25394400  10649000.000  0.000  4727000.000  0.000  -5922000.000
  25398000  10649000.000  0.000  5434000.000  0.000  -5215000.000
  25401600  10649000.000  0.000  5478000.000  0.000  -5171000.000
  25405200  10649000.000  0.000  4817000.000  0.000  -5832000.000
  25408800  10649000.000  0.000  4550000.000  0.000  -6099000.000
  25412400  10649000.000  0.000  4434000.000  0.000  -6215000.000
  25416000  10649000.000  0.000  3440000.000  0.000  -7209000.000
  25419600  0.000  0.000  0.000  7630000.000  -7630000.000
  25423200  0.000  285000.000  0.000  7799000.000  -8084000.000
  25426800  0.000  220000.000  0.000  7799000.000  -8019000.000
  25430400  0.000  162000.000  0.000  7799000.000  -7961000.000
  25434000  0.000  0.000  0.000  7254000.000  -7254000.000
  25437600  0.000  0.000  0.000  5995000.000  -5995000.000
  25441200  0.000  0.000  0.000  6620000.000  -6620000.000
  25444800  7252000.000  0.000  0.000  0.000  -7252000.000
  25448400  7297000.000  0.000  0.000  0.000  -7297000.000
  25452000  10649000.000  0.000  3620000.000  0.000  -7029000.000
  25455600  0.000  0.000  0.000  6633000.000  -6633000.000
  25459200  0.000  0.000  0.000  6842000.000  -6842000.000
  25462800  0.000  0.000  0.000  7443000.000  -7443000.000
  25466400  0.000  0.000  0.000  7370000.000  -7370000.000
  25470000  345000.000  0.000  0.000  7799000.000  -8144000.000
  25473600  178000.000  0.000  0.000  7799000.000  -7977000.000
  25477200  10649000.000  0.000  3746000.000  0.000  -6903000.000
  25480800  10649000.000  0.000  4720000.000  0.000  -5929000.000
  25484400  10649000.000  0.000  4635000.000  0.000  -6014000.000
  25488000  10649000.000  0.000  4413000.000  0.000  -6236000.000
  25491600  10649000.000  0.000  4743000.000  0.000  -5906000.000
  25495200  10649000.000  0.000  5341000.000  0.000  -5308000.000
  25498800  10649000.000  0.000  4945000.000  0.000  -5704000.000
  25502400  10649000.000  0.000  4156000.000  0.000  -6493000.000
  25506000  10649000.000  0.000  3198000.000  0.000  -7451000.000
  25509600  0.000  0.000  0.000  7670000.000  -7670000.000
  25513200  0.000  409000.000  0.000  7799000.000  -8208000.000
  25516800  0.000  286000.000  0.000  7799000.000  -8085000.000
  25520400  0.000  110000.000  0.000  7799000.000  -7909000.000
  25524000  0.000  0.000  0.000  7447000.000  -7447000.000
  25527600  10649000.000  0.000  4215000.000  0.000  -6434000.000
  25531200  10649000.000  0.000  4092000.000  0.000  -6557000.000
  25534800  10649000.000  0.000  4048000.000  0.000  -6601000.000
  25538400  10649000.000  0.000  3969000.000  0.000  -6680000.000
  25542000  0.000  0.000  0.000  6629000.000  -6629000.000
  25545600  0.000  0.000  0.000  7185000.000  -7185000.000
  25549200  0.000  0.000  0.000  7515000.000  -7515000.000
  25552800  0.000  0.000  0.000  7488000.000  -7488000.000
  25556400  6808080.800  0.000  0.000  697919.190  -7506000.000
  25560000  10148381.000  0.000  2693381.200  0.000  -7455000.000
  25563600  10649000.000  0.000  3927000.000  0.000  -6722000.000
  25567200  10649000.000  0.000  4652000.000  0.000  -5997000.000
  25570800  10649000.000  0.000  4663000.000  0.000  -5986000.000
  25574400  10649000.000  0.000  5157000.000  0.000  -5492000.000
  25578000  10649000.000  0.000  5207000.000  0.000  -5442000.000
  25581600  10649000.000  0.000  5293000.000  0.000  -5356000.000
  25585200  10649000.000  0.000  5144000.000  0.000  -5505000.000
  25588800  10649000.000  0.000  3756000.000  0.000  -6893000.000
  25592400  10649000.000  0.000  3121000.000  0.000  -7528000.000
  25596000  0.000  0.000  0.000  7460000.000  -7460000.000
  25599600  0.000  0.000  0.000  7511000.000  -7511000.000
  25603200  0.000  0.000  0.000  7447000.000  -7447000.000
  25606800  0.000  0.000  0.000  7144000.000  -7144000.000
  25610400  0.000  0.000  0.000  6928000.000  -6928000.000
  25614000  0.000  0.000  0.000  6782000.000  -6782000.000
  25617600  6798000.000  0.000  0.000  0.000  -6798000.000
  25621200  10649000.000  0.000  3854000.000  0.000  -6795000.000
  25624800  10649000.000  0.000  3864000.000  0.000  -6785000.000
  25628400  10649000.000  0.000  3834000.000  0.000  -6815000.000
  25632000  8898512.800  0.000  2074512.800  0.000  -6824000.000
  25635600  0.000  0.000  0.000  6789000.000  -6789000.000
  25639200  0.000  0.000  0.000  6794000.000  -6794000.000
  25642800  10649000.000  0.000  3887000.000  0.000  -6762000.000
  25646400  10649000.000  0.000  4203000.000  0.000  -6446000.000
  25650000  10649000.000  0.000  4213000.000  0.000  -6436000.000
  25653600  10649000.000  0.000  4550000.000  0.000  -6099000.000
  25657200  10649000.000  0.000  4647000.000  0.000  -6002000.000
  25660800  10649000.000  0.000  5205000.000  0.000  -5444000.000
  25664400  10649000.000  0.000  5203000.000  0.000  -5446000.000
  25668000  10649000.000  0.000  5227000.000  0.000  -5422000.000
  25671600  10649000.000  0.000  4801000.000  0.000  -5848000.000
  25675200  10649000.000  0.000  4753000.000  0.000  -5896000.000
  25678800  10649000.000  0.000  3909000.000  0.000  -6740000.000
  25682400  0.000  0.000  0.000  7624000.000  -7624000.000
  25686000  0.000  0.000  0.000  7440000.000  -7440000.000
  25689600  0.000  0.000  0.000  6930000.000  -6930000.000
  25693200  0.000  0.000  0.000  6600000.000  -6600000.000
  25696800  0.000  0.000  0.000  6994000.000  -6994000.000
  25700400  10649000.000  0.000  3043000.000  0.000  -7606000.000
  25704000  10649000.000  0.000  3158000.000  0.000  -7491000.000
  25707600  10649000.000  0.000  4012000.000  0.000  -6637000.000
  25711200  10649000.000  0.000  4154000.000  0.000  -6495000.000
  25714800  7495457.400  0.000  237457.370  0.000  -7258000.000
  25718400  0.000  0.000  0.000  7283000.000  -7283000.000
  25722000  0.000  0.000  0.000  7298000.000  -7298000.000
  25725600  0.000  0.000  0.000  7210000.000  -7210000.000
  25729200  0.000  0.000  0.000  7220000.000  -7220000.000
  25732800  10649000.000  0.000  3406000.000  0.000  -7243000.000
  25736400  10649000.000  0.000  4313000.000  0.000  -6336000.000
  25740000  10649000.000  0.000  5329000.000  0.000  -5320000.000
  25743600  10649000.000  0.000  4909000.000  0.000  -5740000.000
  25747200  10649000.000  0.000  5217000.000  0.000  -5432000.000
  25750800  10649000.000  0.000  5346000.000  0.000  -5303000.000
  25754400  10649000.000  0.000  5277000.000  0.000  -5372000.000
  25758000  10649000.000  0.000  5251000.000  0.000  -5398000.000
  25761600  10649000.000  0.000  5217000.000  0.000  -5432000.000
  25765200  10649000.000  0.000  4273000.000  0.000  -6376000.000
  25768800  10649000.000  0.000  3925000.000  0.000  -6724000.000
  25772400  10649000.000  0.000  3654000.000  0.000  -6995000.000
  25776000  10649000.000  0.000  3312000.000  0.000  -7337000.000
  25779600  10649000.000  0.000  2951000.000  0.000  -7698000.000
  25783200  10649000.000  0.000  3711000.000  0.000  -6938000.000
  25786800  10649000.000  0.000  3830000.000  0.000  -6819000.000
  25790400  10649000.000  0.000  3648000.000  0.000  -7001000.000
  25794000  10649000.000  0.000  3862000.000  0.000  -6787000.000
  25797600  10649000.000  0.000  5134000.000  0.000  -5515000.000
  25801200  10649000.000  0.000  4795000.000  0.000  -5854000.000
  25804800  10649000.000  0.000  4407000.000  0.000  -6242000.000
  25808400  10649000.000  0.000  4736000.000  0.000  -5913000.000
  25812000  462402.170  0.000  0.000  6065597.800  -6528000.000
  25815600  10649000.000  0.000  4125000.000  0.000  -6524000.000
  25819200  10649000.000  0.000  4135000.000  0.000  -6514000.000
  25822800  10649000.000  0.000  4945000.000  0.000  -5704000.000
  25826400  10649000.000  0.000  5089000.000  0.000  -5560000.000
  25830000  10649000.000  0.000  5122000.000  0.000  -5527000.000
  25833600  10649000.000  0.000  5360000.000  0.000  -5289000.000
  25837200  10649000.000  0.000  5558000.000  0.000  -5091000.000
  25840800  10649000.000  0.000  5005000.000  0.000  -5644000.000
  25844400  10649000.000  0.000  4453000.000  0.000  -6196000.000
  25848000  10649000.000  0.000  4472000.000  0.000  -6177000.000
  25851600  10649000.000  0.000  3978000.000  0.000  -6671000.000
  25855200  10649000.000  0.000  3091000.000  0.000  -7558000.000
  25858800  10649000.000  0.000  3058000.000  0.000  -7591000.000
  25862400  10649000.000  0.000  3128000.000  0.000  -7521000.000
  25866000  10649000.000  0.000  3118000.000  0.000  -7531000.000
  25869600  10649000.000  0.000  3113000.000  0.000  -7536000.000
  25873200  10649000.000  0.000  3384000.000  0.000  -7265000.000
  25876800  10649000.000  0.000  3107000.000  0.000  -7542000.000
  25880400  10649000.000  0.000  4088000.000  0.000  -6561000.000
  25884000  10649000.000  0.000  4467000.000  0.000  -6182000.000
  25887600  10649000.000  0.000  4443000.000  0.000  -6206000.000
  25891200  10649000.000  0.000  3293000.000  0.000  -7356000.000
  25894800  116000.000  0.000  0.000  7799000.000  -7915000.000
  25898400  593000.000  0.000  0.000  7799000.000  -8392000.000
  25902000  733000.000  0.000  0.000  7799000.000  -8532000.000
  25905600  10649000.000  0.000  3144000.000  0.000  -7505000.000
  25909200  10649000.000  0.000  3771000.000  0.000  -6878000.000
  25912800  10649000.000  0.000  4165000.000  0.000  -6484000.000
  25916400  10649000.000  0.000  4160000.000  0.000  -6489000.000
  25920000  10649000.000  0.000  4392000.000  0.000  -6257000.000
  25923600  10649000.000  0.000  3863000.000  0.000  -6786000.000
  25927200  10649000.000  0.000  3010000.000  0.000  -7639000.000
  25930800  10649000.000  0.000  3080000.000  0.000  -7569000.000
  25934400  10649000.000  0.000  3172000.000  0.000  -7477000.000
  25938000  10649000.000  0.000  3124000.000  0.000  -7525000.000
  25941600  8666176.000  0.000  187176.000  0.000  -8479000.000
  25945200  1671000.000  0.000  0.000  7799000.000  -9470000.000
  25948800  4033715.300  0.000  0.000  5518284.700  -9552000.000
  25952400  10649000.000  0.000  1324000.000  0.000  -9325000.000
  25956000  10649000.000  0.000  2557000.000  0.000  -8092000.000
  25959600  10649000.000  0.000  3523000.000  0.000  -7126000.000
  25963200  10649000.000  0.000  3627000.000  0.000  -7022000.000
  25966800  10649000.000  0.000  3542000.000  0.000  -7107000.000
  25970400  7350000.000  0.000  0.000  0.000  -7350000.000
  25974000  0.000  0.000  0.000  7410000.000  -7410000.000
  25977600  0.000  495000.000  0.000  7799000.000  -8294000.000
  25981200  0.000  900000.000  0.000  7799000.000  -8699000.000
  25984800  0.000  1420000.000  0.000  7799000.000  -9219000.000
  25988400  0.000  2175000.000  0.000  7799000.000  -9974000.000
  25992000  10649000.000  0.000  1314000.000  0.000  -9335000.000
  25995600  10649000.000  0.000  1833000.000  0.000  -8816000.000
  25999200  10649000.000  0.000  3078000.000  0.000  -7571000.000
  26002800  10649000.000  0.000  3068000.000  0.000  -7581000.000
  26006400  10649000.000  0.000  3097000.000  0.000  -7552000.000
  26010000  10649000.000  0.000  2828000.000  0.000  -7821000.000
  26013600  10649000.000  0.000  1796000.000  0.000  -8853000.000
  26017200  10649000.000  0.000  870000.000  0.000  -9779000.000
  26020800  10649000.000  0.000  1446000.000  0.000  -9203000.000
  26024400  10649000.000  0.000  48000.000  0.000  -10601000.000
  26028000  10649000.000  0.000  0.000  298000.000  -10947000.000
  26031600  0.000  3643000.000  0.000  7799000.000  -11442000.000
  26035200  0.000  2659000.000  0.000  7799000.000  -10458000.000
  26038800  0.000  1807000.000  0.000  7799000.000  -9606000.000
  26042400  240000.000  0.000  0.000  7799000.000  -8039000.000
  26046000  0.000  0.000  0.000  7338000.000  -7338000.000
  26049600  10649000.000  0.000  1890000.000  0.000  -8759000.000
  26053200  10649000.000  0.000  2015000.000  0.000  -8634000.000
  26056800  467000.000  0.000  0.000  7799000.000  -8266000.000
  26060400  0.000  382000.000  0.000  7799000.000  -8181000.000
  26064000  0.000  996000.000  0.000  7799000.000  -8795000.000
  26067600  0.000  2560000.000  0.000  7799000.000  -10359000.000
  26071200  0.000  2317000.000  0.000  7799000.000  -10116000.000
  26074800  0.000  2376000.000  0.000  7799000.000  -10175000.000
  26078400  0.000  2641000.000  0.000  7799000.000  -10440000.000
  26082000  10649000.000  0.000  241000.000  0.000  -10408000.000
  26085600  10649000.000  0.000  2193000.000  0.000  -8456000.000
  26089200  10649000.000  0.000  2303000.000  0.000  -8346000.000
  26092800  10649000.000  0.000  2294000.000  0.000  -8355000.000
  26096400  10649000.000  0.000  1489000.000  0.000  -9160000.000
  26100000  10649000.000  0.000  485000.000  0.000  -10164000.000
  26103600  10649000.000  0.000  659000.000  0.000  -9990000.000
  26107200  10649000.000  0.000  0.000  865000.000  -11514000.000
  26110800  10649000.000  0.000  0.000  1704000.000  -12353000.000
  26114400  10649000.000  0.000  0.000  1182000.000  -11831000.000
  26118000  0.000  3772000.000  0.000  7799000.000  -11571000.000
  26121600  0.000  3697000.000  0.000  7799000.000  -11496000.000
  26125200  0.000  2660000.000  0.000  7799000.000  -10459000.000
  26128800  10649000.000  0.000  1288000.000  0.000  -9361000.000
  26132400  10649000.000  0.000  1653000.000  0.000  -8996000.000
  26136000  10649000.000  0.000  1875000.000  0.000  -8774000.000
  26139600  10649000.000  0.000  1877000.000  0.000  -8772000.000
  26143200  10649000.000  0.000  2306000.000  0.000  -8343000.000
  26146800  0.000  2115000.000  0.000  7799000.000  -9914000.000
  26150400  0.000  2189000.000  0.000  7799000.000  -9988000.000
  26154000  0.000  2903000.000  0.000  7799000.000  -10702000.000
  26157600  0.000  3592000.000  0.000  7799000.000  -11391000.000
  26161200  0.000  3770000.000  0.000  7799000.000  -11569000.000
  26164800  0.000  3868000.000  0.000  7799000.000  -11667000.000
  26168400  10649000.000  0.000  0.000  633000.000  -11282000.000
  26172000  10649000.000  0.000  1458000.000  0.000  -9191000.000
  26175600  10649000.000  0.000  1777000.000  0.000  -8872000.000
  26179200  10649000.000  0.000  1718000.000  0.000  -8931000.000
  26182800  10649000.000  0.000  873000.000  0.000  -9776000.000
  26186400  10649000.000  0.000  0.000  86000.000  -10735000.000
  26190000  10649000.000  0.000  124000.000  0.000  -10525000.000
  26193600  10649000.000  0.000  0.000  464000.000  -11113000.000
  26197200  10649000.000  0.000  0.000  679000.000  -11328000.000
  26200800  10649000.000  0.000  0.000  1066000.000  -11715000.000
  26204400  10649000.000  0.000  0.000  2340000.000  -12989000.000
  26208000  10649000.000  0.000  0.000  2214000.000  -12863000.000
  26211600  10649000.000  0.000  0.000  900000.000  -11549000.000
  26215200  10649000.000  0.000  713000.000  0.000  -9936000.000
  26218800  10649000.000  0.000  1317000.000  0.000  -9332000.000
  26222400  10649000.000  0.000  1667000.000  0.000  -8982000.000
  26226000  10649000.000  0.000  1554000.000  0.000  -9095000.000
  26229600  10649000.000  0.000  898000.000  0.000  -9751000.000
  26233200  10649000.000  0.000  1192000.000  0.000  -9457000.000
  26236800  10649000.000  0.000  340000.000  0.000  -10309000.000
  26240400  0.000  4419387.300  0.000  6875612.700  -11295000.000
  26244000  262612.660  4419387.300  0.000  7799000.000  -12481000.000
  26247600  10649000.000  1848000.000  0.000  0.000  -12497000.000
  26251200  10649000.000  1850000.000  0.000  0.000  -12499000.000
  26254800  10649000.000  3934047.500  3090047.500  0.000  -11493000.000
  26258400  10649000.000  4419387.300  5309387.300  0.000  -9759000.000
  26262000  10649000.000  4419387.300  6508387.300  0.000  -8560000.000
  26265600  10649000.000  0.000  1793000.000  0.000  -8856000.000
  26269200  10649000.000  0.000  617000.000  0.000  -10032000.000
  26272800  10649000.000  0.000  0.000  368000.000  -11017000.000
  26276400  10649000.000  0.000  0.000  1204000.000  -11853000.000
  26280000  10649000.000  0.000  0.000  1907000.000  -12556000.000
  26283600  10649000.000  0.000  0.000  2146000.000  -12795000.000
  26287200  10649000.000  0.000  0.000  2144000.000  -12793000.000
  26290800  10649000.000  0.000  0.000  2126000.000  -12775000.000
  26294400  10649000.000  0.000  0.000  2069000.000  -12718000.000
  26298000  10649000.000  0.000  0.000  1299000.000  -11948000.000
  26301600  10649000.000  0.000  0.000  555000.000  -11204000.000
  26305200  10649000.000  0.000  615000.000  0.000  -10034000.000
  26308800  10649000.000  0.000  142000.000  0.000  -10507000.000
  26312400  10649000.000  0.000  0.000  265000.000  -10914000.000
  26316000  10649000.000  0.000  0.000  993000.000  -11642000.000
  26319600  10649000.000  0.000  0.000  938000.000  -11587000.000
  26323200  10649000.000  0.000  0.000  1762000.000  -12411000.000
  26326800  10649000.000  0.000  0.000  2162000.000  -12811000.000
  26330400  10649000.000  0.000  0.000  2084000.000  -12733000.000
  26334000  10649000.000  0.000  0.000  1172000.000  -11821000.000
  26337600  10649000.000  0.000  0.000  954000.000  -11603000.000
  26341200  10649000.000  0.000  0.000  813000.000  -11462000.000
  26344800  10649000.000  0.000  1341000.000  0.000  -9308000.000
  26348400  10649000.000  0.000  2855000.000  0.000  -7794000.000
  26352000  10649000.000  0.000  2434000.000  0.000  -8215000.000
  26355600  10649000.000  0.000  795000.000  0.000  -9854000.000
  26359200  10649000.000  0.000  1280000.000  0.000  -9369000.000
  26362800  10649000.000  0.000  1732000.000  0.000  -8917000.000
  26366400  10649000.000  0.000  1519000.000  0.000  -9130000.000
  26370000  10649000.000  0.000  1259000.000  0.000  -9390000.000
  26373600  10649000.000  0.000  1155000.000  0.000  -9494000.000
  26377200  10649000.000  0.000  331000.000  0.000  -10318000.000
  26380800  10649000.000  0.000  0.000  616000.000  -11265000.000
  26384400  10649000.000  0.000  373000.000  0.000  -10276000.000
  26388000  10649000.000  0.000  748000.000  0.000  -9901000.000
  26391600  10649000.000  0.000  7000.000  0.000  -10642000.000
  26395200  10649000.000  0.000  229000.000  0.000  -10420000.000
  26398800  10649000.000  0.000  1015000.000  0.000  -9634000.000
  26402400  10649000.000  0.000  2101000.000  0.000  -8548000.000
  26406000  10649000.000  0.000  2551000.000  0.000  -8098000.000
  26409600  10649000.000  0.000  2347000.000  0.000  -8302000.000
  26413200  10649000.000  0.000  1242000.000  0.000  -9407000.000
  26416800  10649000.000  0.000  686000.000  0.000  -9963000.000
  26420400  10649000.000  0.000  646000.000  0.000  -10003000.000
  26424000  10649000.000  0.000  871000.000  0.000  -9778000.000
  26427600  10649000.000  0.000  1233000.000  0.000  -9416000.000
  26431200  10649000.000  0.000  2384000.000  0.000  -8265000.000
  26434800  10649000.000  0.000  2430000.000  0.000  -8219000.000
  26438400  10649000.000  0.000  2676000.000  0.000  -7973000.000
  26442000  10649000.000  0.000  3364000.000  0.000  -7285000.000
  26445600  10649000.000  0.000  3371000.000  0.000  -7278000.000
  26449200  10649000.000  0.000  3353000.000  0.000  -7296000.000
  26452800  10649000.000  0.000  2594000.000  0.000  -8055000.000
  26456400  10649000.000  0.000  2393000.000  0.000  -8256000.000
  26460000  10649000.000  0.000  1926000.000  0.000  -8723000.000
  26463600  10649000.000  0.000  1543000.000  0.000  -9106000.000
  26467200  10649000.000  0.000  1162000.000  0.000  -9487000.000
  26470800  10649000.000  0.000  1416000.000  0.000  -9233000.000
  26474400  10649000.000  0.000  1765000.000  0.000  -8884000.000
  26478000  10649000.000  0.000  1816000.000  0.000  -8833000.000
  26481600  10649000.000  0.000  1845000.000  0.000  -8804000.000
  26485200  10649000.000  0.000  2297000.000  0.000  -8352000.000
  26488800  10649000.000  0.000  2399000.000  0.000  -8250000.000
  26492400  10649000.000  0.000  2400000.000  0.000  -8249000.000
  26496000  10649000.000  0.000  1934000.000  0.000  -8715000.000
  26499600  10649000.000  0.000  1215000.000  0.000  -9434000.000
  26503200  10649000.000  0.000  966000.000  0.000  -9683000.000
  26506800  10649000.000  0.000  1281000.000  0.000  -9368000.000
  26510400  10649000.000  0.000  1716000.000  0.000  -8933000.000
  26514000  10649000.000  0.000  2420000.000  0.000  -8229000.000
  26517600  10649000.000  0.000  2933000.000  0.000  -7716000.000
  26521200  10649000.000  0.000  3398000.000  0.000  -7251000.000
  26524800  10649000.000  0.000  3539000.000  0.000  -7110000.000
  26528400  10649000.000  0.000  3778000.000  0.000  -6871000.000
  26532000  10649000.000  0.000  3586000.000  0.000  -7063000.000
  26535600  10649000.000  0.000  3323000.000  0.000  -7326000.000
  26539200  10649000.000  0.000  2445000.000  0.000  -8204000.000
  26542800  10649000.000  0.000  2414000.000  0.000  -8235000.000
  26546400  10649000.000  0.000  1654000.000  0.000  -8995000.000
  26550000  10649000.000  0.000  804000.000  0.000  -9845000.000
  26553600  10649000.000  0.000  1109000.000  0.000  -9540000.000
  26557200  10649000.000  0.000  2349000.000  0.000  -8300000.000
  26560800  10649000.000  0.000  2472000.000  0.000  -8177000.000
  26564400  10649000.000  0.000  2399000.000  0.000  -8250000.000
  26568000  10649000.000  0.000  1560000.000  0.000  -9089000.000
  26571600  10649000.000  0.000  1316000.000  0.000  -9333000.000
  26575200  10649000.000  0.000  1471000.000  0.000  -9178000.000
  26578800  10649000.000  0.000  1396000.000  0.000  -9253000.000
  26582400  10649000.000  0.000  1461000.000  0.000  -9188000.000
  26586000  1373000.000  0.000  0.000  7799000.000  -9172000.000
  26589600  1379000.000  0.000  0.000  7799000.000  -9178000.000
  26593200  10649000.000  0.000  1514000.000  0.000  -9135000.000
  26596800  10649000.000  0.000  1734000.000  0.000  -8915000.000
  26600400  10649000.000  0.000  2350000.000  0.000  -8299000.000
  26604000  10649000.000  0.000  3074000.000  0.000  -7575000.000
  26607600  10649000.000  0.000  2692000.000  0.000  -7957000.000
  26611200  10649000.000  0.000  3771000.000  0.000  -6878000.000
  26614800  10649000.000  0.000  4168000.000  0.000  -6481000.000
  26618400  10649000.000  0.000  3613000.000  0.000  -7036000.000
  26622000  10649000.000  0.000  2857000.000  0.000  -7792000.000
  26625600  10649000.000  0.000  1831000.000  0.000  -8818000.000
  26629200  10649000.000  0.000  1374000.000  0.000  -9275000.000
  26632800  10649000.000  0.000  463000.000  0.000  -10186000.000
  26636400  10649000.000  0.000  1421000.000  0.000  -9228000.000
  26640000  10649000.000  0.000  1909000.000  0.000  -8740000.000
  26643600  10649000.000  0.000  504000.000  0.000  -10145000.000
  26647200  10649000.000  0.000  0.000  488000.000  -11137000.000
  26650800  10649000.000  0.000  511000.000  0.000  -10138000.000
  26654400  10649000.000  0.000  779000.000  0.000  -9870000.000
  26658000  10649000.000  0.000  1287000.000  0.000  -9362000.000
  26661600  10649000.000  0.000  390000.000  0.000  -10259000.000
  26665200  10649000.000  0.000  738000.000  0.000  -9911000.000
  26668800  10649000.000  0.000  540000.000  0.000  -10109000.000
  26672400  2991000.000  0.000  0.000  7799000.000  -10790000.000
  26676000  0.000  3086000.000  0.000  7799000.000  -10885000.000
  26679600  2824000.000  0.000  0.000  7799000.000  -10623000.000
  26683200  10649000.000  0.000  2040000.000  0.000  -8609000.000
  26686800  10649000.000  0.000  1094000.000  0.000  -9555000.000
  26690400  10649000.000  0.000  1442000.000  0.000  -9207000.000
  26694000  10649000.000  0.000  1976000.000  0.000  -8673000.000
  26697600  10649000.000  0.000  2328000.000  0.000  -8321000.000
  26701200  10649000.000  0.000  1611000.000  0.000  -9038000.000
  26704800  10649000.000  0.000  3068000.000  0.000  -7581000.000
  26708400  10649000.000  0.000  2676000.000  0.000  -7973000.000
  26712000  10649000.000  0.000  2006000.000  0.000  -8643000.000
  26715600  10649000.000  0.000  836000.000  0.000  -9813000.000
  26719200  10649000.000  0.000  0.000  764000.000  -11413000.000
  26722800  3993000.000  0.000  0.000  7799000.000  -11792000.000
  26726400  2793000.000  0.000  0.000  7799000.000  -10592000.000
  26730000  2752000.000  0.000  0.000  7799000.000  -10551000.000
  26733600  2509000.000  0.000  0.000  7799000.000  -10308000.000
  26737200  1377000.000  0.000  0.000  7799000.000  -9176000.000
  26740800  1723000.000  0.000  0.000  7799000.000  -9522000.000
  26744400  2361000.000  0.000  0.000  7799000.000  -10160000.000
  26748000  1902000.000  0.000  0.000  7799000.000  -9701000.000
  26751600  3209000.000  0.000  0.000  7799000.000  -11008000.000
  26755200  3249000.000  0.000  0.000  7799000.000  -11048000.000
  26758800  0.000  3211000.000  0.000  7799000.000  -11010000.000
  26762400  0.000  3073000.000  0.000  7799000.000  -10872000.000
  26766000  0.000  2312000.000  0.000  7799000.000  -10111000.000
  26769600  2089000.000  0.000  0.000  7799000.000  -9888000.000
  26773200  10649000.000  0.000  640000.000  0.000  -10009000.000
  26776800  10649000.000  0.000  327000.000  0.000  -10322000.000
  26780400  10649000.000  0.000  1213000.000  0.000  -9436000.000
  26784000  10649000.000  0.000  1656000.000  0.000  -8993000.000
  26787600  10649000.000  0.000  1589000.000  0.000  -9060000.000
  26791200  10649000.000  0.000  2371000.000  0.000  -8278000.000
  26794800  10649000.000  0.000  1755000.000  0.000  -8894000.000
  26798400  10649000.000  0.000  0.000  217000.000  -10866000.000
  26802000  10649000.000  0.000  0.000  1307000.000  -11956000.000
  26805600  10649000.000  0.000  0.000  1977000.000  -12626000.000
  26809200  10649000.000  0.000  0.000  3116000.000  -13765000.000
  26812800  10649000.000  0.000  0.000  2799000.000  -13448000.000
  26816400  10649000.000  0.000  0.000  1178000.000  -11827000.000
  26820000  10649000.000  0.000  8000.000  0.000  -10641000.000
  26823600  10649000.000  0.000  1310000.000  0.000  -9339000.000
  26827200  10649000.000  0.000  1375000.000  0.000  -9274000.000
  26830800  10649000.000  0.000  224000.000  0.000  -10425000.000
  26834400  10649000.000  0.000  0.000  62000.000  -10711000.000
  26838000  10649000.000  0.000  0.000  62000.000  -10711000.000
  26841600  10649000.000  0.000  0.000  505000.000  -11154000.000
  26845200  10649000.000  0.000  0.000  912000.000  -11561000.000
  26848800  10649000.000  0.000  0.000  1352000.000  -12001000.000
  26852400  10649000.000  0.000  0.000  601000.000  -11250000.000
  26856000  10649000.000  0.000  533000.000  0.000  -10116000.000
  26859600  10649000.000  0.000  2220000.000  0.000  -8429000.000
  26863200  10649000.000  0.000  1788000.000  0.000  -8861000.000
  26866800  10649000.000  0.000  2025000.000  0.000  -8624000.000
  26870400  10649000.000  0.000  2471000.000  0.000  -8178000.000
  26874000  10649000.000  0.000  2331000.000  0.000  -8318000.000
  26877600  10649000.000  0.000  2383000.000  0.000  -8266000.000
  26881200  10649000.000  0.000  2087000.000  0.000  -8562000.000
  26884800  10649000.000  0.000  192000.000  0.000  -10457000.000
  26888400  10649000.000  0.000  0.000  796000.000  -11445000.000
  26892000  10649000.000  0.000  0.000  219000.000  -10868000.000
  26895600  10649000.000  0.000  0.000  327000.000  -10976000.000
  26899200  10649000.000  0.000  0.000  387000.000  -11036000.000
  26902800  3419000.000  0.000  0.000  7799000.000  -11218000.000
  26906400  5041394.800  0.000  0.000  5825605.200  -10867000.000
  26910000  10649000.000  0.000  1199000.000  0.000  -9450000.000
  26913600  10649000.000  0.000  2170000.000  0.000  -8479000.000
  26917200  10649000.000  0.000  2428000.000  0.000  -8221000.000
  26920800  10649000.000  0.000  1399000.000  0.000  -9250000.000
  26924400  10649000.000  0.000  465000.000  0.000  -10184000.000
  26928000  10649000.000  0.000  0.000  77000.000  -10726000.000
  26931600  155612.660  4419387.300  0.000  7799000.000  -12374000.000
  26935200  3896000.000  0.000  0.000  7799000.000  -11695000.000
  26938800  10649000.000  0.000  0.000  112000.000  -10761000.000
  26942400  10649000.000  0.000  762000.000  0.000  -9887000.000
  26946000  10649000.000  0.000  827000.000  0.000  -9822000.000
  26949600  10649000.000  0.000  286000.000  0.000  -10363000.000
  26953200  10649000.000  0.000  446000.000  0.000  -10203000.000
  26956800  10649000.000  0.000  1924000.000  0.000  -8725000.000
  26960400  10649000.000  0.000  2240000.000  0.000  -8409000.000
  26964000  10649000.000  0.000  2044000.000  0.000  -8605000.000
  26967600  10649000.000  0.000  1470000.000  0.000  -9179000.000
  26971200  10649000.000  0.000  1306000.000  0.000  -9343000.000
  26974800  10649000.000  0.000  0.000  593000.000  -11242000.000
  26978400  10649000.000  0.000  0.000  355000.000  -11004000.000
  26982000  10649000.000  0.000  304000.000  0.000  -10345000.000
  26985600  10649000.000  0.000  81000.000  0.000  -10568000.000
  26989200  10649000.000  0.000  0.000  746000.000  -11395000.000
  26992800  10649000.000  0.000  0.000  893000.000  -11542000.000
  26996400  10649000.000  0.000  299000.000  0.000  -10350000.000
  27000000  10649000.000  0.000  1305000.000  0.000  -9344000.000
  27003600  10649000.000  0.000  1278000.000  0.000  -9371000.000
  27007200  10649000.000  0.000  1217000.000  0.000  -9432000.000
  27010800  10649000.000  0.000  962000.000  0.000  -9687000.000
  27014400  10649000.000  0.000  181000.000  0.000  -10468000.000
  27018000  10649000.000  0.000  0.000  722000.000  -11371000.000
  27021600  10649000.000  0.000  0.000  756000.000  -11405000.000
  27025200  10649000.000  0.000  0.000  474000.000  -11123000.000
  27028800  10649000.000  0.000  246000.000  0.000  -10403000.000
  27032400  10649000.000  0.000  102000.000  0.000  -10547000.000
  27036000  10649000.000  0.000  694000.000  0.000  -9955000.000
  27039600  10649000.000  0.000  917000.000  0.000  -9732000.000
  27043200  10649000.000  0.000  1189000.000  0.000  -9460000.000
  27046800  10649000.000  0.000  1367000.000  0.000  -9282000.000
  27050400  10649000.000  0.000  156000.000  0.000  -10493000.000
  27054000  10649000.000  0.000  0.000  447000.000  -11096000.000
  27057600  10649000.000  0.000  57000.000  0.000  -10592000.000
  27061200  10649000.000  0.000  0.000  2000.000  -10651000.000
  27064800  10649000.000  0.000  412000.000  0.000  -10237000.000
  27068400  10649000.000  0.000  464000.000  0.000  -10185000.000
  27072000  10649000.000  0.000  357000.000  0.000  -10292000.000
  27075600  10649000.000  0.000  327000.000  0.000  -10322000.000
  27079200  10649000.000  0.000  0.000  673000.000  -11322000.000
  27082800  10649000.000  0.000  0.000  431000.000  -11080000.000
  27086400  10649000.000  0.000  471000.000  0.000  -10178000.000
  27090000  10649000.000  0.000  1141000.000  0.000  -9508000.000
  27093600  10649000.000  0.000  633000.000  0.000  -10016000.000
  27097200  10649000.000  0.000  194000.000  0.000  -10455000.000
  27100800  10649000.000  0.000  0.000  961000.000  -11610000.000
  27104400  10649000.000  0.000  0.000  2392000.000  -13041000.000
  27108000  10649000.000  0.000  0.000  1736000.000  -12385000.000
  27111600  10649000.000  0.000  356000.000  0.000  -10293000.000
  27115200  10649000.000  0.000  930000.000  0.000  -9719000.000
  27118800  10649000.000  0.000  915000.000  0.000  -9734000.000
  27122400  10649000.000  0.000  714000.000  0.000  -9935000.000
  27126000  10649000.000  0.000  1450000.000  0.000  -9199000.000
  27129600  10649000.000  0.000  2298000.000  0.000  -8351000.000
  27133200  10649000.000  0.000  2243000.000  0.000  -8406000.000
  27136800  10649000.000  0.000  1449000.000  0.000  -9200000.000
  27140400  10649000.000  0.000  274000.000  0.000  -10375000.000
  27144000  10649000.000  0.000  0.000  716000.000  -11365000.000
  27147600  10649000.000  0.000  0.000  1860000.000  -12509000.000
  27151200  10649000.000  0.000  0.000  1369000.000  -12018000.000
  27154800  10649000.000  0.000  0.000  1423000.000  -12072000.000
  27158400  10649000.000  0.000  0.000  1425000.000  -12074000.000
  27162000  10649000.000  0.000  0.000  1351000.000  -12000000.000
  27165600  10649000.000  0.000  0.000  1213000.000  -11862000.000
  27169200  10649000.000  0.000  0.000  598000.000  -11247000.000
  27172800  10649000.000  0.000  94000.000  0.000  -10555000.000
  27176400  10649000.000  0.000  591000.000  0.000  -10058000.000
  27180000  10649000.000  0.000  406000.000  0.000  -10243000.000
  27183600  10649000.000  0.000  0.000  1118000.000  -11767000.000
  27187200  10649000.000  0.000  0.000  1425000.000  -12074000.000
  27190800  10649000.000  0.000  0.000  1845000.000  -12494000.000
  27194400  10649000.000  0.000  0.000  2196000.000  -12845000.000
  27198000  10649000.000  0.000  0.000  2150000.000  -12799000.000
  27201600  10649000.000  0.000  0.000  1099000.000  -11748000.000
  27205200  10649000.000  0.000  0.000  378000.000  -11027000.000
  27208800  10649000.000  0.000  772000.000  0.000  -9877000.000
  27212400  10649000.000  0.000  1464000.000  0.000  -9185000.000
  27216000  10649000.000  0.000  1875000.000  0.000  -8774000.000
  27219600  10649000.000  0.000  2085000.000  0.000  -8564000.000
  27223200  10649000.000  0.000  1494000.000  0.000  -9155000.000
  27226800  10649000.000  0.000  1236000.000  0.000  -9413000.000
  27230400  10649000.000  0.000  557000.000  0.000  -10092000.000
  27234000  10649000.000  0.000  0.000  1017000.000  -11666000.000
  27237600  10649000.000  0.000  0.000  2219000.000  -12868000.000
  27241200  10649000.000  0.000  0.000  2073000.000  -12722000.000
  27244800  10649000.000  0.000  0.000  1513000.000  -12162000.000
  27248400  10649000.000  0.000  0.000  1291000.000  -11940000.000
  27252000  10649000.000  0.000  0.000  1300000.000  -11949000.000
  27255600  10649000.000  0.000  0.000  1135000.000  -11784000.000
  27259200  10649000.000  0.000  0.000  1232000.000  -11881000.000
  27262800  10649000.000  0.000  0.000  1453000.000  -12102000.000
  27266400  10649000.000  0.000  0.000  1830000.000  -12479000.000
  27270000  10649000.000  0.000  0.000  1833000.000  -12482000.000
  27273600  10649000.000  0.000  0.000  1430000.000  -12079000.000
  27277200  10649000.000  0.000  0.000  1280000.000  -11929000.000
  27280800  10649000.000  0.000  0.000  1289000.000  -11938000.000
  27284400  10649000.000  0.000  0.000  1307000.000  -11956000.000
  27288000  10649000.000  0.000  0.000  1097000.000  -11746000.000
  27291600  10649000.000  424000.000  0.000  0.000  -11073000.000
  27295200  10649000.000  0.000  192000.000  0.000  -10457000.000
  27298800  10649000.000  0.000  183000.000  0.000  -10466000.000
  27302400  10649000.000  0.000  798000.000  0.000  -9851000.000
  27306000  10649000.000  0.000  952000.000  0.000  -9697000.000
  27309600  10649000.000  0.000  963000.000  0.000  -9686000.000
  27313200  10649000.000  0.000  38000.000  0.000  -10611000.000
  27316800  10649000.000  1589000.000  0.000  0.000  -12238000.000
  27320400  10649000.000  3044000.000  0.000  0.000  -13693000.000
  27324000  10649000.000  3464000.000  0.000  0.000  -14113000.000
  27327600  10649000.000  3382000.000  0.000  0.000  -14031000.000
  27331200  10649000.000  2810000.000  0.000  0.000  -13459000.000
  27334800  10649000.000  2108000.000  0.000  0.000  -12757000.000
  27338400  10649000.000  955333.250  142333.250  0.000  -11462000.000
  27342000  10649000.000  4419387.300  3438387.300  0.000  -11630000.000
  27345600  10649000.000  4419387.300  3070387.300  0.000  -11998000.000
  27349200  10649000.000  4419387.300  2695387.300  0.000  -12373000.000
  27352800  10649000.000  4419387.300  1638387.300  0.000  -13430000.000
  27356400  10649000.000  4419387.300  1585387.300  0.000  -13483000.000
  27360000  1042612.700  4419387.300  0.000  7799000.000  -13261000.000
  27363600  547612.660  4419387.300  0.000  7799000.000  -12766000.000
  27367200  10649000.000  1717000.000  0.000  0.000  -12366000.000
  27370800  10649000.000  1514000.000  0.000  0.000  -12163000.000
  27374400  10649000.000  1254000.000  0.000  0.000  -11903000.000
  27378000  10649000.000  686000.000  0.000  0.000  -11335000.000
  27381600  10649000.000  0.000  614000.000  0.000  -10035000.000
  27385200  10649000.000  0.000  1340000.000  0.000  -9309000.000
  27388800  10649000.000  0.000  1511000.000  0.000  -9138000.000
  27392400  10649000.000  0.000  1568000.000  0.000  -9081000.000
  27396000  10649000.000  0.000  751000.000  0.000  -9898000.000
  27399600  10649000.000  0.000  0.000  21000.000  -10670000.000
  27403200  10649000.000  0.000  0.000  1451000.000  -12100000.000
  27406800  10649000.000  0.000  0.000  1649000.000  -12298000.000
  27410400  10649000.000  0.000  0.000  2220000.000  -12869000.000
  27414000  10649000.000  1189915.000  0.000  413085.040  -12252000.000
  27417600  10649000.000  1267000.000  0.000  0.000  -11916000.000
  27421200  10649000.000  1867000.000  0.000  0.000  -12516000.000
  27424800  10649000.000  1801000.000  0.000  0.000  -12450000.000
  27428400  10649000.000  711000.000  0.000  0.000  -11360000.000
  27432000  10649000.000  0.000  447000.000  0.000  -10202000.000
  27435600  10649000.000  0.000  0.000  83000.000  -10732000.000
  27439200  10649000.000  243810.550  0.000  363189.450  -11256000.000
  27442800  10649000.000  1290000.000  0.000  0.000  -11939000.000
  27446400  10649000.000  1930000.000  0.000  0.000  -12579000.000
  27450000  10649000.000  1991000.000  0.000  0.000  -12640000.000
  27453600  10649000.000  1659000.000  0.000  0.000  -12308000.000
  27457200  10649000.000  1831000.000  0.000  0.000  -12480000.000
  27460800  10649000.000  1163000.000  0.000  0.000  -11812000.000
  27464400  10649000.000  741000.000  0.000  0.000  -11390000.000
  27468000  10649000.000  0.000  488000.000  0.000  -10161000.000
  27471600  10649000.000  0.000  1539000.000  0.000  -9110000.000
  27475200  10649000.000  0.000  1743000.000  0.000  -8906000.000
  27478800  10649000.000  0.000  1718000.000  0.000  -8931000.000
  27482400  10649000.000  0.000  1728000.000  0.000  -8921000.000
  27486000  10649000.000  0.000  667000.000  0.000  -9982000.000
  27489600  10649000.000  0.000  0.000  68000.000  -10717000.000
  27493200  10649000.000  0.000  0.000  632000.000  -11281000.000
  27496800  10649000.000  0.000  0.000  1359000.000  -12008000.000
  27500400  10649000.000  0.000  0.000  1782000.000  -12431000.000
  27504000  10649000.000  0.000  0.000  1723000.000  -12372000.000
  27507600  10649000.000  0.000  0.000  1776000.000  -12425000.000
  27511200  10649000.000  1295301.900  0.000  488698.150  -12433000.000
  27514800  10649000.000  1751000.000  0.000  0.000  -12400000.000
  27518400  10649000.000  1037000.000  0.000  0.000  -11686000.000
  27522000  10649000.000  835000.000  0.000  0.000  -11484000.000
  27525600  10649000.000  1375000.000  0.000  0.000  -12024000.000
  27529200  10649000.000  1612000.000  0.000  0.000  -12261000.000
  27532800  10649000.000  1653000.000  0.000  0.000  -12302000.000
  27536400  10649000.000  1639000.000  0.000  0.000  -12288000.000
  27540000  10649000.000  559000.000  0.000  0.000  -11208000.000
  27543600  10649000.000  0.000  62000.000  0.000  -10587000.000
  27547200  10649000.000  0.000  127000.000  0.000  -10522000.000
  27550800  10649000.000  0.000  744000.000  0.000  -9905000.000
  27554400  10649000.000  0.000  2002000.000  0.000  -8647000.000
  27558000  10649000.000  0.000  3303000.000  0.000  -7346000.000
  27561600  10649000.000  0.000  3508000.000  0.000  -7141000.000
  27565200  10649000.000  0.000  2763000.000  0.000  -7886000.000
  27568800  10649000.000  0.000  2085000.000  0.000  -8564000.000
  27572400  10649000.000  0.000  1717000.000  0.000  -8932000.000
  27576000  10649000.000  0.000  871000.000  0.000  -9778000.000
  27579600  10649000.000  0.000  100000.000  0.000  -10549000.000
  27583200  10649000.000  0.000  414000.000  0.000  -10235000.000
  27586800  10649000.000  0.000  815000.000  0.000  -9834000.000
  27590400  10649000.000  0.000  782000.000  0.000  -9867000.000
  27594000  10649000.000  0.000  510000.000  0.000  -10139000.000
  27597600  10649000.000  0.000  0.000  46000.000  -10695000.000
  27601200  10649000.000  0.000  10000.000  0.000  -10639000.000
  27604800  10649000.000  0.000  64000.000  0.000  -10585000.000
  27608400  10649000.000  0.000  198000.000  0.000  -10451000.000
  27612000  10649000.000  0.000  162000.000  0.000  -10487000.000
  27615600  10649000.000  0.000  102000.000  0.000  -10547000.000
  27619200  10649000.000  0.000  0.000  7000.000  -10656000.000
  27622800  10649000.000  0.000  0.000  882000.000  -11531000.000
  27626400  10649000.000  0.000  0.000  954000.000  -11603000.000
  27630000  10649000.000  0.000  0.000  979000.000  -11628000.000
  27633600  10649000.000  0.000  0.000  314000.000  -10963000.000
  27637200  10649000.000  0.000  108000.000  0.000  -10541000.000
  27640800  10649000.000  0.000  1428000.000  0.000  -9221000.000
  27644400  10649000.000  0.000  2048000.000  0.000  -8601000.000
  27648000  10649000.000  0.000  1458000.000  0.000  -9191000.000
  27651600  10649000.000  0.000  1404000.000  0.000  -9245000.000
  27655200  10649000.000  0.000  786000.000  0.000  -9863000.000
  27658800  10649000.000  0.000  374000.000  0.000  -10275000.000
  27662400  10649000.000  0.000  0.000  243000.000  -10892000.000
  27666000  10649000.000  0.000  0.000  1027000.000  -11676000.000
  27669600  10649000.000  0.000  0.000  724000.000  -11373000.000
  27673200  10649000.000  0.000  0.000  1450000.000  -12099000.000
  27676800  10649000.000  0.000  0.000  1980000.000  -12629000.000
  27680400  10649000.000  0.000  0.000  1899000.000  -12548000.000
  27684000  10649000.000  0.000  0.000  1190000.000  -11839000.000
  27687600  10649000.000  0.000  0.000  0.000  -10649000.000
  27691200  10649000.000  0.000  522000.000  0.000  -10127000.000
  27694800  10649000.000  0.000  770000.000  0.000  -9879000.000
  27698400  10649000.000  0.000  0.000  85000.000  -10734000.000
  27702000  10649000.000  0.000  0.000  818000.000  -11467000.000
  27705600  10649000.000  0.000  0.000  1191000.000  -11840000.000
  27709200  10649000.000  0.000  0.000  1163000.000  -11812000.000
  27712800  10649000.000  0.000  0.000  1157000.000  -11806000.000
  27716400  10649000.000  0.000  0.000  1150000.000  -11799000.000
  27720000  10649000.000  0.000  0.000  1138000.000  -11787000.000
  27723600  10649000.000  0.000  0.000  1123000.000  -11772000.000
  27727200  10649000.000  0.000  112000.000  0.000  -10537000.000
  27730800  10649000.000  0.000  1849000.000  0.000  -8800000.000
  27734400  10649000.000  0.000  2131000.000  0.000  -8518000.000
  27738000  10649000.000  0.000  2413000.000  0.000  -8236000.000
  27741600  10649000.000  0.000  1840000.000  0.000  -8809000.000
  27745200  10649000.000  0.000  793000.000  0.000  -9856000.000
  27748800  10649000.000  0.000  102000.000  0.000  -10547000.000
  27752400  10649000.000  0.000  0.000  208000.000  -10857000.000
  27756000  10649000.000  0.000  0.000  1175000.000  -11824000.000
  27759600  10649000.000  0.000  0.000  741000.000  -11390000.000
  27763200  10649000.000  0.000  72000.000  0.000  -10577000.000
  27766800  10649000.000  0.000  348000.000  0.000  -10301000.000
  27770400  10649000.000  0.000  635000.000  0.000  -10014000.000
  27774000  10649000.000  0.000  309000.000  0.000  -10340000.000
  27777600  10649000.000  0.000  218000.000  0.000  -10431000.000
  27781200  10649000.000  0.000  35000.000  0.000  -10614000.000
  27784800  10649000.000  0.000  0.000  34000.000  -10683000.000
  27788400  10649000.000  0.000  0.000  6000.000  -10655000.000
  27792000  10649000.000  0.000  0.000  111000.000  -10760000.000
  27795600  10649000.000  0.000  0.000  124000.000  -10773000.000
  27799200  10649000.000  0.000  0.000  187000.000  -10836000.000
  27802800  10649000.000  0.000  0.000  445000.000  -11094000.000
  27806400  10649000.000  0.000  0.000  234000.000  -10883000.000
  27810000  10649000.000  0.000  808000.000  0.000  -9841000.000
  27813600  10649000.000  0.000  2092000.000  0.000  -8557000.000
  27817200  10649000.000  0.000  2426000.000  0.000  -8223000.000
  27820800  10649000.000  0.000  2374000.000  0.000  -8275000.000
  27824400  10649000.000  0.000  1763000.000  0.000  -8886000.000
  27828000  10649000.000  0.000  884000.000  0.000  -9765000.000
  27831600  10649000.000  0.000  1060000.000  0.000  -9589000.000
  27835200  10649000.000  0.000  1008000.000  0.000  -9641000.000
  27838800  10649000.000  0.000  0.000  97000.000  -10746000.000
  27842400  10649000.000  0.000  0.000  1207000.000  -11856000.000
  27846000  10649000.000  1040438.900  0.000  398561.080  -12088000.000
  27849600  10649000.000  1232000.000  0.000  0.000  -11881000.000
  27853200  10649000.000  44000.000  0.000  0.000  -10693000.000
  27856800  10649000.000  0.000  611000.000  0.000  -10038000.000
  27860400  10649000.000  0.000  913000.000  0.000  -9736000.000
  27864000  10649000.000  0.000  913000.000  0.000  -9736000.000
  27867600  10649000.000  0.000  556000.000  0.000  -10093000.000
  27871200  10649000.000  0.000  304000.000  0.000  -10345000.000
  27874800  10649000.000  633000.000  0.000  0.000  -11282000.000
  27878400  612.663  4419387.300  0.000  7799000.000  -12219000.000
  27882000  85612.663  4419387.300  0.000  7799000.000  -12304000.000
  27885600  0.000  4419387.300  0.000  7484612.700  -11904000.000
  27889200  0.000  4419387.300  0.000  6502612.700  -10922000.000
  27892800  10649000.000  0.000  1275000.000  0.000  -9374000.000
  27896400  10649000.000  0.000  1139000.000  0.000  -9510000.000
  27900000  10649000.000  0.000  998000.000  0.000  -9651000.000
  27903600  10649000.000  0.000  1726000.000  0.000  -8923000.000
  27907200  10649000.000  0.000  1922000.000  0.000  -8727000.000
  27910800  10649000.000  0.000  1845000.000  0.000  -8804000.000
  27914400  10649000.000  0.000  1847000.000  0.000  -8802000.000
  27918000  10649000.000  0.000  1459000.000  0.000  -9190000.000
  27921600  10649000.000  0.000  244000.000  0.000  -10405000.000
  27925200  10649000.000  298000.000  0.000  0.000  -10947000.000
  27928800  10649000.000  1327387.100  147387.130  0.000  -11829000.000
  27932400  10649000.000  4419387.300  2936387.300  0.000  -12132000.000
  27936000  0.000  4419387.300  0.000  7714612.700  -12134000.000
  27939600  0.000  4419387.300  0.000  7712612.700  -12132000.000
  27943200  10649000.000  3782601.600  3214601.600  0.000  -11217000.000
  27946800  10649000.000  4419387.300  4142387.300  0.000  -10926000.000
  27950400  10649000.000  4419387.300  4044387.300  0.000  -11024000.000
  27954000  10649000.000  4419387.300  3885387.300  0.000  -11183000.000
  27957600  10649000.000  4419387.300  2869387.300  0.000  -12199000.000
  27961200  10649000.000  4419387.300  3168387.300  0.000  -11900000.000
  27964800  0.000  4419387.300  0.000  7453612.700  -11873000.000
  27968400  0.000  4419387.300  0.000  7486612.700  -11906000.000
  27972000  0.000  4419387.300  0.000  6287612.700  -10707000.000
  27975600  10649000.000  182000.000  0.000  0.000  -10831000.000
  27979200  10649000.000  415000.000  0.000  0.000  -11064000.000
  27982800  10649000.000  0.000  201000.000  0.000  -10448000.000
  27986400  10649000.000  0.000  748000.000  0.000  -9901000.000
  27990000  10649000.000  0.000  750000.000  0.000  -9899000.000
  27993600  10649000.000  0.000  926000.000  0.000  -9723000.000
  27997200  10649000.000  0.000  953000.000  0.000  -9696000.000
  28000800  10649000.000  0.000  418000.000  0.000  -10231000.000
  28004400  10649000.000  0.000  175000.000  0.000  -10474000.000
  28008000  10649000.000  0.000  53000.000  0.000  -10596000.000
  28011600  10649000.000  0.000  0.000  68000.000  -10717000.000
  28015200  10649000.000  992000.000  0.000  0.000  -11641000.000
  28018800  10649000.000  1846000.000  0.000  0.000  -12495000.000
  28022400  10649000.000  1741000.000  0.000  0.000  -12390000.000
  28026000  10649000.000  1731000.000  0.000  0.000  -12380000.000
  28029600  10649000.000  1336000.000  0.000  0.000  -11985000.000
  28033200  10649000.000  323000.000  0.000  0.000  -10972000.000
  28036800  10649000.000  96000.000  0.000  0.000  -10745000.000
  28040400  10649000.000  477000.000  0.000  0.000  -11126000.000
  28044000  10649000.000  1135000.000  0.000  0.000  -11784000.000
  28047600  10649000.000  1358000.000  0.000  0.000  -12007000.000
  28051200  10649000.000  3890052.100  2702052.100  0.000  -11837000.000
  28054800  0.000  4419387.300  0.000  6784612.700  -11204000.000
  28058400  10649000.000  389000.000  0.000  0.000  -11038000.000
  28062000  10649000.000  384000.000  0.000  0.000  -11033000.000
  28065600  10649000.000  0.000  1128000.000  0.000  -9521000.000
  28069200  10649000.000  0.000  1893000.000  0.000  -8756000.000
  28072800  10649000.000  0.000  1744000.000  0.000  -8905000.000
  28076400  10649000.000  0.000  1042000.000  0.000  -9607000.000
  28080000  10649000.000  0.000  1948000.000  0.000  -8701000.000
  28083600  10649000.000  0.000  1947000.000  0.000  -8702000.000
  28087200  10649000.000  0.000  1988000.000  0.000  -8661000.000
  28090800  10649000.000  0.000  1944000.000  0.000  -8705000.000
  28094400  10649000.000  0.000  1883000.000  0.000  -8766000.000
  28098000  10649000.000  0.000  1140000.000  0.000  -9509000.000
  28101600  10649000.000  0.000  0.000  660000.000  -11309000.000
  28105200  10649000.000  0.000  0.000  1392000.000  -12041000.000
  28108800  10649000.000  0.000  27000.000  -0.000  -10622000.000
  28112400  10649000.000  0.000  0.000  187000.000  -10836000.000
  28116000  10649000.000  0.000  58000.000  0.000  -10591000.000
  28119600  10649000.000  0.000  321000.000  0.000  -10328000.000
  28123200  10649000.000  0.000  803000.000  0.000  -9846000.000
  28126800  10649000.000  0.000  981000.000  0.000  -9668000.000
  28130400  10649000.000  0.000  276000.000  0.000  -10373000.000
  28134000  10649000.000  0.000  0.000  632000.000  -11281000.000
  28137600  10649000.000  0.000  0.000  263000.000  -10912000.000
  28141200  10649000.000  0.000  0.000  139000.000  -10788000.000
  28144800  10649000.000  0.000  0.000  791000.000  -11440000.000
  28148400  10649000.000  0.000  0.000  586000.000  -11235000.000
  28152000  10649000.000  0.000  0.000  643000.000  -11292000.000
  28155600  10649000.000  0.000  0.000  130000.000  -10779000.000
  28159200  10649000.000  0.000  1674000.000  0.000  -8975000.000
  28162800  10649000.000  0.000  2806000.000  0.000  -7843000.000
  28166400  10649000.000  0.000  3177000.000  0.000  -7472000.000
  28170000  10649000.000  0.000  3582000.000  0.000  -7067000.000
  28173600  10649000.000  0.000  3587000.000  0.000  -7062000.000
  28177200  10649000.000  0.000  2892000.000  0.000  -7757000.000
  28180800  10649000.000  0.000  1929000.000  0.000  -8720000.000
  28184400  10649000.000  0.000  1441000.000  0.000  -9208000.000
  28188000  10649000.000  0.000  0.000  111000.000  -10760000.000
  28191600  10649000.000  0.000  0.000  32000.000  -10681000.000
  28195200  10649000.000  0.000  7000.000  -0.000  -10642000.000
  28198800  10649000.000  0.000  0.000  11000.000  -10660000.000
  28202400  10649000.000  0.000  24000.000  0.000  -10625000.000
  28206000  10649000.000  0.000  0.000  315000.000  -10964000.000
  28209600  10649000.000  0.000  0.000  592000.000  -11241000.000
  28213200  10649000.000  0.000  0.000  264000.000  -10913000.000
  28216800  10649000.000  0.000  19000.000  0.000  -10630000.000
  28220400  10649000.000  0.000  25000.000  0.000  -10624000.000
  28224000  10649000.000  0.000  0.000  746000.000  -11395000.000
  28227600  10649000.000  0.000  0.000  756000.000  -11405000.000
  28231200  10649000.000  0.000  0.000  442000.000  -11091000.000
  28234800  10649000.000  0.000  20000.000  0.000  -10629000.000
  28238400  10649000.000  0.000  23000.000  -0.000  -10626000.000
  28242000  10649000.000  0.000  60000.000  0.000  -10589000.000
  28245600  10649000.000  0.000  1569000.000  0.000  -9080000.000
  28249200  10649000.000  0.000  2421000.000  0.000  -8228000.000
  28252800  10649000.000  0.000  1954000.000  0.000  -8695000.000
  28256400  10649000.000  0.000  1943000.000  0.000  -8706000.000
  28260000  10649000.000  0.000  1680000.000  0.000  -8969000.000
  28263600  10649000.000  0.000  1621000.000  0.000  -9028000.000
  28267200  10649000.000  0.000  1609000.000  0.000  -9040000.000
  28270800  10649000.000  0.000  718000.000  0.000  -9931000.000
  28274400  10649000.000  0.000  0.000  370000.000  -11019000.000
  28278000  10649000.000  0.000  0.000  492000.000  -11141000.000
  28281600  10649000.000  0.000  0.000  497000.000  -11146000.000
  28285200  10649000.000  0.000  0.000  492000.000  -11141000.000
  28288800  10649000.000  0.000  0.000  483000.000  -11132000.000
  28292400  10649000.000  0.000  0.000  470000.000  -11119000.000
  28296000  10649000.000  0.000  0.000  748000.000  -11397000.000
  28299600  10649000.000  0.000  0.000  958000.000  -11607000.000
  28303200  10649000.000  0.000  0.000  962000.000  -11611000.000
  28306800  10649000.000  0.000  0.000  1602000.000  -12251000.000
  28310400  10649000.000  0.000  0.000  1602000.000  -12251000.000
  28314000  10649000.000  0.000  0.000  489000.000  -11138000.000
  28317600  10649000.000  0.000  0.000  425000.000  -11074000.000
  28321200  10649000.000  0.000  0.000  444000.000  -11093000.000
  28324800  10649000.000  0.000  0.000  409000.000  -11058000.000
  28328400  10649000.000  0.000  0.000  375000.000  -11024000.000
  28332000  10649000.000  0.000  933000.000  0.000  -9716000.000
  28335600  10649000.000  0.000  1476000.000  0.000  -9173000.000
  28339200  10649000.000  0.000  1039000.000  0.000  -9610000.000
  28342800  10649000.000  0.000  943000.000  0.000  -9706000.000
  28346400  10649000.000  0.000  564000.000  0.000  -10085000.000
  28350000  10649000.000  0.000  459000.000  0.000  -10190000.000
  28353600  10649000.000  0.000  178000.000  0.000  -10471000.000
  28357200  10649000.000  0.000  0.000  572000.000  -11221000.000
  28360800  10649000.000  0.000  0.000  1287000.000  -11936000.000
  28364400  3697000.000  0.000  0.000  7799000.000  -11496000.000
  28368000  10649000.000  0.000  0.000  467000.000  -11116000.000
  28371600  10649000.000  0.000  0.000  564000.000  -11213000.000
  28375200  10649000.000  0.000  0.000  683000.000  -11332000.000
  28378800  10649000.000  0.000  0.000  821000.000  -11470000.000
  28382400  10649000.000  0.000  0.000  1686000.000  -12335000.000
  28386000  10649000.000  0.000  0.000  1582000.000  -12231000.000
  28389600  10649000.000  0.000  0.000  1594000.000  -12243000.000
  28393200  8231794.600  0.000  0.000  3980205.400  -12212000.000
  28396800  10649000.000  0.000  0.000  622000.000  -11271000.000
  28400400  0.000  3218000.000  0.000  7799000.000  -11017000.000
  28404000  10649000.000  0.000  0.000  406000.000  -11055000.000
  28407600  10649000.000  0.000  0.000  444000.000  -11093000.000
  28411200  10649000.000  0.000  0.000  1245000.000  -11894000.000
  28414800  10649000.000  0.000  0.000  897000.000  -11546000.000
  28418400  10649000.000  0.000  645000.000  0.000  -10004000.000
  28422000  10649000.000  0.000  1980000.000  0.000  -8669000.000
  28425600  10649000.000  0.000  2081000.000  0.000  -8568000.000
  28429200  10649000.000  0.000  2026000.000  0.000  -8623000.000
  28432800  10649000.000  0.000  1468000.000  0.000  -9181000.000
  28436400  10649000.000  0.000  512000.000  0.000  -10137000.000
  28440000  10649000.000  0.000  145000.000  0.000  -10504000.000
  28443600  10649000.000  0.000  0.000  764000.000  -11413000.000
  28447200  10649000.000  0.000  0.000  1571000.000  -12220000.000
  28450800  10649000.000  0.000  0.000  1794000.000  -12443000.000
  28454400  10649000.000  0.000  0.000  1701000.000  -12350000.000
  28458000  10649000.000  0.000  0.000  1069000.000  -11718000.000
  28461600  10649000.000  0.000  0.000  250000.000  -10899000.000
  28465200  10649000.000  0.000  0.000  298000.000  -10947000.000
  28468800  10649000.000  0.000  0.000  335000.000  -10984000.000
  28472400  10649000.000  0.000  0.000  407000.000  -11056000.000
  28476000  10649000.000  0.000  0.000  1110000.000  -11759000.000
  28479600  10649000.000  0.000  0.000  1589000.000  -12238000.000
  28483200  10649000.000  0.000  0.000  1616000.000  -12265000.000
  28486800  10649000.000  0.000  0.000  866000.000  -11515000.000
  28490400  10649000.000  0.000  0.000  80000.000  -10729000.000
  28494000  10649000.000  0.000  0.000  117000.000  -10766000.000
  28497600  10649000.000  0.000  0.000  105000.000  -10754000.000
  28501200  10649000.000  0.000  812000.000  0.000  -9837000.000
  28504800  10649000.000  0.000  2051000.000  0.000  -8598000.000
  28508400  10649000.000  0.000  2016000.000  0.000  -8633000.000
  28512000  10649000.000  0.000  2463000.000  0.000  -8186000.000
  28515600  10649000.000  0.000  2973000.000  0.000  -7676000.000
  28519200  10649000.000  0.000  2321000.000  0.000  -8328000.000
  28522800  10649000.000  0.000  1691000.000  0.000  -8958000.000
  28526400  10649000.000  0.000  1275000.000  0.000  -9374000.000
  28530000  10649000.000  0.000  866000.000  0.000  -9783000.000
  28533600  10649000.000  0.000  0.000  331000.000  -10980000.000
  28537200  10649000.000  0.000  0.000  851000.000  -11500000.000
  28540800  10649000.000  0.000  0.000  25000.000  -10674000.000
  28544400  10649000.000  0.000  0.000  35000.000  -10684000.000
  28548000  10649000.000  0.000  275000.000  0.000  -10374000.000
  28551600  10649000.000  0.000  374000.000  0.000  -10275000.000
  28555200  10649000.000  0.000  464000.000  0.000  -10185000.000
  28558800  10649000.000  0.000  85000.000  0.000  -10564000.000
  28562400  10649000.000  0.000  75000.000  0.000  -10574000.000
  28566000  10649000.000  0.000  94000.000  0.000  -10555000.000
  28569600  10649000.000  0.000  39000.000  0.000  -10610000.000
  28573200  10649000.000  0.000  44000.000  0.000  -10605000.000
  28576800  10649000.000  0.000  35000.000  0.000  -10614000.000
  28580400  10649000.000  0.000  0.000  833000.000  -11482000.000
  28584000  10649000.000  0.000  0.000  1000000.000  -11649000.000
  28587600  10649000.000  0.000  433000.000  0.000  -10216000.000
  28591200  10649000.000  0.000  2403000.000  0.000  -8246000.000
  28594800  10649000.000  0.000  3042000.000  0.000  -7607000.000
  28598400  10649000.000  0.000  3012000.000  0.000  -7637000.000
  28602000  10649000.000  0.000  2973000.000  0.000  -7676000.000
  28605600  10649000.000  0.000  2718000.000  0.000  -7931000.000
  28609200  10649000.000  0.000  2005000.000  0.000  -8644000.000
  28612800  10649000.000  0.000  1640000.000  0.000  -9009000.000
  28616400  10649000.000  0.000  1112000.000  0.000  -9537000.000
  28620000  10649000.000  0.000  0.000  262000.000  -10911000.000
  28623600  10649000.000  0.000  475000.000  0.000  -10174000.000
  28627200  10649000.000  0.000  835000.000  0.000  -9814000.000
  28630800  10649000.000  0.000  852000.000  0.000  -9797000.000
  28634400  10649000.000  0.000  809000.000  0.000  -9840000.000
  28638000  10649000.000  0.000  0.000  187000.000  -10836000.000
  28641600  10649000.000  0.000  0.000  238000.000  -10887000.000
  28645200  10649000.000  0.000  77000.000  0.000  -10572000.000
  28648800  10649000.000  0.000  157000.000  0.000  -10492000.000
  28652400  10649000.000  0.000  544000.000  0.000  -10105000.000
  28656000  10649000.000  0.000  1218000.000  0.000  -9431000.000
  28659600  10649000.000  0.000  924000.000  0.000  -9725000.000
  28663200  10649000.000  0.000  171000.000  0.000  -10478000.000
  28666800  10649000.000  0.000  163000.000  0.000  -10486000.000
  28670400  10649000.000  0.000  184000.000  0.000  -10465000.000
  28674000  10649000.000  0.000  1136000.000  0.000  -9513000.000
  28677600  10649000.000  0.000  1687000.000  0.000  -8962000.000
  28681200  10649000.000  0.000  1866000.000  0.000  -8783000.000
  28684800  10649000.000  0.000  2403000.000  0.000  -8246000.000
  28688400  10649000.000  0.000  1615000.000  0.000  -9034000.000
  28692000  10649000.000  0.000  750000.000  0.000  -9899000.000
  28695600  10649000.000  0.000  23000.000  -0.000  -10626000.000
  28699200  10649000.000  0.000  0.000  730000.000  -11379000.000
  28702800  10649000.000  0.000  0.000  1801000.000  -12450000.000
  28706400  10649000.000  0.000  0.000  2116000.000  -12765000.000
  28710000  10649000.000  0.000  0.000  2873000.000  -13522000.000
  28713600  10649000.000  0.000  0.000  2879000.000  -13528000.000
  28717200  10649000.000  0.000  0.000  2279000.000  -12928000.000
  28720800  10649000.000  0.000  0.000  1984000.000  -12633000.000
  28724400  10649000.000  0.000  0.000  944000.000  -11593000.000
  28728000  10649000.000  0.000  0.000  724000.000  -11373000.000
  28731600  10649000.000  0.000  0.000  725000.000  -11374000.000
  28735200  10649000.000  0.000  0.000  758000.000  -11407000.000
  28738800  10649000.000  0.000  0.000  724000.000  -11373000.000
  28742400  10649000.000  0.000  0.000  1527000.000  -12176000.000
  28746000  10649000.000  0.000  0.000  3263000.000  -13912000.000
  28749600  10649000.000  0.000  0.000  3281000.000  -13930000.000
  28753200  10649000.000  0.000  0.000  3488000.000  -14137000.000
  28756800  10649000.000  0.000  0.000  2768000.000  -13417000.000
  28760400  10649000.000  0.000  0.000  2282000.000  -12931000.000
  28764000  10649000.000  0.000  0.000  507000.000  -11156000.000
  28767600  10649000.000  0.000  341000.000  0.000  -10308000.000
  28771200  10649000.000  0.000  171000.000  0.000  -10478000.000
  28774800  10649000.000  0.000  166000.000  0.000  -10483000.000
  28778400  10649000.000  0.000  0.000  94000.000  -10743000.000
  28782000  10649000.000  0.000  0.000  868000.000  -11517000.000
  28785600  10649000.000  0.000  0.000  1968000.000  -12617000.000
  28789200  10649000.000  0.000  0.000  2597000.000  -13246000.000
  28792800  10649000.000  0.000  0.000  2581000.000  -13230000.000
  28796400  10649000.000  0.000  0.000  2530000.000  -13179000.000
  28800000  10649000.000  195753.500  0.000  1747246.500  -12592000.000
  28803600  10649000.000  1890000.000  0.000  0.000  -12539000.000
  28807200  10649000.000  1843000.000  0.000  0.000  -12492000.000
  28810800  10649000.000  1860000.000  0.000  0.000  -12509000.000
  28814400  10649000.000  996000.000  0.000  0.000  -11645000.000
  28818000  10649000.000  515000.000  0.000  0.000  -11164000.000
  28821600  10649000.000  1166000.000  0.000  0.000  -11815000.000
  28825200  10649000.000  1950000.000  0.000  0.000  -12599000.000
  28828800  10649000.000  3591000.000  0.000  0.000  -14240000.000
  28832400  10649000.000  3314000.000  0.000  0.000  -13963000.000
  28836000  10649000.000  3057000.000  0.000  0.000  -13706000.000
  28839600  10649000.000  2941000.000  0.000  0.000  -13590000.000
  28843200  10649000.000  2149000.000  0.000  0.000  -12798000.000
  28846800  10649000.000  4419387.300  3324387.300  0.000  -11744000.000
  28850400  10649000.000  4419387.300  4234387.300  0.000  -10834000.000
  28854000  10649000.000  4419387.300  4202387.300  0.000  -10866000.000
  28857600  10649000.000  0.000  40000.000  0.000  -10609000.000
  28861200  10649000.000  0.000  115000.000  0.000  -10534000.000
  28864800  10649000.000  0.000  0.000  386000.000  -11035000.000
  28868400  10649000.000  0.000  0.000  1140000.000  -11789000.000
  28872000  10649000.000  0.000  0.000  1944000.000  -12593000.000
  28875600  10649000.000  0.000  0.000  1918000.000  -12567000.000
  28879200  10649000.000  0.000  0.000  2653000.000  -13302000.000
  28882800  10649000.000  0.000  0.000  3024000.000  -13673000.000
  28886400  10649000.000  2587331.000  0.000  763668.960  -14000000.000
  28890000  10649000.000  3336000.000  0.000  0.000  -13985000.000
  28893600  10649000.000  1897000.000  0.000  0.000  -12546000.000
  28897200  10649000.000  189000.000  0.000  0.000  -10838000.000
  28900800  10649000.000  0.000  460000.000  0.000  -10189000.000
  28904400  10649000.000  0.000  221000.000  0.000  -10428000.000
  28908000  10649000.000  0.000  0.000  554000.000  -11203000.000
  28911600  10649000.000  1621266.400  0.000  125733.600  -12396000.000
  28915200  10649000.000  2801000.000  0.000  0.000  -13450000.000
  28918800  10649000.000  2922000.000  0.000  0.000  -13571000.000
  28922400  10649000.000  2878000.000  0.000  0.000  -13527000.000
  28926000  10649000.000  2602000.000  0.000  0.000  -13251000.000
  28929600  10649000.000  3021000.000  0.000  0.000  -13670000.000
  28933200  10649000.000  2076000.000  0.000  0.000  -12725000.000
  28936800  10649000.000  547000.000  0.000  0.000  -11196000.000
  28940400  10649000.000  0.000  595000.000  0.000  -10054000.000
  28944000  10649000.000  0.000  580000.000  0.000  -10069000.000
  28947600  10649000.000  0.000  271000.000  0.000  -10378000.000
  28951200  10649000.000  0.000  0.000  529000.000  -11178000.000
  28954800  10649000.000  794127.420  0.000  912872.580  -12356000.000
  28958400  10649000.000  2539000.000  0.000  0.000  -13188000.000
  28962000  10649000.000  3242000.000  0.000  0.000  -13891000.000
  28965600  10649000.000  3430000.000  0.000  0.000  -14079000.000
  28969200  10649000.000  3757000.000  0.000  0.000  -14406000.000
  28972800  10649000.000  2977000.000  0.000  0.000  -13626000.000
  28976400  10649000.000  2748000.000  0.000  0.000  -13397000.000
  28980000  10649000.000  2322000.000  0.000  0.000  -12971000.000
  28983600  10649000.000  1948000.000  0.000  0.000  -12597000.000
  28987200  10649000.000  985000.000  0.000  0.000  -11634000.000
  28990800  10649000.000  430000.000  0.000  0.000  -11079000.000
  28994400  10649000.000  1148000.000  0.000  0.000  -11797000.000
  28998000  10649000.000  1924000.000  0.000  0.000  -12573000.000
  29001600  10649000.000  3857876.500  263876.540  0.000  -14243000.000
  29005200  10649000.000  4419387.300  0.000  263612.660  -15332000.000
  29008800  10649000.000  4245000.000  0.000  0.000  -14894000.000
  29012400  10649000.000  2772000.000  0.000  0.000  -13421000.000
  29016000  10649000.000  1784000.000  0.000  0.000  -12433000.000
  29019600  10649000.000  646000.000  0.000  0.000  -11295000.000
  29023200  10649000.000  186000.000  0.000  0.000  -10835000.000
  29026800  10649000.000  3731601.300  3536601.300  0.000  -10844000.000
  29030400  10649000.000  4419387.300  4819387.300  0.000  -10249000.000
  29034000  10649000.000  4419387.300  4797387.300  0.000  -10271000.000
  29037600  10649000.000  4419387.300  3487387.300  0.000  -11581000.000
  29041200  10649000.000  4419387.300  2755387.300  0.000  -12313000.000
  29044800  10649000.000  4419387.300  2348387.300  0.000  -12720000.000
  29048400  10649000.000  4419387.300  1094387.300  0.000  -13974000.000
  29052000  10649000.000  4419387.300  710387.340  0.000  -14358000.000
  29055600  2094612.700  4419387.300  0.000  7799000.000  -14313000.000
  29059200  1219612.700  4419387.300  0.000  7799000.000  -13438000.000
  29062800  622612.660  4419387.300  0.000  7799000.000  -12841000.000
  29066400  10649000.000  1577000.000  0.000  0.000  -12226000.000
  29070000  10649000.000  196000.000  0.000  0.000  -10845000.000
  29073600  10649000.000  655000.000  0.000  0.000  -11304000.000
  29077200  10649000.000  970000.000  0.000  0.000  -11619000.000
  29080800  10649000.000  1192000.000  0.000  0.000  -11841000.000
  29084400  10649000.000  1216000.000  0.000  0.000  -11865000.000
  29088000  10649000.000  2082000.000  0.000  0.000  -12731000.000
  29091600  10649000.000  2253000.000  0.000  0.000  -12902000.000
  29095200  10649000.000  2050000.000  0.000  0.000  -12699000.000
  29098800  10649000.000  1985000.000  0.000  0.000  -12634000.000
  29102400  10649000.000  813000.000  0.000  0.000  -11462000.000
  29106000  10649000.000  77000.000  0.000  0.000  -10726000.000
  29109600  10649000.000  0.000  1423000.000  0.000  -9226000.000
  29113200  10649000.000  0.000  1871000.000  0.000  -8778000.000
  29116800  10649000.000  0.000  1597000.000  0.000  -9052000.000
  29120400  10649000.000  0.000  1591000.000  0.000  -9058000.000
  29124000  10649000.000  0.000  1594000.000  0.000  -9055000.000
  29127600  10649000.000  0.000  1630000.000  0.000  -9019000.000
  29131200  10649000.000  0.000  291000.000  0.000  -10358000.000
  29134800  10649000.000  0.000  0.000  956000.000  -11605000.000
  29138400  10649000.000  0.000  0.000  1597000.000  -12246000.000
  29142000  10649000.000  1413000.000  0.000  0.000  -12062000.000
  29145600  10649000.000  1381000.000  0.000  0.000  -12030000.000
  29149200  10649000.000  1182000.000  0.000  0.000  -11831000.000
  29152800  10649000.000  0.000  90000.000  0.000  -10559000.000
  29156400  10649000.000  140000.000  0.000  0.000  -10789000.000
  29160000  10649000.000  213000.000  0.000  0.000  -10862000.000
  29163600  10649000.000  558000.000  0.000  0.000  -11207000.000
  29167200  10649000.000  1852000.000  0.000  0.000  -12501000.000
  29170800  10649000.000  1584000.000  0.000  0.000  -12233000.000
  29174400  10649000.000  1611124.500  209124.520  0.000  -12051000.000
  29178000  0.000  4419387.300  0.000  7608612.700  -12028000.000
  29181600  10649000.000  1343000.000  0.000  0.000  -11992000.000
  29185200  10649000.000  1286000.000  0.000  0.000  -11935000.000
  29188800  10649000.000  559000.000  0.000  0.000  -11208000.000
  29192400  10649000.000  0.000  1011000.000  0.000  -9638000.000
  29196000  10649000.000  0.000  1005000.000  0.000  -9644000.000
  29199600  10649000.000  0.000  716000.000  0.000  -9933000.000
  29203200  10649000.000  0.000  699000.000  0.000  -9950000.000
  29206800  10649000.000  0.000  792000.000  0.000  -9857000.000
  29210400  10649000.000  0.000  1049000.000  0.000  -9600000.000
  29214000  10649000.000  0.000  1872000.000  0.000  -8777000.000
  29217600  10649000.000  0.000  1176000.000  0.000  -9473000.000
  29221200  10649000.000  0.000  612000.000  0.000  -10037000.000
  29224800  10649000.000  0.000  0.000  370000.000  -11019000.000
  29228400  10649000.000  0.000  0.000  1865000.000  -12514000.000
  29232000  10649000.000  0.000  0.000  1970000.000  -12619000.000
  29235600  10649000.000  0.000  0.000  1843000.000  -12492000.000
  29239200  10649000.000  0.000  0.000  2154000.000  -12803000.000
  29242800  10649000.000  799289.110  0.000  663710.890  -12112000.000
  29246400  10649000.000  0.000  77000.000  0.000  -10572000.000
  29250000  10649000.000  127077.000  0.000  76923.000  -10853000.000
  29253600  10649000.000  879000.000  0.000  0.000  -11528000.000
  29257200  10649000.000  1892000.000  0.000  0.000  -12541000.000
  29260800  10649000.000  1567000.000  0.000  0.000  -12216000.000
  29264400  10649000.000  1435000.000  0.000  0.000  -12084000.000
  29268000  10649000.000  1347000.000  0.000  0.000  -11996000.000
  29271600  10649000.000  1275000.000  0.000  0.000  -11924000.000
  29275200  10649000.000  1207000.000  0.000  0.000  -11856000.000
  29278800  10649000.000  699000.000  0.000  0.000  -11348000.000
  29282400  10649000.000  303000.000  0.000  0.000  -10952000.000
  29286000  10649000.000  0.000  573000.000  0.000  -10076000.000
  29289600  10649000.000  0.000  854000.000  0.000  -9795000.000
  29293200  10649000.000  0.000  706000.000  0.000  -9943000.000
  29296800  10649000.000  0.000  734000.000  0.000  -9915000.000
  29300400  10649000.000  0.000  737000.000  0.000  -9912000.000
  29304000  10649000.000  0.000  686000.000  0.000  -9963000.000
  29307600  10649000.000  0.000  475000.000  0.000  -10174000.000
  29311200  10649000.000  0.000  0.000  620000.000  -11269000.000
  29314800  10649000.000  0.000  0.000  1550000.000  -12199000.000
  29318400  10649000.000  0.000  0.000  821000.000  -11470000.000
  29322000  10649000.000  0.000  0.000  970000.000  -11619000.000
  29325600  10649000.000  0.000  0.000  331000.000  -10980000.000
  29329200  10649000.000  0.000  0.000  428000.000  -11077000.000
  29332800  10649000.000  1020300.000  0.000  15700.026  -11685000.000
  29336400  10649000.000  1731000.000  0.000  0.000  -12380000.000
  29340000  10649000.000  2028000.000  0.000  0.000  -12677000.000
  29343600  10649000.000  1789000.000  0.000  0.000  -12438000.000
  29347200  10649000.000  1699000.000  0.000  0.000  -12348000.000
  29350800  10649000.000  1670000.000  0.000  0.000  -12319000.000
  29354400  10649000.000  729000.000  0.000  0.000  -11378000.000
  29358000  10649000.000  284000.000  0.000  0.000  -10933000.000
  29361600  10649000.000  0.000  413000.000  0.000  -10236000.000
  29365200  10649000.000  0.000  1099000.000  0.000  -9550000.000
  29368800  10649000.000  0.000  1773000.000  0.000  -8876000.000
  29372400  10649000.000  0.000  1173000.000  0.000  -9476000.000
  29376000  10649000.000  0.000  1323000.000  0.000  -9326000.000
  29379600  10649000.000  0.000  1215000.000  0.000  -9434000.000
  29383200  10649000.000  0.000  1074000.000  0.000  -9575000.000
  29386800  10649000.000  0.000  2027000.000  0.000  -8622000.000
  29390400  10649000.000  0.000  1661000.000  0.000  -8988000.000
  29394000  10649000.000  0.000  1210000.000  0.000  -9439000.000
  29397600  10649000.000  0.000  11000.000  0.000  -10638000.000
  29401200  10649000.000  0.000  0.000  454000.000  -11103000.000
  29404800  10649000.000  0.000  0.000  495000.000  -11144000.000
  29408400  10649000.000  0.000  0.000  1318000.000  -11967000.000
  29412000  10649000.000  0.000  0.000  1321000.000  -11970000.000
  29415600  10649000.000  0.000  0.000  395000.000  -11044000.000
  29419200  10649000.000  0.000  368000.000  0.000  -10281000.000
  29422800  10649000.000  0.000  877000.000  0.000  -9772000.000
  29426400  10649000.000  0.000  746000.000  0.000  -9903000.000
  29430000  10649000.000  0.000  0.000  381000.000  -11030000.000
  29433600  10649000.000  0.000  0.000  1234000.000  -11883000.000
  29437200  10649000.000  0.000  0.000  1161000.000  -11810000.000
  29440800  10649000.000  0.000  31000.000  0.000  -10618000.000
  29444400  10649000.000  0.000  285000.000  0.000  -10364000.000
  29448000  10649000.000  0.000  737000.000  0.000  -9912000.000
  29451600  10649000.000  0.000  930000.000  0.000  -9719000.000
  29455200  10649000.000  0.000  1310000.000  0.000  -9339000.000
  29458800  10649000.000  0.000  1765000.000  0.000  -8884000.000
  29462400  10649000.000  0.000  683000.000  0.000  -9966000.000
  29466000  10649000.000  0.000  1259000.000  0.000  -9390000.000
  29469600  10649000.000  0.000  2179000.000  0.000  -8470000.000
  29473200  10649000.000  0.000  2999000.000  0.000  -7650000.000
  29476800  10649000.000  0.000  2908000.000  0.000  -7741000.000
  29480400  10649000.000  0.000  1582000.000  0.000  -9067000.000
  29484000  10649000.000  0.000  0.000  196000.000  -10845000.000
  29487600  10649000.000  0.000  0.000  873000.000  -11522000.000
  29491200  10649000.000  0.000  0.000  1194000.000  -11843000.000
  29494800  10649000.000  0.000  0.000  951000.000  -11600000.000
  29498400  10649000.000  0.000  0.000  976000.000  -11625000.000
  29502000  10649000.000  0.000  0.000  708000.000  -11357000.000
  29505600  10649000.000  0.000  0.000  382000.000  -11031000.000
  29509200  10649000.000  0.000  0.000  446000.000  -11095000.000
  29512800  10649000.000  0.000  0.000  582000.000  -11231000.000
  29516400  10649000.000  0.000  0.000  571000.000  -11220000.000
  29520000  10649000.000  0.000  0.000  588000.000  -11237000.000
  29523600  10649000.000  0.000  0.000  590000.000  -11239000.000
  29527200  10649000.000  0.000  0.000  62000.000  -10711000.000
  29530800  10649000.000  0.000  0.000  282000.000  -10931000.000
  29534400  10649000.000  0.000  0.000  530000.000  -11179000.000
  29538000  10649000.000  0.000  67000.000  0.000  -10582000.000
  29541600  10649000.000  0.000  509000.000  0.000  -10140000.000
  29545200  10649000.000  0.000  1739000.000  0.000  -8910000.000
  29548800  10649000.000  0.000  1933000.000  0.000  -8716000.000
  29552400  10649000.000  0.000  1632000.000  0.000  -9017000.000
  29556000  10649000.000  0.000  343000.000  0.000  -10306000.000
  29559600  10649000.000  0.000  323000.000  0.000  -10326000.000
  29563200  10649000.000  0.000  253000.000  0.000  -10396000.000
  29566800  10649000.000  0.000  134000.000  0.000  -10515000.000
  29570400  10649000.000  0.000  0.000  768000.000  -11417000.000
  29574000  10649000.000  0.000  0.000  2141000.000  -12790000.000
  29577600  10649000.000  0.000  0.000  2114000.000  -12763000.000
  29581200  10649000.000  0.000  0.000  2107000.000  -12756000.000
  29584800  10649000.000  0.000  0.000  1652000.000  -12301000.000
  29588400  10649000.000  0.000  0.000  1266000.000  -11915000.000
  29592000  10649000.000  0.000  0.000  1230000.000  -11879000.000
  29595600  10649000.000  0.000  0.000  1349000.000  -11998000.000
  29599200  10649000.000  0.000  0.000  1662000.000  -12311000.000
  29602800  10649000.000  0.000  0.000  1661000.000  -12310000.000
  29606400  10649000.000  0.000  0.000  1844000.000  -12493000.000
  29610000  10649000.000  0.000  0.000  1850000.000  -12499000.000
  29613600  10649000.000  0.000  0.000  1833000.000  -12482000.000
  29617200  10649000.000  1224317.700  0.000  442682.280  -12316000.000
  29620800  10649000.000  1017000.000  0.000  0.000  -11666000.000
  29624400  10649000.000  910000.000  0.000  0.000  -11559000.000
  29628000  10649000.000  832000.000  0.000  0.000  -11481000.000
  29631600  10649000.000  847000.000  0.000  0.000  -11496000.000
  29635200  10649000.000  717000.000  0.000  0.000  -11366000.000
  29638800  10649000.000  0.000  898000.000  0.000  -9751000.000
  29642400  10649000.000  0.000  794000.000  0.000  -9855000.000
  29646000  10649000.000  0.000  85000.000  0.000  -10564000.000
  29649600  10649000.000  94363.513  0.000  1772636.500  -12516000.000
  29653200  10649000.000  2293000.000  0.000  0.000  -12942000.000
  29656800  10649000.000  3102000.000  0.000  0.000  -13751000.000
  29660400  10649000.000  3203000.000  0.000  0.000  -13852000.000
  29664000  10649000.000  3195000.000  0.000  0.000  -13844000.000
  29667600  10649000.000  2344000.000  0.000  0.000  -12993000.000
  29671200  10649000.000  1576000.000  0.000  0.000  -12225000.000
  29674800  10649000.000  1456000.000  0.000  0.000  -12105000.000
  29678400  10649000.000  1382000.000  0.000  0.000  -12031000.000
  29682000  10649000.000  1381000.000  0.000  0.000  -12030000.000
  29685600  10649000.000  1625000.000  0.000  0.000  -12274000.000
  29689200  10649000.000  1829000.000  0.000  0.000  -12478000.000
  29692800  10649000.000  2329000.000  0.000  0.000  -12978000.000
  29696400  10649000.000  3442000.000  0.000  0.000  -14091000.000
  29700000  10649000.000  3835000.000  0.000  0.000  -14484000.000
  29703600  10649000.000  3414000.000  0.000  0.000  -14063000.000
  29707200  10649000.000  2815000.000  0.000  0.000  -13464000.000
  29710800  10649000.000  1970000.000  0.000  0.000  -12619000.000
  29714400  10649000.000  160000.000  0.000  0.000  -10809000.000
  29718000  10649000.000  0.000  463000.000  0.000  -10186000.000
  29721600  10649000.000  0.000  957000.000  0.000  -9692000.000
  29725200  10649000.000  0.000  608000.000  0.000  -10041000.000
  29728800  10649000.000  0.000  0.000  597000.000  -11246000.000
  29732400  10649000.000  0.000  0.000  919000.000  -11568000.000
  29736000  10649000.000  444842.410  0.000  506157.590  -11600000.000
  29739600  10649000.000  1000000.000  0.000  0.000  -11649000.000
  29743200  10649000.000  1556000.000  0.000  0.000  -12205000.000
  29746800  10649000.000  2706000.000  0.000  0.000  -13355000.000
  29750400  10649000.000  2581000.000  0.000  0.000  -13230000.000
  29754000  10649000.000  2058000.000  0.000  0.000  -12707000.000
  29757600  10649000.000  1682000.000  0.000  0.000  -12331000.000
  29761200  10649000.000  1724000.000  0.000  0.000  -12373000.000
  29764800  10649000.000  1673000.000  0.000  0.000  -12322000.000
  29768400  10649000.000  1621000.000  0.000  0.000  -12270000.000
  29772000  10649000.000  2155000.000  0.000  0.000  -12804000.000
  29775600  10649000.000  2282000.000  0.000  0.000  -12931000.000
  29779200  10649000.000  2100000.000  0.000  0.000  -12749000.000
  29782800  10649000.000  1991000.000  0.000  0.000  -12640000.000
  29786400  10649000.000  2378000.000  0.000  0.000  -13027000.000
  29790000  10649000.000  3221000.000  0.000  0.000  -13870000.000
  29793600  10649000.000  1377000.000  0.000  0.000  -12026000.000
  29797200  10649000.000  585000.000  0.000  0.000  -11234000.000
  29800800  10649000.000  0.000  794000.000  0.000  -9855000.000
  29804400  10649000.000  0.000  1450000.000  0.000  -9199000.000
  29808000  10649000.000  0.000  1407000.000  0.000  -9242000.000
  29811600  10649000.000  0.000  1194000.000  0.000  -9455000.000
  29815200  10649000.000  0.000  911000.000  0.000  -9738000.000
  29818800  10649000.000  0.000  636000.000  0.000  -10013000.000
  29822400  10649000.000  0.000  0.000  476000.000  -11125000.000
  29826000  10649000.000  0.000  0.000  610000.000  -11259000.000
  29829600  10649000.000  0.000  0.000  1458000.000  -12107000.000
  29833200  10649000.000  0.000  0.000  2551000.000  -13200000.000
  29836800  10649000.000  1075883.100  0.000  1257116.900  -12982000.000
  29840400  10649000.000  1612000.000  0.000  0.000  -12261000.000
  29844000  10649000.000  756000.000  0.000  0.000  -11405000.000
  29847600  10649000.000  1395000.000  0.000  0.000  -12044000.000
  29851200  10649000.000  2630000.000  0.000  0.000  -13279000.000
  29854800  10649000.000  3221000.000  0.000  0.000  -13870000.000
  29858400  10649000.000  2757000.000  0.000  0.000  -13406000.000
  29862000  10649000.000  2730000.000  0.000  0.000  -13379000.000
  29865600  10649000.000  1792000.000  0.000  0.000  -12441000.000
  29869200  10649000.000  1614000.000  0.000  0.000  -12263000.000
  29872800  10649000.000  2485000.000  0.000  0.000  -13134000.000
  29876400  10649000.000  1674000.000  0.000  0.000  -12323000.000
  29880000  10649000.000  2232000.000  0.000  0.000  -12881000.000
  29883600  10649000.000  2847000.000  0.000  0.000  -13496000.000
  29887200  10649000.000  1018000.000  0.000  0.000  -11667000.000
  29890800  10649000.000  838000.000  0.000  0.000  -11487000.000
  29894400  10649000.000  962000.000  0.000  0.000  -11611000.000
  29898000  10649000.000  182000.000  0.000  0.000  -10831000.000
  29901600  10649000.000  34000.000  0.000  0.000  -10683000.000
  29905200  10649000.000  928000.000  0.000  0.000  -11577000.000
  29908800  10649000.000  1904000.000  0.000  0.000  -12553000.000
  29912400  10649000.000  1734000.000  0.000  0.000  -12383000.000
  29916000  10649000.000  4405846.700  1111846.700  0.000  -13943000.000
  29919600  10649000.000  4419387.300  0.000  351612.660  -15420000.000
  29923200  10649000.000  4419387.300  0.000  620612.660  -15689000.000
  29926800  10649000.000  4419387.300  0.000  137612.660  -15206000.000
  29930400  10649000.000  3678000.000  0.000  0.000  -14327000.000
  29934000  10649000.000  2623000.000  0.000  0.000  -13272000.000
  29937600  10649000.000  2356000.000  0.000  0.000  -13005000.000
  29941200  10649000.000  2327000.000  0.000  0.000  -12976000.000
  29944800  10649000.000  2242000.000  0.000  0.000  -12891000.000
  29948400  10649000.000  3779757.400  144757.420  0.000  -14284000.000
  29952000  10649000.000  4419387.300  0.000  144612.660  -15213000.000
  29955600  10649000.000  3938000.000  0.000  0.000  -14587000.000
  29959200  10649000.000  3567000.000  0.000  0.000  -14216000.000
  29962800  10649000.000  2568000.000  0.000  0.000  -13217000.000
  29966400  10649000.000  2091000.000  0.000  0.000  -12740000.000
  29970000  10649000.000  1938000.000  0.000  0.000  -12587000.000
  29973600  10649000.000  1370000.000  0.000  0.000  -12019000.000
  29977200  10649000.000  360000.000  0.000  0.000  -11009000.000
  29980800  10649000.000  307000.000  0.000  0.000  -10956000.000
  29984400  10649000.000  1304000.000  0.000  0.000  -11953000.000
  29988000  10649000.000  1509000.000  0.000  0.000  -12158000.000
  29991600  10649000.000  1525000.000  0.000  0.000  -12174000.000
  29995200  10649000.000  1551000.000  0.000  0.000  -12200000.000
  29998800  10649000.000  1573000.000  0.000  0.000  -12222000.000
  30002400  10649000.000  1543000.000  0.000  0.000  -12192000.000
  30006000  10649000.000  1564000.000  0.000  0.000  -12213000.000
  30009600  10649000.000  1573000.000  0.000  0.000  -12222000.000
  30013200  10649000.000  2093000.000  0.000  0.000  -12742000.000
  30016800  10649000.000  2524000.000  0.000  0.000  -13173000.000
  30020400  10649000.000  3042000.000  0.000  0.000  -13691000.000
  30024000  10649000.000  3946000.000  0.000  0.000  -14595000.000
  30027600  10649000.000  2759000.000  0.000  0.000  -13408000.000
  30031200  10649000.000  1989000.000  0.000  0.000  -12638000.000
  30034800  10649000.000  2555000.000  0.000  0.000  -13204000.000
  30038400  10649000.000  2723000.000  0.000  0.000  -13372000.000
  30042000  10649000.000  2605000.000  0.000  0.000  -13254000.000
  30045600  10649000.000  2627000.000  0.000  0.000  -13276000.000
  30049200  10649000.000  2421000.000  0.000  0.000  -13070000.000
  30052800  10649000.000  1330000.000  0.000  0.000  -11979000.000
  30056400  10649000.000  1449000.000  0.000  0.000  -12098000.000
  30060000  10649000.000  0.000  93000.000  0.000  -10556000.000
  30063600  10649000.000  615093.000  0.000  92907.000  -11357000.000
  30067200  10649000.000  0.000  598000.000  0.000  -10051000.000
  30070800  10649000.000  0.000  254000.000  0.000  -10395000.000
  30074400  10649000.000  0.000  0.000  242000.000  -10891000.000
  30078000  10649000.000  0.000  0.000  223000.000  -10872000.000
  30081600  10649000.000  292442.890  0.000  384557.110  -11326000.000
  30085200  10649000.000  1813000.000  0.000  0.000  -12462000.000
  30088800  10649000.000  2005000.000  0.000  0.000  -12654000.000
  30092400  10649000.000  1863000.000  0.000  0.000  -12512000.000
  30096000  10649000.000  2377000.000  0.000  0.000  -13026000.000
  30099600  10649000.000  2795000.000  0.000  0.000  -13444000.000
  30103200  10649000.000  2886000.000  0.000  0.000  -13535000.000
  30106800  10649000.000  1862000.000  0.000  0.000  -12511000.000
  30110400  10649000.000  1826000.000  0.000  0.000  -12475000.000
  30114000  10649000.000  2797000.000  0.000  0.000  -13446000.000
  30117600  10649000.000  3586000.000  0.000  0.000  -14235000.000
  30121200  10649000.000  3386000.000  0.000  0.000  -14035000.000
  30124800  10649000.000  2979000.000  0.000  0.000  -13628000.000
  30128400  10649000.000  2675000.000  0.000  0.000  -13324000.000
  30132000  10649000.000  2316000.000  0.000  0.000  -12965000.000
  30135600  10649000.000  2082000.000  0.000  0.000  -12731000.000
  30139200  10649000.000  1405000.000  0.000  0.000  -12054000.000
  30142800  10649000.000  1327000.000  0.000  0.000  -11976000.000
  30146400  10649000.000  810000.000  0.000  0.000  -11459000.000
  30150000  10649000.000  0.000  124000.000  0.000  -10525000.000
  30153600  10649000.000  0.000  1284000.000  0.000  -9365000.000
  30157200  10649000.000  0.000  1692000.000  0.000  -8957000.000
  30160800  10649000.000  0.000  318000.000  0.000  -10331000.000
  30164400  10649000.000  0.000  0.000  11000.000  -10660000.000
  30168000  10649000.000  0.000  0.000  1898000.000  -12547000.000
  30171600  10649000.000  1041940.200  0.000  1496059.800  -13187000.000
  30175200  10649000.000  2812000.000  0.000  0.000  -13461000.000
  30178800  10649000.000  3391000.000  0.000  0.000  -14040000.000
  30182400  10649000.000  3956000.000  0.000  0.000  -14605000.000
  30186000  10649000.000  3146000.000  0.000  0.000  -13795000.000
  30189600  10649000.000  1841000.000  0.000  0.000  -12490000.000
  30193200  10649000.000  1343000.000  0.000  0.000  -11992000.000
  30196800  10649000.000  1090000.000  0.000  0.000  -11739000.000
  30200400  10649000.000  1553000.000  0.000  0.000  -12202000.000
  30204000  10649000.000  1517000.000  0.000  0.000  -12166000.000
  30207600  10649000.000  2259000.000  0.000  0.000  -12908000.000
  30211200  10649000.000  2774000.000  0.000  0.000  -13423000.000
  30214800  10649000.000  2862000.000  0.000  0.000  -13511000.000
  30218400  10649000.000  2443000.000  0.000  0.000  -13092000.000
  30222000  10649000.000  1865000.000  0.000  0.000  -12514000.000
  30225600  10649000.000  1074000.000  0.000  0.000  -11723000.000
  30229200  10649000.000  60000.000  0.000  0.000  -10709000.000
  30232800  10649000.000  0.000  970000.000  0.000  -9679000.000
  30236400  10649000.000  0.000  1031000.000  0.000  -9618000.000
  30240000  10649000.000  0.000  1116000.000  0.000  -9533000.000
  30243600  10649000.000  0.000  1090000.000  0.000  -9559000.000
  30247200  10649000.000  0.000  616000.000  0.000  -10033000.000
  30250800  10649000.000  0.000  368000.000  0.000  -10281000.000
  30254400  10649000.000  0.000  0.000  69000.000  -10718000.000
  30258000  10649000.000  0.000  0.000  539000.000  -11188000.000
  30261600  10649000.000  0.000  0.000  1446000.000  -12095000.000
  30265200  10649000.000  0.000  0.000  1615000.000  -12264000.000
  30268800  10649000.000  0.000  0.000  901000.000  -11550000.000
  30272400  10649000.000  0.000  0.000  515000.000  -11164000.000
  30276000  10649000.000  918186.330  0.000  70813.673  -11638000.000
  30279600  10649000.000  1175000.000  0.000  0.000  -11824000.000
  30283200  10649000.000  1180000.000  0.000  0.000  -11829000.000
  30286800  10649000.000  1152000.000  0.000  0.000  -11801000.000
  30290400  10649000.000  1153000.000  0.000  0.000  -11802000.000
  30294000  10649000.000  1467000.000  0.000  0.000  -12116000.000
  30297600  10649000.000  1552000.000  0.000  0.000  -12201000.000
  30301200  10649000.000  212000.000  0.000  0.000  -10861000.000
  30304800  10649000.000  0.000  94000.000  0.000  -10555000.000
  30308400  10649000.000  0.000  403000.000  0.000  -10246000.000
  30312000  10649000.000  0.000  854000.000  0.000  -9795000.000
  30315600  10649000.000  0.000  1416000.000  0.000  -9233000.000
  30319200  10649000.000  0.000  1827000.000  0.000  -8822000.000
  30322800  10649000.000  0.000  2051000.000  0.000  -8598000.000
  30326400  10649000.000  0.000  2315000.000  0.000  -8334000.000
  30330000  10649000.000  0.000  2058000.000  0.000  -8591000.000
  30333600  10649000.000  0.000  1768000.000  0.000  -8881000.000
  30337200  10649000.000  0.000  562000.000  0.000  -10087000.000
  30340800  10649000.000  0.000  0.000  30000.000  -10679000.000
  30344400  10649000.000  0.000  0.000  1488000.000  -12137000.000
  30348000  10649000.000  0.000  0.000  2080000.000  -12729000.000
  30351600  10649000.000  0.000  0.000  1708000.000  -12357000.000
  30355200  10649000.000  0.000  0.000  1758000.000  -12407000.000
  30358800  10649000.000  0.000  0.000  1738000.000  -12387000.000
  30362400  10649000.000  0.000  0.000  768000.000  -11417000.000
  30366000  10649000.000  0.000  119000.000  0.000  -10530000.000
  30369600  10649000.000  0.000  0.000  9000.000  -10658000.000
  30373200  10649000.000  0.000  0.000  94000.000  -10743000.000
  30376800  10649000.000  0.000  0.000  1190000.000  -11839000.000
  30380400  10649000.000  0.000  0.000  1522000.000  -12171000.000
  30384000  10649000.000  779449.760  0.000  948550.240  -12377000.000
  30387600  10649000.000  837000.000  0.000  0.000  -11486000.000
  30391200  10649000.000  777000.000  0.000  0.000  -11426000.000
  30394800  10649000.000  836000.000  0.000  0.000  -11485000.000
  30398400  10649000.000  816000.000  0.000  0.000  -11465000.000
  30402000  10649000.000  437000.000  0.000  0.000  -11086000.000
  30405600  10649000.000  764000.000  0.000  0.000  -11413000.000
  30409200  10649000.000  0.000  352000.000  0.000  -10297000.000
  30412800  10649000.000  0.000  1086000.000  0.000  -9563000.000
  30416400  10649000.000  0.000  1661000.000  0.000  -8988000.000
  30420000  10649000.000  0.000  1286000.000  0.000  -9363000.000
  30423600  10649000.000  0.000  0.000  97000.000  -10746000.000
  30427200  10649000.000  0.000  0.000  452000.000  -11101000.000
  30430800  10649000.000  0.000  0.000  1048000.000  -11697000.000
  30434400  10649000.000  0.000  0.000  1591000.000  -12240000.000
  30438000  10649000.000  580315.650  0.000  1175684.300  -12405000.000
  30441600  10649000.000  1751000.000  0.000  0.000  -12400000.000
  30445200  10649000.000  1696000.000  0.000  0.000  -12345000.000
  30448800  10649000.000  1623000.000  0.000  0.000  -12272000.000
  30452400  10649000.000  1408000.000  0.000  0.000  -12057000.000
  30456000  10649000.000  0.000  179000.000  0.000  -10470000.000
  30459600  10649000.000  0.000  685000.000  0.000  -9964000.000
  30463200  10649000.000  0.000  376000.000  0.000  -10273000.000
  30466800  10649000.000  0.000  60000.000  0.000  -10589000.000
  30470400  10649000.000  0.000  0.000  1036000.000  -11685000.000
  30474000  10649000.000  751839.920  0.000  260160.080  -11661000.000
  30477600  10649000.000  992000.000  0.000  0.000  -11641000.000
  30481200  10649000.000  1023000.000  0.000  0.000  -11672000.000
  30484800  10649000.000  1042000.000  0.000  0.000  -11691000.000
  30488400  10649000.000  0.000  386000.000  0.000  -10263000.000
  30492000  10649000.000  0.000  1319000.000  0.000  -9330000.000
  30495600  10649000.000  0.000  1811000.000  0.000  -8838000.000
  30499200  10649000.000  0.000  1770000.000  0.000  -8879000.000
  30502800  10649000.000  0.000  1434000.000  0.000  -9215000.000
  30506400  10649000.000  0.000  1281000.000  0.000  -9368000.000
  30510000  10649000.000  0.000  500000.000  0.000  -10149000.000
  30513600  10649000.000  0.000  95000.000  0.000  -10554000.000
  30517200  10649000.000  0.000  0.000  639000.000  -11288000.000
  30520800  10649000.000  0.000  0.000  911000.000  -11560000.000
  30524400  10649000.000  0.000  0.000  1489000.000  -12138000.000
  30528000  10649000.000  0.000  0.000  1503000.000  -12152000.000
  30531600  10649000.000  0.000  0.000  1479000.000  -12128000.000
  30535200  10649000.000  0.000  0.000  1407000.000  -12056000.000
  30538800  10649000.000  404621.580  0.000  1097378.400  -12151000.000
  30542400  10649000.000  1453000.000  0.000  0.000  -12102000.000
  30546000  10649000.000  387000.000  0.000  0.000  -11036000.000
  30549600  10649000.000  47000.000  0.000  0.000  -10696000.000
  30553200  10649000.000  36000.000  0.000  0.000  -10685000.000
  30556800  10649000.000  129000.000  0.000  0.000  -10778000.000
  30560400  10649000.000  173000.000  0.000  0.000  -10822000.000
  30564000  10649000.000  148000.000  0.000  0.000  -10797000.000
  30567600  10649000.000  105000.000  0.000  0.000  -10754000.000
  30571200  10649000.000  0.000  6000.000  -0.000  -10643000.000
  30574800  10649000.000  0.000  674000.000  0.000  -9975000.000
  30578400  10649000.000  0.000  1473000.000  0.000  -9176000.000
  30582000  10649000.000  0.000  1117000.000  0.000  -9532000.000
  30585600  10649000.000  0.000  1700000.000  0.000  -8949000.000
  30589200  10649000.000  0.000  2123000.000  0.000  -8526000.000
  30592800  10649000.000  0.000  2160000.000  0.000  -8489000.000
  30596400  10649000.000  0.000  2132000.000  0.000  -8517000.000
  30600000  10649000.000  0.000  1725000.000  0.000  -8924000.000
  30603600  10649000.000  0.000  898000.000  0.000  -9751000.000
  30607200  10649000.000  0.000  0.000  123000.000  -10772000.000
  30610800  10649000.000  0.000  0.000  430000.000  -11079000.000
  30614400  10649000.000  0.000  0.000  405000.000  -11054000.000
  30618000  10649000.000  0.000  0.000  408000.000  -11057000.000
  30621600  10649000.000  0.000  0.000  351000.000  -11000000.000
  30625200  10649000.000  0.000  0.000  322000.000  -10971000.000
  30628800  10649000.000  0.000  419000.000  0.000  -10230000.000
  30632400  10649000.000  0.000  315000.000  0.000  -10334000.000
  30636000  10649000.000  0.000  0.000  391000.000  -11040000.000
  30639600  10649000.000  0.000  0.000  234000.000  -10883000.000
  30643200  10649000.000  0.000  0.000  336000.000  -10985000.000
  30646800  10649000.000  0.000  0.000  285000.000  -10934000.000
  30650400  10649000.000  0.000  0.000  270000.000  -10919000.000
  30654000  10649000.000  0.000  0.000  232000.000  -10881000.000
  30657600  10649000.000  0.000  0.000  191000.000  -10840000.000
  30661200  10649000.000  0.000  353000.000  0.000  -10296000.000
  30664800  10649000.000  0.000  875000.000  0.000  -9774000.000
  30668400  10649000.000  0.000  848000.000  0.000  -9801000.000
  30672000  10649000.000  0.000  1521000.000  0.000  -9128000.000
  30675600  10649000.000  0.000  1895000.000  0.000  -8754000.000
  30679200  10649000.000  0.000  990000.000  0.000  -9659000.000
  30682800  10649000.000  0.000  268000.000  0.000  -10381000.000
  30686400  10649000.000  0.000  655000.000  0.000  -9994000.000
  30690000  10649000.000  0.000  359000.000  0.000  -10290000.000
  30693600  10649000.000  0.000  0.000  772000.000  -11421000.000
  30697200  10649000.000  0.000  0.000  1762000.000  -12411000.000
  30700800  10649000.000  0.000  0.000  1734000.000  -12383000.000
  30704400  10649000.000  0.000  0.000  1725000.000  -12374000.000
  30708000  10649000.000  0.000  0.000  1301000.000  -11950000.000
  30711600  10649000.000  0.000  0.000  260000.000  -10909000.000
  30715200  10649000.000  0.000  0.000  282000.000  -10931000.000
  30718800  10649000.000  0.000  0.000  249000.000  -10898000.000
  30722400  10649000.000  0.000  0.000  1440000.000  -12089000.000
  30726000  10649000.000  0.000  0.000  1410000.000  -12059000.000
  30729600  10649000.000  0.000  0.000  1488000.000  -12137000.000
  30733200  10649000.000  0.000  0.000  935000.000  -11584000.000
  30736800  10649000.000  0.000  0.000  219000.000  -10868000.000
  30740400  10649000.000  0.000  0.000  411000.000  -11060000.000
  30744000  10649000.000  0.000  0.000  1566000.000  -12215000.000
  30747600  10649000.000  0.000  0.000  509000.000  -11158000.000
  30751200  10649000.000  0.000  761000.000  0.000  -9888000.000
  30754800  10649000.000  0.000  986000.000  0.000  -9663000.000
  30758400  10649000.000  0.000  989000.000  0.000  -9660000.000
  30762000  10649000.000  0.000  940000.000  0.000  -9709000.000
  30765600  10649000.000  0.000  947000.000  0.000  -9702000.000
  30769200  10649000.000  0.000  937000.000  0.000  -9712000.000
  30772800  10649000.000  0.000  896000.000  0.000  -9753000.000
  30776400  10649000.000  0.000  0.000  232000.000  -10881000.000
  30780000  10649000.000  0.000  0.000  1389000.000  -12038000.000
  30783600  10649000.000  0.000  0.000  411000.000  -11060000.000
  30787200  10649000.000  0.000  0.000  382000.000  -11031000.000
  30790800  10649000.000  0.000  0.000  425000.000  -11074000.000
  30794400  10649000.000  0.000  0.000  666000.000  -11315000.000
  30798000  10649000.000  0.000  0.000  1565000.000  -12214000.000
  30801600  10649000.000  0.000  0.000  1591000.000  -12240000.000
  30805200  10649000.000  0.000  0.000  1116000.000  -11765000.000
  30808800  10649000.000  0.000  0.000  158000.000  -10807000.000
  30812400  10649000.000  114210.880  0.000  382789.120  -11146000.000
  30816000  10649000.000  638000.000  0.000  0.000  -11287000.000
  30819600  10649000.000  752000.000  0.000  0.000  -11401000.000
  30823200  10649000.000  1492000.000  0.000  0.000  -12141000.000
  30826800  10649000.000  1434000.000  0.000  0.000  -12083000.000
  30830400  10649000.000  925000.000  0.000  0.000  -11574000.000
  30834000  10649000.000  0.000  37000.000  0.000  -10612000.000
  30837600  10649000.000  0.000  1286000.000  0.000  -9363000.000
  30841200  10649000.000  0.000  1720000.000  0.000  -8929000.000
  30844800  10649000.000  0.000  2451000.000  0.000  -8198000.000
  30848400  10649000.000  0.000  2651000.000  0.000  -7998000.000
  30852000  10649000.000  0.000  2106000.000  0.000  -8543000.000
  30855600  10649000.000  0.000  802000.000  0.000  -9847000.000
  30859200  10649000.000  0.000  559000.000  0.000  -10090000.000
  30862800  10649000.000  0.000  517000.000  0.000  -10132000.000
  30866400  10649000.000  0.000  0.000  100000.000  -10749000.000
  30870000  10649000.000  0.000  0.000  548000.000  -11197000.000
  30873600  10649000.000  0.000  0.000  582000.000  -11231000.000
  30877200  10649000.000  0.000  0.000  842000.000  -11491000.000
  30880800  10649000.000  0.000  0.000  1801000.000  -12450000.000
  30884400  10649000.000  0.000  0.000  1582000.000  -12231000.000
  30888000  10649000.000  0.000  0.000  1293000.000  -11942000.000
  30891600  10649000.000  0.000  0.000  1247000.000  -11896000.000
  30895200  10649000.000  0.000  0.000  542000.000  -11191000.000
  30898800  10649000.000  0.000  0.000  376000.000  -11025000.000
  30902400  10649000.000  0.000  0.000  442000.000  -11091000.000
  30906000  10649000.000  0.000  0.000  436000.000  -11085000.000
  30909600  10649000.000  0.000  0.000  433000.000  -11082000.000
  30913200  10649000.000  0.000  0.000  432000.000  -11081000.000
  30916800  10649000.000  0.000  577000.000  0.000  -10072000.000
  30920400  10649000.000  0.000  868000.000  0.000  -9781000.000
  30924000  10649000.000  0.000  1580000.000  0.000  -9069000.000
  30927600  10649000.000  0.000  1371000.000  0.000  -9278000.000
  30931200  10649000.000  0.000  1386000.000  0.000  -9263000.000
  30934800  10649000.000  0.000  1333000.000  0.000  -9316000.000
  30938400  10649000.000  0.000  1336000.000  0.000  -9313000.000
  30942000  10649000.000  0.000  1060000.000  0.000  -9589000.000
  30945600  10649000.000  0.000  551000.000  0.000  -10098000.000
  30949200  10649000.000  0.000  557000.000  0.000  -10092000.000
  30952800  10649000.000  0.000  0.000  276000.000  -10925000.000
  30956400  10649000.000  0.000  0.000  1509000.000  -12158000.000
  30960000  10649000.000  0.000  0.000  611000.000  -11260000.000
  30963600  10649000.000  0.000  0.000  510000.000  -11159000.000
  30967200  10649000.000  0.000  0.000  403000.000  -11052000.000
  30970800  10649000.000  0.000  0.000  1646000.000  -12295000.000
  30974400  10649000.000  0.000  0.000  1713000.000  -12362000.000
  30978000  10649000.000  0.000  0.000  1414000.000  -12063000.000
  30981600  10649000.000  0.000  0.000  117000.000  -10766000.000
  30985200  10649000.000  0.000  0.000  13000.000  -10662000.000
  30988800  10649000.000  0.000  0.000  1116000.000  -11765000.000
  30992400  10649000.000  0.000  0.000  1317000.000  -11966000.000
  30996000  10649000.000  169705.430  0.000  1152294.600  -11971000.000
  30999600  10649000.000  853000.000  0.000  0.000  -11502000.000
  31003200  10649000.000  0.000  122000.000  0.000  -10527000.000
  31006800  10649000.000  0.000  540000.000  0.000  -10109000.000
  31010400  10649000.000  0.000  1339000.000  0.000  -9310000.000
  31014000  10649000.000  0.000  1366000.000  0.000  -9283000.000
  31017600  10649000.000  0.000  1420000.000  0.000  -9229000.000
  31021200  10649000.000  0.000  1344000.000  0.000  -9305000.000
  31024800  10649000.000  0.000  1410000.000  0.000  -9239000.000
  31028400  10649000.000  0.000  863000.000  0.000  -9786000.000
  31032000  10649000.000  0.000  8000.000  -0.000  -10641000.000
  31035600  10649000.000  0.000  0.000  412000.000  -11061000.000
  31039200  10649000.000  0.000  0.000  1122000.000  -11771000.000
  31042800  10649000.000  0.000  0.000  1649000.000  -12298000.000
  31046400  10649000.000  0.000  0.000  1634000.000  -12283000.000
  31050000  10649000.000  0.000  0.000  2051000.000  -12700000.000
  31053600  10649000.000  157304.800  0.000  1477695.200  -12284000.000
  31057200  10649000.000  1693000.000  0.000  0.000  -12342000.000
  31060800  10649000.000  1655000.000  0.000  0.000  -12304000.000
  31064400  10649000.000  321000.000  0.000  0.000  -10970000.000
  31068000  10649000.000  0.000  95000.000  0.000  -10554000.000
  31071600  10649000.000  300095.000  0.000  94905.000  -11044000.000
  31075200  10649000.000  635000.000  0.000  0.000  -11284000.000
  31078800  10649000.000  1705000.000  0.000  0.000  -12354000.000
  31082400  10649000.000  1742000.000  0.000  0.000  -12391000.000
  31086000  10649000.000  1438000.000  0.000  0.000  -12087000.000
  31089600  10649000.000  918000.000  0.000  0.000  -11567000.000
  31093200  10649000.000  455000.000  0.000  0.000  -11104000.000
  31096800  10649000.000  0.000  462000.000  0.000  -10187000.000
  31100400  10649000.000  0.000  793000.000  0.000  -9856000.000
  31104000  10649000.000  0.000  275000.000  0.000  -10374000.000
  31107600  10649000.000  0.000  0.000  81000.000  -10730000.000
  31111200  10649000.000  402690.580  0.000  1444309.400  -12496000.000
  31114800  10649000.000  1789000.000  0.000  0.000  -12438000.000
  31118400  10649000.000  1920000.000  0.000  0.000  -12569000.000
  31122000  10649000.000  1994000.000  0.000  0.000  -12643000.000
  31125600  10649000.000  1993000.000  0.000  0.000  -12642000.000
  31129200  10649000.000  1971000.000  0.000  0.000  -12620000.000
  31132800  10649000.000  1990000.000  0.000  0.000  -12639000.000
  31136400  10649000.000  1968000.000  0.000  0.000  -12617000.000
  31140000  10649000.000  2287000.000  0.000  0.000  -12936000.000
  31143600  10649000.000  3182000.000  0.000  0.000  -13831000.000
  31147200  10649000.000  3311000.000  0.000  0.000  -13960000.000
  31150800  10649000.000  2966000.000  0.000  0.000  -13615000.000
  31154400  10649000.000  2850000.000  0.000  0.000  -13499000.000
  31158000  10649000.000  2711000.000  0.000  0.000  -13360000.000
  31161600  10649000.000  2733000.000  0.000  0.000  -13382000.000
  31165200  10649000.000  2723000.000  0.000  0.000  -13372000.000
  31168800  10649000.000  2710000.000  0.000  0.000  -13359000.000
  31172400  10649000.000  2633000.000  0.000  0.000  -13282000.000
  31176000  10649000.000  1874000.000  0.000  0.000  -12523000.000
  31179600  10649000.000  1665000.000  0.000  0.000  -12314000.000
  31183200  10649000.000  500000.000  0.000  0.000  -11149000.000
  31186800  10649000.000  355000.000  0.000  0.000  -11004000.000
  31190400  10649000.000  344000.000  0.000  0.000  -10993000.000
  31194000  10649000.000  326000.000  0.000  0.000  -10975000.000
  31197600  10649000.000  467000.000  0.000  0.000  -11116000.000
  31201200  10649000.000  1717000.000  0.000  0.000  -12366000.000
  31204800  10649000.000  2462000.000  0.000  0.000  -13111000.000
  31208400  10649000.000  2761777.200  64777.162  0.000  -13346000.000
  31212000  10649000.000  4419387.300  1440387.300  0.000  -13628000.000
  31215600  10649000.000  4419387.300  489387.340  0.000  -14579000.000
  31219200  10649000.000  4419387.300  0.000  840612.660  -15909000.000
  31222800  10649000.000  4419387.300  0.000  1148612.700  -16217000.000
  31226400  10649000.000  4419387.300  -0.000  612.663  -15069000.000
  31230000  10649000.000  3028000.000  0.000  0.000  -13677000.000
  31233600  10649000.000  1933000.000  0.000  0.000  -12582000.000
  31237200  10649000.000  2941000.000  0.000  0.000  -13590000.000
  31240800  10649000.000  4264657.200  610657.170  0.000  -14303000.000
  31244400  10649000.000  4419387.300  518387.340  0.000  -14550000.000
  31248000  10649000.000  4419387.300  381387.340  0.000  -14687000.000
  31251600  10649000.000  4419387.300  0.000  51612.663  -15120000.000
  31255200  10649000.000  4419387.300  0.000  563612.660  -15632000.000
  31258800  10649000.000  4419387.300  0.000  889612.660  -15958000.000
  31262400  10649000.000  4065000.000  0.000  0.000  -14714000.000
  31266000  10649000.000  3196000.000  0.000  0.000  -13845000.000
  31269600  10649000.000  1579000.000  0.000  0.000  -12228000.000
  31273200  10649000.000  1161969.800  47969.781  0.000  -11763000.000
  31276800  10649000.000  4419387.300  2650387.300  0.000  -12418000.000
  31280400  10649000.000  4419387.300  1773387.300  0.000  -13295000.000
  31284000  10649000.000  4419387.300  1590387.300  0.000  -13478000.000
  31287600  10649000.000  4419387.300  2677387.300  0.000  -12391000.000
  31291200  10649000.000  4419387.300  2449387.300  0.000  -12619000.000
  31294800  10649000.000  4419387.300  1735387.300  0.000  -13333000.000
  31298400  10649000.000  4419387.300  1185387.300  0.000  -13883000.000
  31302000  10649000.000  4419387.300  807387.340  0.000  -14261000.000
  31305600  10649000.000  4419387.300  573387.340  0.000  -14495000.000
  31309200  10649000.000  4419387.300  0.000  78612.663  -15147000.000
  31312800  10649000.000  4419387.300  0.000  214612.660  -15283000.000
  31316400  10649000.000  4419387.300  1864387.300  0.000  -13204000.000
  31320000  10649000.000  4419387.300  1558387.300  0.000  -13510000.000
  31323600  10649000.000  4419387.300  362387.340  0.000  -14706000.000
  31327200  10649000.000  4419387.300  414387.340  0.000  -14654000.000
  31330800  10649000.000  4419387.300  1128387.300  0.000  -13940000.000
  31334400  10649000.000  4419387.300  921387.340  0.000  -14147000.000
  31338000  10649000.000  4419387.300  890387.340  0.000  -14178000.000
  31341600  10649000.000  4419387.300  869387.340  0.000  -14199000.000
  31345200  10649000.000  4419387.300  998387.340  0.000  -14070000.000
  31348800  10649000.000  4419387.300  1755387.300  0.000  -13313000.000
  31352400  10649000.000  4419387.300  1880387.300  0.000  -13188000.000
  31356000  10649000.000  4419387.300  3225387.300  0.000  -11843000.000
  31359600  10649000.000  4419387.300  3820387.300  0.000  -11248000.000
  31363200  10649000.000  4419387.300  4768387.300  0.000  -10300000.000
  31366800  10649000.000  4419387.300  4832387.300  0.000  -10236000.000
  31370400  10649000.000  4419387.300  4789387.300  0.000  -10279000.000
  31374000  10649000.000  4419387.300  3822387.300  0.000  -11246000.000
  31377600  10649000.000  4419387.300  2511387.300  0.000  -12557000.000
  31381200  10649000.000  4419387.300  1967387.300  0.000  -13101000.000
  31384800  10649000.000  4419387.300  1881387.300  0.000  -13187000.000
  31388400  10649000.000  4419387.300  2002387.300  0.000  -13066000.000
  31392000  10649000.000  4419387.300  1514387.300  0.000  -13554000.000
  31395600  10649000.000  4419387.300  1040387.300  0.000  -14028000.000
  31399200  10649000.000  4419387.300  1169387.300  0.000  -13899000.000
  31402800  10649000.000  4419387.300  1846387.300  0.000  -13222000.000
  31406400  10649000.000  4419387.300  2103387.300  0.000  -12965000.000
  31410000  10649000.000  4419387.300  2684387.300  0.000  -12384000.000
  31413600  10649000.000  4419387.300  3775387.300  0.000  -11293000.000
  31417200  10649000.000  4419387.300  3796387.300  0.000  -11272000.000
  31420800  10649000.000  4419387.300  2828387.300  0.000  -12240000.000
  31424400  10649000.000  4419387.300  1580387.300  0.000  -13488000.000
  31428000  10649000.000  4419387.300  1376387.300  0.000  -13692000.000
  31431600  10649000.000  4419387.300  2210387.300  0.000  -12858000.000
  31435200  10649000.000  4419387.300  2755387.300  0.000  -12313000.000
  31438800  10649000.000  4419387.300  2800387.300  0.000  -12268000.000
  31442400  10649000.000  4419387.300  2838387.300  0.000  -12230000.000
  31446000  10649000.000  4419387.300  3769387.300  0.000  -11299000.000
  31449600  10649000.000  4419387.300  5531387.300  0.000  -9537000.000
  31453200  10649000.000  4419387.300  6315387.300  0.000  -8753000.000
  31456800  10649000.000  4419387.300  6298387.300  0.000  -8770000.000
  31460400  10649000.000  4419387.300  6296387.300  0.000  -8772000.000
  31464000  10649000.000  4419387.300  6412387.300  0.000  -8656000.000
  31467600  10649000.000  4419387.300  5226387.300  0.000  -9842000.000
  31471200  10649000.000  4419387.300  4511387.300  0.000  -10557000.000
  31474800  10649000.000  4419387.300  2249387.300  0.000  -12819000.000
  31478400  10649000.000  4419387.300  1440387.300  0.000  -13628000.000
  31482000  10649000.000  4419387.300  1660387.300  0.000  -13408000.000
  31485600  10649000.000  4419387.300  2116387.300  0.000  -12952000.000
  31489200  10649000.000  4419387.300  2929387.300  0.000  -12139000.000
  31492800  10649000.000  4419387.300  3852387.300  0.000  -11216000.000
  31496400  10649000.000  4419387.300  4081387.300  0.000  -10987000.000
  31500000  10649000.000  4419387.300  4098387.300  0.000  -10970000.000
  31503600  10649000.000  4419387.300  2473387.300  0.000  -12595000.000
  31507200  10649000.000  4419387.300  1323387.300  0.000  -13745000.000
  31510800  10649000.000  4419387.300  668387.340  0.000  -14400000.000
  31514400  10649000.000  4419387.300  1693387.300  0.000  -13375000.000
  31518000  10649000.000  4419387.300  2952387.300  0.000  -12116000.000
  31521600  10649000.000  4419387.300  3646387.300  0.000  -11422000.000
  31525200  10649000.000  4419387.300  3875387.300  0.000  -11193000.000
  31528800  10649000.000  4419387.300  4004387.300  0.000  -11064000.000
  31532400  10649000.000  4419387.300  4004387.300  0.000  -11064000.000
